Workbook
Name Currency: #REF!
Name CVL_Syn_Vol_PYTD: #REF!
Name PVL_Vol_Plan: #REF!
Name PVL_Syn_Vol_PYTD: #REF!
Name IL_Vol_YTD_Plan: #REF!
Name PVL_Vol_YTD_Syn: #REF!
Name OperCube: #REF!
Name CVL_Vol_CM_Plan: #REF!
Name PVL_Syn_Vol_CM: #REF!
Name CVL_Real_YTD: #REF!
Name PVL_Vol_YTD: #REF!
Name BA_BS: #REF!
Name CVL_Vol_Plan: #REF!
Name PVL_Vol_CM_Plan: #REF!
Name CVL_Vol_Plan: #REF!
Name PVL_Syn_Vol_YTD: #REF!
Name BusArea: #REF!
Name PVL_Real_YTD: #REF!
Name CVL_Real_CM: #REF!
Name IL_Real_YTD: #REF!
Name Cycle: #REF!
Name CycleYear: #REF!
Name Month: #REF!
Name IL_Syn_Plan: #REF!
Name PVL_Syn_Plan: #REF!
Name cmtPC: #REF!
Name IL_Vol_CM_Plan: #REF!
Name YTDPlan: #REF!
Name BA_AS: #REF!
Name CVL_Syn_Vol_CM: #REF!
Name mhp: #REF!
Name BA_AM: #REF!
Name PVL_Real_PYTD: #REF!
Name ㅏㅏ: #REF!
Name GM: #REF!
Name Earnings: #REF!
Name Tab: #REF!
Name PVL_Syn_Plan: #REF!
Name BA_SP: #REF!
Name CVL_Syn_Vol_CM: #REF!
Name YTDPlan: #REF!
Name cmtBS: #REF!
Name class: #REF!
Name cmtSP: #REF!
Name CmtCube: #REF!
Name IL_Real_YTD_Plan: #REF!
Name CVL_Vol_YTD_Plan: #REF!
Name CVL_Real_Plan: #REF!
Name InflCube: #REF!
Name Opex_YTD: #REF!
Name PVL_Vol_PYTD: #REF!
Name IL_Syn_Vol_YTD: #REF!
Name ActualMonth: #REF!
Name YTDPlan: #REF!
Name CoreCube: #REF!
Name PVL_Vol_CM_Syn: #REF!
Name CVL_Real_YTD_Plan: #REF!
Name Date: #REF!
Name BA_AM: #REF!
Name BA_BS: #REF!

Sheet 사업소별
B2: AUTO 판매 실적 총괄
B3: 단위 : 리터
B4: 구 분 | C4: 2023년 실적 | D4: 2024년 실적 | E4: 2025년 계획 | F4: 증감율 | G4: 누적 | L4: 1월 | Q4: 2월 | V4: 3월 | AA4: 4월 | AF4: 5월 | AK4: 6월 | AP4: 7월 | AU4: 8월 | AZ4: 9월 | BE4: 10월 | BJ4: 11월 | BO4: 12월
G5: 2024년 | H5: 목표 | I5: 2025년 | J5: 달성율 | K5: 증감율 | L5: 2024년 | M5: 목표 | N5: 2025년 | O5: 달성율 | P5: 증감율 | Q5: 2024년 | R5: 목표 | S5: 2025년 | T5: 달성율 | U5: 증감율 | V5: 2024년 | W5: 목표 | X5: 2025년 | Y5: 달성율 | Z5: 증감율 | AA5: 2024년 | AB5: 목표 | AC5: 2025년 | AD5: 달성율 | AE5: 증감율 | AF5: 2024년 | AG5: 목표 | AH5: 2025년 | AI5: 달성율 | AJ5: 증감율 | AK5: 2024년 | AL5: 목표 | AM5: 2025년 | AN5: 달성율 | AO5: 증감율 | AP5: 2024년 | AQ5: 목표 | AR5: 2025년 | AS5: 달성율 | AT5: 증감율 | AU5: 2024년 | AV5: 목표 | AW5: 2025년 | AX5: 달성율 | AY5: 증감율 | AZ5: 2024년 | BA5: 목표 | BB5: 2025년 | BC5: 달성율 | BD5: 증감율 | BE5: 2024년 | BF5: 목표 | BG5: 2025년 | BH5: 달성율 | BI5: 증감율 | BJ5: 2024년 | BK5: 목표 | BL5: 2025년 | BM5: 달성율 | BN5: 증감율 | BO5: 2024년 | BP5: 목표 | BQ5: 2025년 | BR5: 달성율 | BS5: 증감율
B6: 합 계 | C6: =SUM(C7:C12) -> 4859570 | D6: =SUM(D7:D12) -> 5083200 | E6: =SUM(E7:E12) -> 5700000 | F6: =E6/D6-1 -> 0.12134089 | G6: =SUM(G7:G12) -> 4175664 | H6: =SUM(H7:H12) -> 4645500 | I6: =SUM(I7:I12) -> 4446794 | J6: =I6/H6 -> 0.95722613 | K6: =I6/G6-1 -> 0.064930991 | L6: =SUM(L7:L12) -> 328580 | M6: =SUM(M7:M12) -> 399000 | N6: =SUM(N7:N12) -> 346892 | O6: =N6/M6 -> 0.86940351 | P6: =N6/L6-1 -> 0.05573072 | Q6: =SUM(Q7:Q12) -> 346389 | R6: =SUM(R7:R12) -> 456000 | S6: =SUM(S7:S12) -> 429032 | T6: =S6/R6 -> 0.94085965 | U6: =S6/Q6-1 -> 0.23858437 | V6: =SUM(V7:V12) -> 464840 | W6: =SUM(W7:W12) -> 513000 | X6: =SUM(X7:X12) -> 406769 | Y6: =X6/W6 -> 0.79292203 | Z6: =X6/V6-1 -> -0.12492686 | AA6: =SUM(AA7:AA12) -> 455035 | AB6: =SUM(AB7:AB12) -> 456000 | AC6: =SUM(AC7:AC12) -> 471885 | AD6: =AC6/AB6 -> 1.0348355 | AE6: =AC6/AA6-1 -> 0.037030119 | AF6: =SUM(AF7:AF12) -> 396406 | AG6: =SUM(AG7:AG12) -> 456000 | AH6: =SUM(AH7:AH12) -> 485185 | AI6: =AH6/AG6 -> 1.0640022 | AJ6: =AH6/AF6-1 -> 0.22395978 | AK6: =SUM(AK7:AK12) -> 408513 | AL6: =SUM(AL7:AL12) -> 456000 | AM6: =SUM(AM7:AM12) -> 475756 | AN6: =AM6/AL6 -> 1.0433246 | AO6: =AM6/AK6-1 -> 0.16460431 | AP6: =SUM(AP7:AP12) -> 433130 | AQ6: =SUM(AQ7:AQ12) -> 456000 | AR6: =SUM(AR7:AR12) -> 426398 | AS6: =AR6/AQ6 -> 0.93508333 | AT6: =AR6/AP6-1 -> -0.015542678 | AU6: =SUM(AU7:AU12) -> 415086 | AV6: =SUM(AV7:AV12) -> 456000 | AW6: =SUM(AW7:AW12) -> 435464 | AX6: =AW6/AV6 -> 0.95496491 | AY6: =AW6/AU6-1 -> 0.049093441 | AZ6: =SUM(AZ7:AZ12) -> 383982 | BA6: =SUM(BA7:BA12) -> 456000 | BB6: =SUM(BB7:BB12) -> 484749 | BC6: =BB6/BA6 -> 1.0630461 | BD6: =BB6/AZ6-1 -> 0.26242636 | BE6: =SUM(BE7:BE12) -> 543703 | BF6: =SUM(BF7:BF12) -> 541500 | BG6: =SUM(BG7:BG12) -> 484664 | BH6: =BG6/BF6 -> 0.8950397 | BI6: =BG6/BE6-1 -> -0.10858686 | BJ6: =SUM(BJ7:BJ12) -> 0 | BK6: =SUM(BK7:BK12) -> 0 | BL6: =SUM(BL7:BL12) -> 0 | BM6: =BL6/BK6 -> #DIV/0! | BN6: =BL6/BJ6-1 -> #DIV/0! | BO6: =SUM(BO7:BO12) -> 0 | BP6: =SUM(BP7:BP12) -> 0 | BQ6: =SUM(BQ7:BQ12) -> 0 | BR6: =BQ6/BP6 -> #DIV/0! | BS6: =BQ6/BO6-1 -> #DIV/0!
B7: 동부사업소 | C7: =+'담당자별매출'!G24+'담당자별매출'!G31+'담당자별매출'!G79 -> 951869 | D7: =+'담당자별매출'!H24+'담당자별매출'!H31+'담당자별매출'!H79 -> 917387 | E7: =+'담당자별매출'!I24+'담당자별매출'!I31+'담당자별매출'!I79 -> 1070000 | F7: =E7/D7-1 -> 0.16635618 | G7: =+L7+Q7+V7+AA7+AF7+AK7+AP7+AU7+AZ7+BE7+BJ7+BO7 -> 739103 | H7: =+M7+R7+W7+AB7+AG7+AL7+AQ7+AV7+BA7+BF7+BK7+BP7 -> 872050 | I7: =+N7+S7+X7+AC7+AH7+AM7+AR7+AW7+BB7+BG7+BL7+BQ7 -> 786730 | J7: =I7/H7 -> 0.90216157 | K7: =I7/G7-1 -> 0.064438921 | L7: =+'담당자별매출'!P24+'담당자별매출'!P31+'담당자별매출'!P79 -> 62554 | M7: =+'담당자별매출'!Q24+'담당자별매출'!Q31+'담당자별매출'!Q79 -> 74900 | N7: =+'담당자별매출'!R24+'담당자별매출'!R31+'담당자별매출'!R79 -> 64927 | O7: =N7/M7 -> 0.86684913 | P7: =N7/L7-1 -> 0.037935224 | Q7: =+'담당자별매출'!U24+'담당자별매출'!U31+'담당자별매출'!U79 -> 54515 | R7: =+'담당자별매출'!V24+'담당자별매출'!V31+'담당자별매출'!V79 -> 85600 | S7: =+'담당자별매출'!W24+'담당자별매출'!W31+'담당자별매출'!W79 -> 73844 | T7: =S7/R7 -> 0.86266355 | U7: =S7/Q7-1 -> 0.35456296 | V7: =+'담당자별매출'!Z24+'담당자별매출'!Z31+'담당자별매출'!Z79 -> 72083 | W7: =+'담당자별매출'!AA24+'담당자별매출'!AA31+'담당자별매출'!AA79 -> 96300 | X7: =+'담당자별매출'!AB24+'담당자별매출'!AB31+'담당자별매출'!AB79 -> 75223 | Y7: =X7/W7 -> 0.78113188 | Z7: =X7/V7-1 -> 0.043560895 | AA7: =+'담당자별매출'!AE24+'담당자별매출'!AE31+'담당자별매출'!AE79 -> 76678 | AB7: =+'담당자별매출'!AF24+'담당자별매출'!AF31+'담당자별매출'!AF79 -> 85600 | AC7: =+'담당자별매출'!AG24+'담당자별매출'!AG31+'담당자별매출'!AG79 -> 89588 | AD7: =AC7/AB7 -> 1.0465888 | AE7: =AC7/AA7-1 -> 0.16836642 | AF7: =+'담당자별매출'!AJ24+'담당자별매출'!AJ31+'담당자별매출'!AJ79 -> 68103 | AG7: =+'담당자별매출'!AK24+'담당자별매출'!AK31+'담당자별매출'!AK79 -> 85600 | AH7: =+'담당자별매출'!AL24+'담당자별매출'!AL31+'담당자별매출'!AL79 -> 80915 | AI7: =AH7/AG7 -> 0.94526869 | AJ7: =AH7/AF7-1 -> 0.18812681 | AK7: =+'담당자별매출'!AO24+'담당자별매출'!AO31+'담당자별매출'!AO79 -> 71175 | AL7: =+'담당자별매출'!AP24+'담당자별매출'!AP31+'담당자별매출'!AP79 -> 85600 | AM7: =+'담당자별매출'!AQ24+'담당자별매출'!AQ31+'담당자별매출'!AQ79 -> 78297 | AN7: =AM7/AL7 -> 0.91468458 | AO7: =AM7/AK7-1 -> 0.10006322 | AP7: =+'담당자별매출'!AT24+'담당자별매출'!AT31+'담당자별매출'!AT79 -> 70886 | AQ7: =+'담당자별매출'!AU24+'담당자별매출'!AU31+'담당자별매출'!AU79 -> 85600 | AR7: =+'담당자별매출'!AV24+'담당자별매출'!AV31+'담당자별매출'!AV79 -> 82215 | AS7: =AR7/AQ7 -> 0.96045561 | AT7: =AR7/AP7-1 -> 0.15981999 | AU7: =+'담당자별매출'!AY24+'담당자별매출'!AY31+'담당자별매출'!AY79 -> 82313 | AV7: =+'담당자별매출'!AZ24+'담당자별매출'!AZ31+'담당자별매출'!AZ79 -> 85600 | AW7: =+'담당자별매출'!BA24+'담당자별매출'!BA31+'담당자별매출'!BA79 -> 74105 | AX7: =AW7/AV7 -> 0.86571262 | AY7: =AW7/AU7-1 -> -0.099716934 | AZ7: =+'담당자별매출'!BD24+'담당자별매출'!BD31+'담당자별매출'!BD79 -> 75786 | BA7: =+'담당자별매출'!BE24+'담당자별매출'!BE31+'담당자별매출'!BE79 -> 85600 | BB7: =+'담당자별매출'!BF24+'담당자별매출'!BF31+'담당자별매출'!BF79 -> 81391 | BC7: =BB7/BA7 -> 0.95082944 | BD7: =BB7/AZ7-1 -> 0.073958251 | BE7: =+'담당자별매출'!BI24+'담당자별매출'!BI31+'담당자별매출'!BI79 -> 105010 | BF7: =+'담당자별매출'!BJ24+'담당자별매출'!BJ31+'담당자별매출'!BJ79 -> 101650 | BG7: =+'담당자별매출'!BK24+'담당자별매출'!BK31+'담당자별매출'!BK79 -> 86225 | BH7: =BG7/BF7 -> 0.84825381 | BI7: =BG7/BE7-1 -> -0.17888772 | BJ7: =+'담당자별매출'!BN24+'담당자별매출'!BN31+'담당자별매출'!BN79 -> 0 | BK7: =+'담당자별매출'!BO24+'담당자별매출'!BO31+'담당자별매출'!BO79 -> 0 | BL7: =+'담당자별매출'!BP24+'담당자별매출'!BP31+'담당자별매출'!BP79 -> 0 | BM7: =BL7/BK7 -> #DIV/0! | BN7: =BL7/BJ7-1 -> #DIV/0! | BO7: =+'담당자별매출'!BS24+'담당자별매출'!BS31+'담당자별매출'!BS79 -> 0 | BP7: =+'담당자별매출'!BT24+'담당자별매출'!BT31+'담당자별매출'!BT79 -> 0 | BQ7: =+'담당자별매출'!BU24+'담당자별매출'!BU31+'담당자별매출'!BU79 -> 0 | BR7: =BQ7/BP7 -> #DIV/0! | BS7: =BQ7/BO7-1 -> #DIV/0!
B8: 서부사업소 | C8: =+'담당자별매출'!G41+'담당자별매출'!G48+'담당자별매출'!G55+'담당자별매출'!G80 -> 1803807 | D8: =+'담당자별매출'!H41+'담당자별매출'!H48+'담당자별매출'!H55+'담당자별매출'!H80 -> 1975922 | E8: =+'담당자별매출'!I41+'담당자별매출'!I48+'담당자별매출'!I55+'담당자별매출'!I80 -> 2138000 | F8: =E8/D8-1 -> 0.082026517 | G8: =+L8+Q8+V8+AA8+AF8+AK8+AP8+AU8+AZ8+BE8+BJ8+BO8 -> 1635742 | H8: =+M8+R8+W8+AB8+AG8+AL8+AQ8+AV8+BA8+BF8+BK8+BP8 -> 1742470 | I8: =+N8+S8+X8+AC8+AH8+AM8+AR8+AW8+BB8+BG8+BL8+BQ8 -> 1681660 | J8: =I8/H8 -> 0.96510126 | K8: =I8/G8-1 -> 0.028071664 | L8: =+'담당자별매출'!P41+'담당자별매출'!P48+'담당자별매출'!P55+'담당자별매출'!P80 -> 140523 | M8: =+'담당자별매출'!Q41+'담당자별매출'!Q48+'담당자별매출'!Q55+'담당자별매출'!Q80 -> 149660 | N8: =+'담당자별매출'!R41+'담당자별매출'!R48+'담당자별매출'!R55+'담당자별매출'!R80 -> 145603 | O8: =N8/M8 -> 0.97289189 | P8: =N8/L8-1 -> 0.036150666 | Q8: =+'담당자별매출'!U41+'담당자별매출'!U48+'담당자별매출'!U55+'담당자별매출'!U80 -> 125586 | R8: =+'담당자별매출'!V41+'담당자별매출'!V48+'담당자별매출'!V55+'담당자별매출'!V80 -> 171040 | S8: =+'담당자별매출'!W41+'담당자별매출'!W48+'담당자별매출'!W55+'담당자별매출'!W80 -> 162350 | T8: =S8/R8 -> 0.94919317 | U8: =S8/Q8-1 -> 0.29273964 | V8: =+'담당자별매출'!Z41+'담당자별매출'!Z48+'담당자별매출'!Z55+'담당자별매출'!Z80 -> 216352 | W8: =+'담당자별매출'!AA41+'담당자별매출'!AA48+'담당자별매출'!AA55+'담당자별매출'!AA80 -> 192420 | X8: =+'담당자별매출'!AB41+'담당자별매출'!AB48+'담당자별매출'!AB55+'담당자별매출'!AB80 -> 156055 | Y8: =X8/W8 -> 0.81101237 | Z8: =X8/V8-1 -> -0.2786986 | AA8: =+'담당자별매출'!AE41+'담당자별매출'!AE48+'담당자별매출'!AE55+'담당자별매출'!AE80 -> 170586 | AB8: =+'담당자별매출'!AF41+'담당자별매출'!AF48+'담당자별매출'!AF55+'담당자별매출'!AF80 -> 171040 | AC8: =+'담당자별매출'!AG41+'담당자별매출'!AG48+'담당자별매출'!AG55+'담당자별매출'!AG80 -> 177729 | AD8: =AC8/AB8 -> 1.0391078 | AE8: =AC8/AA8-1 -> 0.041873307 | AF8: =+'담당자별매출'!AJ41+'담당자별매출'!AJ48+'담당자별매출'!AJ55+'담당자별매출'!AJ80 -> 150023 | AG8: =+'담당자별매출'!AK41+'담당자별매출'!AK48+'담당자별매출'!AK55+'담당자별매출'!AK80 -> 171040 | AH8: =+'담당자별매출'!AL41+'담당자별매출'!AL48+'담당자별매출'!AL55+'담당자별매출'!AL80 -> 188749 | AI8: =AH8/AG8 -> 1.1035372 | AJ8: =AH8/AF8-1 -> 0.25813375 | AK8: =+'담당자별매출'!AO41+'담당자별매출'!AO48+'담당자별매출'!AO55+'담당자별매출'!AO80 -> 172741 | AL8: =+'담당자별매출'!AP41+'담당자별매출'!AP48+'담당자별매출'!AP55+'담당자별매출'!AP80 -> 171040 | AM8: =+'담당자별매출'!AQ41+'담당자별매출'!AQ48+'담당자별매출'!AQ55+'담당자별매출'!AQ80 -> 183872 | AN8: =AM8/AL8 -> 1.0750234 | AO8: =AM8/AK8-1 -> 0.06443751 | AP8: =+'담당자별매출'!AT41+'담당자별매출'!AT48+'담당자별매출'!AT55+'담당자별매출'!AT80 -> 164075 | AQ8: =+'담당자별매출'!AU41+'담당자별매출'!AU48+'담당자별매출'!AU55+'담당자별매출'!AU80 -> 171040 | AR8: =+'담당자별매출'!AV41+'담당자별매출'!AV48+'담당자별매출'!AV55+'담당자별매출'!AV80 -> 154301 | AS8: =AR8/AQ8 -> 0.902134 | AT8: =AR8/AP8-1 -> -0.059570318 | AU8: =+'담당자별매출'!AY41+'담당자별매출'!AY48+'담당자별매출'!AY55+'담당자별매출'!AY80 -> 156403 | AV8: =+'담당자별매출'!AZ41+'담당자별매출'!AZ48+'담당자별매출'!AZ55+'담당자별매출'!AZ80 -> 171040 | AW8: =+'담당자별매출'!BA41+'담당자별매출'!BA48+'담당자별매출'!BA55+'담당자별매출'!BA80 -> 162934 | AX8: =AW8/AV8 -> 0.95260758 | AY8: =AW8/AU8-1 -> 0.041757511 | AZ8: =+'담당자별매출'!BD41+'담당자별매출'!BD48+'담당자별매출'!BD55+'담당자별매출'!BD80 -> 145011 | BA8: =+'담당자별매출'!BE41+'담당자별매출'!BE48+'담당자별매출'!BE55+'담당자별매출'!BE80 -> 171040 | BB8: =+'담당자별매출'!BF41+'담당자별매출'!BF48+'담당자별매출'!BF55+'담당자별매출'!BF80 -> 182450 | BC8: =BB8/BA8 -> 1.0667095 | BD8: =BB8/AZ8-1 -> 0.25818041 | BE8: =+'담당자별매출'!BI41+'담당자별매출'!BI48+'담당자별매출'!BI55+'담당자별매출'!BI80 -> 194442 | BF8: =+'담당자별매출'!BJ41+'담당자별매출'!BJ48+'담당자별매출'!BJ55+'담당자별매출'!BJ80 -> 203110 | BG8: =+'담당자별매출'!BK41+'담당자별매출'!BK48+'담당자별매출'!BK55+'담당자별매출'!BK80 -> 167617 | BH8: =BG8/BF8 -> 0.82525233 | BI8: =BG8/BE8-1 -> -0.13795888 | BJ8: =+'담당자별매출'!BN41+'담당자별매출'!BN48+'담당자별매출'!BN55+'담당자별매출'!BN80 -> 0 | BK8: =+'담당자별매출'!BO41+'담당자별매출'!BO48+'담당자별매출'!BO55+'담당자별매출'!BO80 -> 0 | BL8: =+'담당자별매출'!BP41+'담당자별매출'!BP48+'담당자별매출'!BP55+'담당자별매출'!BP80 -> 0 | BM8: =BL8/BK8 -> #DIV/0! | BN8: =BL8/BJ8-1 -> #DIV/0! | BO8: =+'담당자별매출'!BS41+'담당자별매출'!BS48+'담당자별매출'!BS55+'담당자별매출'!BS80 -> 0 | BP8: =+'담당자별매출'!BT41+'담당자별매출'!BT48+'담당자별매출'!BT55+'담당자별매출'!BT80 -> 0 | BQ8: =+'담당자별매출'!BU41+'담당자별매출'!BU48+'담당자별매출'!BU55+'담당자별매출'!BU80 -> 0 | BR8: =BQ8/BP8 -> #DIV/0! | BS8: =BQ8/BO8-1 -> #DIV/0!
B9: 중부사업소 | C9: =+'담당자별매출'!G62+'담당자별매출'!G81 -> 580796 | D9: =+'담당자별매출'!H62+'담당자별매출'!H81 -> 659230 | E9: =+'담당자별매출'!I62+'담당자별매출'!I81 -> 742000 | F9: =E9/D9-1 -> 0.12555557 | G9: =+L9+Q9+V9+AA9+AF9+AK9+AP9+AU9+AZ9+BE9+BJ9+BO9 -> 548831 | H9: =+M9+R9+W9+AB9+AG9+AL9+AQ9+AV9+BA9+BF9+BK9+BP9 -> 604730 | I9: =+N9+S9+X9+AC9+AH9+AM9+AR9+AW9+BB9+BG9+BL9+BQ9 -> 589260 | J9: =I9/H9 -> 0.97441834 | K9: =I9/G9-1 -> 0.073663842 | L9: =+'담당자별매출'!P62+'담당자별매출'!P81 -> 44504 | M9: =+'담당자별매출'!Q62+'담당자별매출'!Q81 -> 51940 | N9: =+'담당자별매출'!R62+'담당자별매출'!R81 -> 37972 | O9: =N9/M9 -> 0.73107432 | P9: =N9/L9-1 -> -0.14677332 | Q9: =+'담당자별매출'!U62+'담당자별매출'!U81 -> 38822 | R9: =+'담당자별매출'!V62+'담당자별매출'!V81 -> 59360 | S9: =+'담당자별매출'!W62+'담당자별매출'!W81 -> 50646 | T9: =S9/R9 -> 0.85320081 | U9: =S9/Q9-1 -> 0.30456957 | V9: =+'담당자별매출'!Z62+'담당자별매출'!Z81 -> 52948 | W9: =+'담당자별매출'!AA62+'담당자별매출'!AA81 -> 66780 | X9: =+'담당자별매출'!AB62+'담당자별매출'!AB81 -> 57446 | Y9: =X9/W9 -> 0.86022761 | Z9: =X9/V9-1 -> 0.084951273 | AA9: =+'담당자별매출'!AE62+'담당자별매출'!AE81 -> 68242 | AB9: =+'담당자별매출'!AF62+'담당자별매출'!AF81 -> 59360 | AC9: =+'담당자별매출'!AG62+'담당자별매출'!AG81 -> 69236 | AD9: =AC9/AB9 -> 1.1663747 | AE9: =AC9/AA9-1 -> 0.01456581 | AF9: =+'담당자별매출'!AJ62+'담당자별매출'!AJ81 -> 48019 | AG9: =+'담당자별매출'!AK62+'담당자별매출'!AK81 -> 59360 | AH9: =+'담당자별매출'!AL62+'담당자별매출'!AL81 -> 71879 | AI9: =AH9/AG9 -> 1.2108996 | AJ9: =AH9/AF9-1 -> 0.49688665 | AK9: =+'담당자별매출'!AO62+'담당자별매출'!AO81 -> 51692 | AL9: =+'담당자별매출'!AP62+'담당자별매출'!AP81 -> 59360 | AM9: =+'담당자별매출'!AQ62+'담당자별매출'!AQ81 -> 53103 | AN9: =AM9/AL9 -> 0.89459232 | AO9: =AM9/AK9-1 -> 0.027296293 | AP9: =+'담당자별매출'!AT62+'담당자별매출'!AT81 -> 48326 | AQ9: =+'담당자별매출'!AU62+'담당자별매출'!AU81 -> 59360 | AR9: =+'담당자별매출'!AV62+'담당자별매출'!AV81 -> 55420 | AS9: =AR9/AQ9 -> 0.93362534 | AT9: =AR9/AP9-1 -> 0.14679469 | AU9: =+'담당자별매출'!AY62+'담당자별매출'!AY81 -> 56316 | AV9: =+'담당자별매출'!AZ62+'담당자별매출'!AZ81 -> 59360 | AW9: =+'담당자별매출'!BA62+'담당자별매출'!BA81 -> 49476 | AX9: =AW9/AV9 -> 0.83349057 | AY9: =AW9/AU9-1 -> -0.12145749 | AZ9: =+'담당자별매출'!BD62+'담당자별매출'!BD81 -> 55434 | BA9: =+'담당자별매출'!BE62+'담당자별매출'!BE81 -> 59360 | BB9: =+'담당자별매출'!BF62+'담당자별매출'!BF81 -> 67690 | BC9: =BB9/BA9 -> 1.1403302 | BD9: =BB9/AZ9-1 -> 0.22109175 | BE9: =+'담당자별매출'!BI62+'담당자별매출'!BI81 -> 84528 | BF9: =+'담당자별매출'!BJ62+'담당자별매출'!BJ81 -> 70490 | BG9: =+'담당자별매출'!BK62+'담당자별매출'!BK81 -> 76392 | BH9: =BG9/BF9 -> 1.0837282 | BI9: =BG9/BE9-1 -> -0.096252129 | BJ9: =+'담당자별매출'!BN62+'담당자별매출'!BN81 -> 0 | BK9: =+'담당자별매출'!BO62+'담당자별매출'!BO81 -> 0 | BL9: =+'담당자별매출'!BP62+'담당자별매출'!BP81 -> 0 | BM9: =BL9/BK9 -> #DIV/0! | BN9: =BL9/BJ9-1 -> #DIV/0! | BO9: =+'담당자별매출'!BS62+'담당자별매출'!BS81 -> 0 | BP9: =+'담당자별매출'!BT62+'담당자별매출'!BT81 -> 0 | BQ9: =+'담당자별매출'!BU62+'담당자별매출'!BU81 -> 0 | BR9: =BQ9/BP9 -> #DIV/0! | BS9: =BQ9/BO9-1 -> #DIV/0!
B10: 제주사업소 | C10: =+'담당자별매출'!G72 -> 79851 | D10: =+'담당자별매출'!H72 -> 84553 | E10: =+'담당자별매출'!I72 -> 100000 | F10: =E10/D10-1 -> 0.18269015 | G10: =+L10+Q10+V10+AA10+AF10+AK10+AP10+AU10+AZ10+BE10+BJ10+BO10 -> 68997 | H10: =+M10+R10+W10+AB10+AG10+AL10+AQ10+AV10+BA10+BF10+BK10+BP10 -> 81500 | I10: =+N10+S10+X10+AC10+AH10+AM10+AR10+AW10+BB10+BG10+BL10+BQ10 -> 79721 | J10: =I10/H10 -> 0.97817178 | K10: =I10/G10-1 -> 0.15542705 | L10: =+'담당자별매출'!P72 -> 6046 | M10: =+'담당자별매출'!Q72 -> 7000 | N10: =+'담당자별매출'!R72 -> 7984 | O10: =N10/M10 -> 1.1405714 | P10: =N10/L10-1 -> 0.32054251 | Q10: =+'담당자별매출'!U72 -> 6432 | R10: =+'담당자별매출'!V72 -> 8000 | S10: =+'담당자별매출'!W72 -> 8036 | T10: =S10/R10 -> 1.0045 | U10: =S10/Q10-1 -> 0.24937811 | V10: =+'담당자별매출'!Z72 -> 6184 | W10: =+'담당자별매출'!AA72 -> 9000 | X10: =+'담당자별매출'!AB72 -> 9066 | Y10: =X10/W10 -> 1.0073333 | Z10: =X10/V10-1 -> 0.4660414 | AA10: =+'담당자별매출'!AE72 -> 6456 | AB10: =+'담당자별매출'!AF72 -> 8000 | AC10: =+'담당자별매출'!AG72 -> 9488 | AD10: =AC10/AB10 -> 1.186 | AE10: =AC10/AA10-1 -> 0.46964064 | AF10: =+'담당자별매출'!AJ72 -> 6824 | AG10: =+'담당자별매출'!AK72 -> 8000 | AH10: =+'담당자별매출'!AL72 -> 6766 | AI10: =AH10/AG10 -> 0.84575 | AJ10: =AH10/AF10-1 -> -0.0084994138 | AK10: =+'담당자별매출'!AO72 -> 6668 | AL10: =+'담당자별매출'!AP72 -> 8000 | AM10: =+'담당자별매출'!AQ72 -> 7530 | AN10: =AM10/AL10 -> 0.94125 | AO10: =AM10/AK10-1 -> 0.12927415 | AP10: =+'담당자별매출'!AT72 -> 8026 | AQ10: =+'담당자별매출'!AU72 -> 8000 | AR10: =+'담당자별매출'!AV72 -> 7240 | AS10: =AR10/AQ10 -> 0.905 | AT10: =AR10/AP10-1 -> -0.097931722 | AU10: =+'담당자별매출'!AY72 -> 5699 | AV10: =+'담당자별매출'!AZ72 -> 8000 | AW10: =+'담당자별매출'!BA72 -> 7493 | AX10: =AW10/AV10 -> 0.936625 | AY10: =AW10/AU10-1 -> 0.31479207 | AZ10: =+'담당자별매출'!BD72 -> 6446 | BA10: =+'담당자별매출'!BE72 -> 8000 | BB10: =+'담당자별매출'!BF72 -> 7118 | BC10: =BB10/BA10 -> 0.88975 | BD10: =BB10/AZ10-1 -> 0.1042507 | BE10: =+'담당자별매출'!BI72 -> 10216 | BF10: =+'담당자별매출'!BJ72 -> 9500 | BG10: =+'담당자별매출'!BK72 -> 9000 | BH10: =BG10/BF10 -> 0.94736842 | BI10: =BG10/BE10-1 -> -0.11902897 | BJ10: =+'담당자별매출'!BN72 | BK10: =+'담당자별매출'!BO72 | BL10: =+'담당자별매출'!BP72 | BM10: =BL10/BK10 -> #DIV/0! | BN10: =BL10/BJ10-1 -> #DIV/0! | BO10: =+'담당자별매출'!BS72 | BP10: =+'담당자별매출'!BT72 | BQ10: =+'담당자별매출'!BU72 | BR10: =BQ10/BP10 -> #DIV/0! | BS10: =BQ10/BO10-1 -> #DIV/0!
B11: 남부지사 | C11: =+'담당자별매출'!G10 -> 610171 | D11: =+'담당자별매출'!H10 -> 557613 | E11: =+'담당자별매출'!I10 -> 650000 | F11: =E11/D11-1 -> 0.16568301 | G11: =+L11+Q11+V11+AA11+AF11+AK11+AP11+AU11+AZ11+BE11+BJ11+BO11 -> 450121 | H11: =+M11+R11+W11+AB11+AG11+AL11+AQ11+AV11+BA11+BF11+BK11+BP11 -> 529750 | I11: =+N11+S11+X11+AC11+AH11+AM11+AR11+AW11+BB11+BG11+BL11+BQ11 -> 479396 | J11: =I11/H11 -> 0.90494762 | K11: =I11/G11-1 -> 0.065038068 | L11: =+'담당자별매출'!P10 -> 21880 | M11: =+'담당자별매출'!Q10 -> 45500 | N11: =+'담당자별매출'!R10 -> 35432 | O11: =N11/M11 -> 0.77872527 | P11: =N11/L11-1 -> 0.61937843 | Q11: =+'담당자별매출'!U10 -> 44547 | R11: =+'담당자별매출'!V10 -> 52000 | S11: =+'담당자별매출'!W10 -> 47352 | T11: =S11/R11 -> 0.91061538 | U11: =S11/Q11-1 -> 0.062967203 | V11: =+'담당자별매출'!Z10 -> 46817 | W11: =+'담당자별매출'!AA10 -> 58500 | X11: =+'담당자별매출'!AB10 -> 50988 | Y11: =X11/W11 -> 0.87158974 | Z11: =X11/V11-1 -> 0.089091569 | AA11: =+'담당자별매출'!AE10 -> 52212 | AB11: =+'담당자별매출'!AF10 -> 52000 | AC11: =+'담당자별매출'!AG10 -> 51164 | AD11: =AC11/AB11 -> 0.98392308 | AE11: =AC11/AA11-1 -> -0.020072014 | AF11: =+'담당자별매출'!AJ10 -> 45220 | AG11: =+'담당자별매출'!AK10 -> 52000 | AH11: =+'담당자별매출'!AL10 -> 45652 | AI11: =AH11/AG11 -> 0.87792308 | AJ11: =AH11/AF11-1 -> 0.009553295 | AK11: =+'담당자별매출'!AO10 -> 40278 | AL11: =+'담당자별매출'!AP10 -> 52000 | AM11: =+'담당자별매출'!AQ10 -> 61776 | AN11: =AM11/AL11 -> 1.188 | AO11: =AM11/AK11-1 -> 0.5337405 | AP11: =+'담당자별매출'!AT10 -> 60084 | AQ11: =+'담당자별매출'!AU10 -> 52000 | AR11: =+'담당자별매출'!AV10 -> 47720 | AS11: =AR11/AQ11 -> 0.91769231 | AT11: =AR11/AP11-1 -> -0.20577858 | AU11: =+'담당자별매출'!AY10 -> 34006 | AV11: =+'담당자별매출'!AZ10 -> 52000 | AW11: =+'담당자별매출'!BA10 -> 42798 | AX11: =AW11/AV11 -> 0.82303846 | AY11: =AW11/AU11-1 -> 0.25854261 | AZ11: =+'담당자별매출'!BD10 -> 40544 | BA11: =+'담당자별매출'!BE10 -> 52000 | BB11: =+'담당자별매출'!BF10 -> 51776 | BC11: =BB11/BA11 -> 0.99569231 | BD11: =BB11/AZ11-1 -> 0.27703236 | BE11: =+'담당자별매출'!BI10 -> 64533 | BF11: =+'담당자별매출'!BJ10 -> 61750 | BG11: =+'담당자별매출'!BK10 -> 44738 | BH11: =BG11/BF11 -> 0.72450202 | BI11: =BG11/BE11-1 -> -0.30674229 | BJ11: =+'담당자별매출'!BN10 | BK11: =+'담당자별매출'!BO10 | BL11: =+'담당자별매출'!BP10 | BM11: =BL11/BK11 -> #DIV/0! | BN11: =BL11/BJ11-1 -> #DIV/0! | BO11: =+'담당자별매출'!BS10 | BP11: =+'담당자별매출'!BT10 | BQ11: =+'담당자별매출'!BU10 | BR11: =BQ11/BP11 -> #DIV/0! | BS11: =BQ11/BO11-1 -> #DIV/0!
B12: B2B본부 | C12: =+'담당자별매출'!G11 -> 833076 | D12: =+'담당자별매출'!H11 -> 888495 | E12: =+'담당자별매출'!I11 -> 1000000 | F12: =E12/D12-1 -> 0.12549874 | G12: =+L12+Q12+V12+AA12+AF12+AK12+AP12+AU12+AZ12+BE12+BJ12+BO12 -> 732870 | H12: =+M12+R12+W12+AB12+AG12+AL12+AQ12+AV12+BA12+BF12+BK12+BP12 -> 815000 | I12: =+N12+S12+X12+AC12+AH12+AM12+AR12+AW12+BB12+BG12+BL12+BQ12 -> 830027 | J12: =I12/H12 -> 1.018438 | K12: =I12/G12-1 -> 0.13257058 | L12: =+'담당자별매출'!P11 -> 53073 | M12: =+'담당자별매출'!Q11 -> 70000 | N12: =+'담당자별매출'!R11 -> 54974 | O12: =N12/M12 -> 0.78534286 | P12: =N12/L12-1 -> 0.035818589 | Q12: =+'담당자별매출'!U11 -> 76487 | R12: =+'담당자별매출'!V11 -> 80000 | S12: =+'담당자별매출'!W11 -> 86804 | T12: =S12/R12 -> 1.08505 | U12: =S12/Q12-1 -> 0.13488567 | V12: =+'담당자별매출'!Z11 -> 70456 | W12: =+'담당자별매출'!AA11 -> 90000 | X12: =+'담당자별매출'!AB11 -> 57991 | Y12: =X12/W12 -> 0.64434444 | Z12: =X12/V12-1 -> -0.17691893 | AA12: =+'담당자별매출'!AE11 -> 80861 | AB12: =+'담당자별매출'!AF11 -> 80000 | AC12: =+'담당자별매출'!AG11 -> 74680 | AD12: =AC12/AB12 -> 0.9335 | AE12: =AC12/AA12-1 -> -0.076439816 | AF12: =+'담당자별매출'!AJ11 -> 78217 | AG12: =+'담당자별매출'!AK11 -> 80000 | AH12: =+'담당자별매출'!AL11 -> 91224 | AI12: =AH12/AG12 -> 1.1403 | AJ12: =AH12/AF12-1 -> 0.16629377 | AK12: =+'담당자별매출'!AO11 -> 65959 | AL12: =+'담당자별매출'!AP11 -> 80000 | AM12: =+'담당자별매출'!AQ11 -> 91178 | AN12: =AM12/AL12 -> 1.139725 | AO12: =AM12/AK12-1 -> 0.38234358 | AP12: =+'담당자별매출'!AT11 -> 81733 | AQ12: =+'담당자별매출'!AU11 -> 80000 | AR12: =+'담당자별매출'!AV11 -> 79502 | AS12: =AR12/AQ12 -> 0.993775 | AT12: =AR12/AP12-1 -> -0.027296196 | AU12: =+'담당자별매출'!AY11 -> 80349 | AV12: =+'담당자별매출'!AZ11 -> 80000 | AW12: =+'담당자별매출'!BA11 -> 98658 | AX12: =AW12/AV12 -> 1.233225 | AY12: =AW12/AU12-1 -> 0.22786842 | AZ12: =+'담당자별매출'!BD11 -> 60761 | BA12: =+'담당자별매출'!BE11 -> 80000 | BB12: =+'담당자별매출'!BF11 -> 94324 | BC12: =BB12/BA12 -> 1.17905 | BD12: =BB12/AZ12-1 -> 0.55237735 | BE12: =+'담당자별매출'!BI11 -> 84974 | BF12: =+'담당자별매출'!BJ11 -> 95000 | BG12: =+'담당자별매출'!BK11 -> 100692 | BH12: =BG12/BF12 -> 1.0599158 | BI12: =BG12/BE12-1 -> 0.18497423 | BJ12: =+'담당자별매출'!BN11 | BK12: =+'담당자별매출'!BO11 | BL12: =+'담당자별매출'!BP11 | BM12: =BL12/BK12 -> #DIV/0! | BN12: =BL12/BJ12-1 -> #DIV/0! | BO12: =+'담당자별매출'!BS11 | BP12: =+'담당자별매출'!BT11 | BQ12: =+'담당자별매출'!BU11 | BR12: =BQ12/BP12 -> #DIV/0! | BS12: =BQ12/BO12-1 -> #DIV/0!
BQ16: `

Sheet 담당자별매출
E1: 사무실은 전부 딜러로 함. | J1: 개인의 기타부분은 lcc로 분류
B2: 단위 : 리터
B3: 구 분 (PVL, CVL) | E3: 전체 거래처수 | F3: 거래처수 | G3: 2023년 실적 | H3: 2024년 실적 | I3: 2025년 계획 | J3: 증감율 | K3: 누적실적 | P3: 1월 | U3: 2월 | Z3: 3월 | AE3: 4월 | AJ3: 5월 | AO3: 6월 | AT3: 7월 | AY3: 8월 | BD3: 9월 | BI3: 10월
K4: 2024년 | L4: 목표 | M4: 2025년 | N4: 달성율 | O4: 증감율 | P4: 2024년 | Q4: 목표 | R4: 2025년 | S4: 달성율 | T4: 증감율 | U4: 2024년 | V4: 목표 | W4: 2025년 | X4: 달성율 | Y4: 증감율 | Z4: 2024년 | AA4: 목표 | AB4: 2025년 | AC4: 달성율 | AD4: 증감율 | AE4: 2024년 | AF4: 목표 | AG4: 2025년 | AH4: 달성율 | AI4: 증감율 | AJ4: 2024년 | AK4: 목표 | AL4: 2025년 | AM4: 달성율 | AN4: 증감율 | AO4: 2024년 | AP4: 목표 | AQ4: 2025년 | AR4: 달성율 | AS4: 증감율 | AT4: 2024년 | AU4: 목표 | AV4: 2025년 | AW4: 달성율 | AX4: 증감율 | AY4: 2024년 | AZ4: 목표 | BA4: 2025년 | BB4: 달성율 | BC4: 증감율 | BD4: 2024년 | BE4: 목표 | BF4: 2025년 | BG4: 달성율 | BH4: 증감율 | BI4: 2024년 | BJ4: 목표 | BK4: 2025년 | BL4: 달성율 | BM4: 증감율
B5: AUTO | C5: 합계 | E5: =E6+E11 -> 1273 | F5: =F6+F11 -> 1222 | G5: =G6+G11 -> 4859570 | H5: =H6+H11 -> 5083200 | I5: =I6+I11 -> 5700000 | J5: =I5/H5-1 -> 0.12134089 | K5: =K6+K11 -> 4175664 | L5: =L6+L11 -> 4645500 | M5: =M6+M11 -> 4446794 | N5: =M5/L5 -> 0.95722613 | O5: =M5/K5-1 -> 0.064930991 | P5: =P6+P11 -> 328580 | Q5: =Q6+Q11 -> 399000 | R5: =R6+R11 -> 346892 | S5: =R5/Q5 -> 0.86940351 | T5: =R5/P5-1 -> 0.05573072 | U5: =U6+U11 -> 346389 | V5: =V6+V11 -> 456000 | W5: =W6+W11 -> 429032 | X5: =W5/V5 -> 0.94085965 | Y5: =W5/U5-1 -> 0.23858437 | Z5: =Z6+Z11 -> 464840 | AA5: =AA6+AA11 -> 513000 | AB5: =AB6+AB11 -> 406769 | AC5: =AB5/AA5 -> 0.79292203 | AD5: =AB5/Z5-1 -> -0.12492686 | AE5: =AE6+AE11 -> 455035 | AF5: =AF6+AF11 -> 456000 | AG5: =AG6+AG11 -> 471885 | AH5: =AG5/AF5 -> 1.0348355 | AI5: =AG5/AE5-1 -> 0.037030119 | AJ5: =AJ6+AJ11 -> 396406 | AK5: =AK6+AK11 -> 456000 | AL5: =AL6+AL11 -> 485185 | AM5: =AL5/AK5 -> 1.0640022 | AN5: =AL5/AJ5-1 -> 0.22395978 | AO5: =AO6+AO11 -> 408513 | AP5: =AP6+AP11 -> 456000 | AQ5: =AQ6+AQ11 -> 475756 | AR5: =AQ5/AP5 -> 1.0433246 | AS5: =AQ5/AO5-1 -> 0.16460431 | AT5: =AT6+AT11 -> 433130 | AU5: =AU6+AU11 -> 456000 | AV5: =AV6+AV11 -> 426398 | AW5: =AV5/AU5 -> 0.93508333 | AX5: =AV5/AT5-1 -> -0.015542678 | AY5: =AY6+AY11 -> 415086 | AZ5: =AZ6+AZ11 -> 456000 | BA5: =BA6+BA11 -> 435464 | BB5: =BA5/AZ5 -> 0.95496491 | BC5: =BA5/AY5-1 -> 0.049093441 | BD5: =BD6+BD11 -> 383982 | BE5: =BE6+BE11 -> 456000 | BF5: =BF6+BF11 -> 484749 | BG5: =BF5/BE5 -> 1.0630461 | BH5: =BF5/BD5-1 -> 0.26242636 | BI5: =BI6+BI11 -> 543703 | BJ5: =BJ6+BJ11 -> 541500 | BK5: =BK6+BK11 -> 484664 | BL5: =BK5/BJ5 -> 0.8950397 | BM5: =BK5/BI5-1 -> -0.10858686
C6: B2C AUTO | D6: 소계 | E6: =SUM(E7:E10) -> 1273 | F6: =SUM(F7:F10) -> 1222 | G6: =SUM(G7:G10) -> 4026494 | H6: =SUM(H7:H10) -> 4194705 | I6: =SUM(I7:I10) -> 4700000 | J6: =I6/H6-1 -> 0.1204602 | K6: =SUM(K7:K10) -> 3442794 | L6: =SUM(L7:L10) -> 3830500 | M6: =SUM(M7:M10) -> 3616767 | N6: =M6/L6 -> 0.94420232 | O6: =M6/K6-1 -> 0.050532504 | P6: =SUM(P7:P10) -> 275507 | Q6: =SUM(Q7:Q10) -> 329000 | R6: =SUM(R7:R10) -> 291918 | S6: =R6/Q6 -> 0.88728875 | T6: =R6/P6-1 -> 0.059566545 | U6: =SUM(U7:U10) -> 269902 | V6: =SUM(V7:V10) -> 376000 | W6: =SUM(W7:W10) -> 342228 | X6: =W6/V6 -> 0.91018085 | Y6: =W6/U6-1 -> 0.26797134 | Z6: =SUM(Z7:Z10) -> 394384 | AA6: =SUM(AA7:AA10) -> 423000 | AB6: =SUM(AB7:AB10) -> 348778 | AC6: =AB6/AA6 -> 0.82453428 | AD6: =AB6/Z6-1 -> -0.11563857 | AE6: =SUM(AE7:AE10) -> 374174 | AF6: =SUM(AF7:AF10) -> 376000 | AG6: =SUM(AG7:AG10) -> 397205 | AH6: =AG6/AF6 -> 1.0563963 | AI6: =AG6/AE6-1 -> 0.061551578 | AJ6: =SUM(AJ7:AJ10) -> 318189 | AK6: =SUM(AK7:AK10) -> 376000 | AL6: =SUM(AL7:AL10) -> 393961 | AM6: =AL6/AK6 -> 1.0477686 | AN6: =AL6/AJ6-1 -> 0.2381352 | AO6: =SUM(AO7:AO10) -> 342554 | AP6: =SUM(AP7:AP10) -> 376000 | AQ6: =SUM(AQ7:AQ10) -> 384578 | AR6: =AQ6/AP6 -> 1.0228138 | AS6: =AQ6/AO6-1 -> 0.12267847 | AT6: =SUM(AT7:AT10) -> 351397 | AU6: =SUM(AU7:AU10) -> 376000 | AV6: =SUM(AV7:AV10) -> 346896 | AW6: =AV6/AU6 -> 0.92259574 | AX6: =AV6/AT6-1 -> -0.012808874 | AY6: =SUM(AY7:AY10) -> 334737 | AZ6: =SUM(AZ7:AZ10) -> 376000 | BA6: =SUM(BA7:BA10) -> 336806 | BB6: =BA6/AZ6 -> 0.89576064 | BC6: =BA6/AY6-1 -> 0.0061809719 | BD6: =SUM(BD7:BD10) -> 323221 | BE6: =SUM(BE7:BE10) -> 376000 | BF6: =SUM(BF7:BF10) -> 390425 | BG6: =BF6/BE6 -> 1.0383644 | BH6: =BF6/BD6-1 -> 0.20791966 | BI6: =SUM(BI7:BI10) -> 458729 | BJ6: =SUM(BJ7:BJ10) -> 446500 | BK6: =SUM(BK7:BK10) -> 383972 | BL6: =BK6/BJ6 -> 0.85995969 | BM6: =BK6/BI6-1 -> -0.1629655
D7: Fleet | E7: =+E26+E29+E33+E36+E39+E43+E46+E50+E53+E57+E60+E64+E67+E70+E74 -> 180 | F7: =+F26+F29+F33+F36+F39+F43+F46+F50+F53+F57+F60+F64+F67+F70+F74 -> 174 | G7: =+G26+G29+G33+G36+G39+G43+G46+G50+G53+G57+G60+G64+G67+G70+G74 -> 388427 | H7: =+H26+H29+H33+H36+H39+H43+H46+H50+H53+H57+H60+H64+H67+H70+H74 -> 414329 | I7: =+I26+I29+I33+I36+I39+I43+I46+I50+I53+I57+I60+I64+I67+I70+I74 -> 457900 | J7: =I7/H7-1 -> 0.10516039 | K7: =P7+U7+Z7+AE7+AJ7+AO7+AT7+AY7+BD7+BI7+BN7+BS7 -> 344987 | L7: =Q7+V7+AA7+AF7+AK7+AP7+AU7+AZ7+BE7+BJ7+BO7+BT7 -> 373188.5 | M7: =R7+W7+AB7+AG7+AL7+AQ7+AV7+BA7+BF7+BK7+BP7+BU7 -> 350111 | N7: =M7/L7 -> 0.93816128 | O7: =M7/K7-1 -> 0.014852734 | P7: =+P26+P29+P33+P36+P39+P43+P46+P50+P53+P57+P60+P64+P67+P70+P74 -> 34738 | Q7: =+Q26+Q29+Q33+Q36+Q39+Q43+Q46+Q50+Q53+Q57+Q60+Q64+Q67+Q70+Q74 -> 32053 | R7: =+R26+R29+R33+R36+R39+R43+R46+R50+R53+R57+R60+R64+R67+R70+R74 -> 29708 | S7: =R7/Q7 -> 0.92683992 | T7: =R7/P7-1 -> -0.1447982 | U7: =+U26+U29+U33+U36+U39+U43+U46+U50+U53+U57+U60+U64+U67+U70+U74 -> 28470 | V7: =+V26+V29+V33+V36+V39+V43+V46+V50+V53+V57+V60+V64+V67+V70+V74 -> 36632 | W7: =+W26+W29+W33+W36+W39+W43+W46+W50+W53+W57+W60+W64+W67+W70+W74 -> 29631 | X7: =W7/V7 -> 0.80888294 | Y7: =W7/U7-1 -> 0.040779768 | Z7: =+Z26+Z29+Z33+Z36+Z39+Z43+Z46+Z50+Z53+Z57+Z60+Z64+Z67+Z70+Z74 -> 94196 | AA7: =+AA26+AA29+AA33+AA36+AA39+AA43+AA46+AA50+AA53+AA57+AA60+AA64+AA67+AA70+AA74 -> 41211 | AB7: =+AB26+AB29+AB33+AB36+AB39+AB43+AB46+AB50+AB53+AB57+AB60+AB64+AB67+AB70+AB74 -> 38426 | AC7: =AB7/AA7 -> 0.93242096 | AD7: =AB7/Z7-1 -> -0.59206336 | AE7: =+AE26+AE29+AE33+AE36+AE39+AE43+AE46+AE50+AE53+AE57+AE60+AE64+AE67+AE70+AE74 -> 18988 | AF7: =+AF26+AF29+AF33+AF36+AF39+AF43+AF46+AF50+AF53+AF57+AF60+AF64+AF67+AF70+AF74 -> 36632 | AG7: =+AG26+AG29+AG33+AG36+AG39+AG43+AG46+AG50+AG53+AG57+AG60+AG64+AG67+AG70+AG74 -> 38916 | AH7: =AG7/AF7 -> 1.0623499 | AI7: =AG7/AE7-1 -> 1.0495049 | AJ7: =+AJ26+AJ29+AJ33+AJ36+AJ39+AJ43+AJ46+AJ50+AJ53+AJ57+AJ60+AJ64+AJ67+AJ70+AJ74 -> 22380 | AK7: =+AK26+AK29+AK33+AK36+AK39+AK43+AK46+AK50+AK53+AK57+AK60+AK64+AK67+AK70+AK74 -> 36632 | AL7: =+AL26+AL29+AL33+AL36+AL39+AL43+AL46+AL50+AL53+AL57+AL60+AL64+AL67+AL70+AL74 -> 34800 | AM7: =AL7/AK7 -> 0.94998908 | AN7: =AL7/AJ7-1 -> 0.55495979 | AO7: =+AO26+AO29+AO33+AO36+AO39+AO43+AO46+AO50+AO53+AO57+AO60+AO64+AO67+AO70+AO74 -> 33406 | AP7: =+AP26+AP29+AP33+AP36+AP39+AP43+AP46+AP50+AP53+AP57+AP60+AP64+AP67+AP70+AP74 -> 36632 | AQ7: =+AQ26+AQ29+AQ33+AQ36+AQ39+AQ43+AQ46+AQ50+AQ53+AQ57+AQ60+AQ64+AQ67+AQ70+AQ74 -> 50672 | AR7: =AQ7/AP7 -> 1.3832715 | AS7: =AQ7/AO7-1 -> 0.51685326 | AT7: =+AT26+AT29+AT33+AT36+AT39+AT43+AT46+AT50+AT53+AT57+AT60+AT64+AT67+AT70+AT74 -> 25398 | AU7: =+AU26+AU29+AU33+AU36+AU39+AU43+AU46+AU50+AU53+AU57+AU60+AU64+AU67+AU70+AU74 -> 36632 | AV7: =+AV26+AV29+AV33+AV36+AV39+AV43+AV46+AV50+AV53+AV57+AV60+AV64+AV67+AV70+AV74 -> 31690 | AW7: =AV7/AU7 -> 0.86509063 | AX7: =AV7/AT7-1 -> 0.24773604 | AY7: =+AY26+AY29+AY33+AY36+AY39+AY43+AY46+AY50+AY53+AY57+AY60+AY64+AY67+AY70+AY74 -> 28876 | AZ7: =+AZ26+AZ29+AZ33+AZ36+AZ39+AZ43+AZ46+AZ50+AZ53+AZ57+AZ60+AZ64+AZ67+AZ70+AZ74 -> 36632 | BA7: =+BA26+BA29+BA33+BA36+BA39+BA43+BA46+BA50+BA53+BA57+BA60+BA64+BA67+BA70+BA74 -> 30574 | BB7: =BA7/AZ7 -> 0.83462546 | BC7: =BA7/AY7-1 -> 0.058803158 | BD7: =+BD26+BD29+BD33+BD36+BD39+BD43+BD46+BD50+BD53+BD57+BD60+BD64+BD67+BD70+BD74 -> 27014 | BE7: =+BE26+BE29+BE33+BE36+BE39+BE43+BE46+BE50+BE53+BE57+BE60+BE64+BE67+BE70+BE74 -> 36632 | BF7: =+BF26+BF29+BF33+BF36+BF39+BF43+BF46+BF50+BF53+BF57+BF60+BF64+BF67+BF70+BF74 -> 35304 | BG7: =BF7/BE7 -> 0.96374754 | BH7: =BF7/BD7-1 -> 0.30687792 | BI7: =+BI26+BI29+BI33+BI36+BI39+BI43+BI46+BI50+BI53+BI57+BI60+BI64+BI67+BI70+BI74 -> 31521 | BJ7: =+BJ26+BJ29+BJ33+BJ36+BJ39+BJ43+BJ46+BJ50+BJ53+BJ57+BJ60+BJ64+BJ67+BJ70+BJ74 -> 43500.5 | BK7: =+BK26+BK29+BK33+BK36+BK39+BK43+BK46+BK50+BK53+BK57+BK60+BK64+BK67+BK70+BK74 -> 30390 | BL7: =BK7/BJ7 -> 0.69861266 | BM7: =BK7/BI7-1 -> -0.035880841
D8: LCC | E8: =+E27+E30+E34+E37+E40+E44+E47+E51+E54+E58+E61+E65+E68+E71+E75 -> 1010 | F8: =+F27+F30+F34+F37+F40+F44+F47+F51+F54+F58+F61+F65+F68+F71+F75 -> 972 | G8: =+G27+G30+G34+G37+G40+G44+G47+G51+G54+G58+G61+G65+G68+G71+G75 -> 2129404 | H8: =+H27+H30+H34+H37+H40+H44+H47+H51+H54+H58+H61+H65+H68+H71+H75 -> 2338098 | I8: =+I27+I30+I34+I37+I40+I44+I47+I51+I54+I58+I61+I65+I68+I71+I75 -> 2685000 | J8: =I8/H8-1 -> 0.14836932 | K8: =P8+U8+Z8+AE8+AJ8+AO8+AT8+AY8+BD8+BI8+BN8+BS8 -> 1934208 | L8: =Q8+V8+AA8+AF8+AK8+AP8+AU8+AZ8+BE8+BJ8+BO8+BT8 -> 2188275 | M8: =R8+W8+AB8+AG8+AL8+AQ8+AV8+BA8+BF8+BK8+BP8+BU8 -> 2041493 | N8: =M8/L8 -> 0.93292342 | O8: =M8/K8-1 -> 0.055467147 | P8: =+P27+P30+P34+P37+P40+P44+P47+P51+P54+P58+P61+P65+P68+P71+P75 -> 161980 | Q8: =+Q27+Q30+Q34+Q37+Q40+Q44+Q47+Q51+Q54+Q58+Q61+Q65+Q68+Q71+Q75 -> 187950 | R8: =+R27+R30+R34+R37+R40+R44+R47+R51+R54+R58+R61+R65+R68+R71+R75 -> 153801 | S8: =R8/Q8 -> 0.81830806 | T8: =R8/P8-1 -> -0.050493888 | U8: =+U27+U30+U34+U37+U40+U44+U47+U51+U54+U58+U61+U65+U68+U71+U75 -> 147223 | V8: =+V27+V30+V34+V37+V40+V44+V47+V51+V54+V58+V61+V65+V68+V71+V75 -> 214800 | W8: =+W27+W30+W34+W37+W40+W44+W47+W51+W54+W58+W61+W65+W68+W71+W75 -> 183533 | X8: =W8/V8 -> 0.85443669 | Y8: =W8/U8-1 -> 0.24663266 | Z8: =+Z27+Z30+Z34+Z37+Z40+Z44+Z47+Z51+Z54+Z58+Z61+Z65+Z68+Z71+Z75 -> 184869 | AA8: =+AA27+AA30+AA34+AA37+AA40+AA44+AA47+AA51+AA54+AA58+AA61+AA65+AA68+AA71+AA75 -> 241650 | AB8: =+AB27+AB30+AB34+AB37+AB40+AB44+AB47+AB51+AB54+AB58+AB61+AB65+AB68+AB71+AB75 -> 196996 | AC8: =AB8/AA8 -> 0.81521208 | AD8: =AB8/Z8-1 -> 0.065597802 | AE8: =+AE27+AE30+AE34+AE37+AE40+AE44+AE47+AE51+AE54+AE58+AE61+AE65+AE68+AE71+AE75 -> 218926 | AF8: =+AF27+AF30+AF34+AF37+AF40+AF44+AF47+AF51+AF54+AF58+AF61+AF65+AF68+AF71+AF75 -> 214800 | AG8: =+AG27+AG30+AG34+AG37+AG40+AG44+AG47+AG51+AG54+AG58+AG61+AG65+AG68+AG71+AG75 -> 224451 | AH8: =AG8/AF8 -> 1.0449302 | AI8: =AG8/AE8-1 -> 0.025236838 | AJ8: =+AJ27+AJ30+AJ34+AJ37+AJ40+AJ44+AJ47+AJ51+AJ54+AJ58+AJ61+AJ65+AJ68+AJ71+AJ75 -> 179561 | AK8: =+AK27+AK30+AK34+AK37+AK40+AK44+AK47+AK51+AK54+AK58+AK61+AK65+AK68+AK71+AK75 -> 214800 | AL8: =+AL27+AL30+AL34+AL37+AL40+AL44+AL47+AL51+AL54+AL58+AL61+AL65+AL68+AL71+AL75 -> 248446 | AM8: =AL8/AK8 -> 1.1566387 | AN8: =AL8/AJ8-1 -> 0.38363008 | AO8: =+AO27+AO30+AO34+AO37+AO40+AO44+AO47+AO51+AO54+AO58+AO61+AO65+AO68+AO71+AO75 -> 186368 | AP8: =+AP27+AP30+AP34+AP37+AP40+AP44+AP47+AP51+AP54+AP58+AP61+AP65+AP68+AP71+AP75 -> 214800 | AQ8: =+AQ27+AQ30+AQ34+AQ37+AQ40+AQ44+AQ47+AQ51+AQ54+AQ58+AQ61+AQ65+AQ68+AQ71+AQ75 -> 196924 | AR8: =AQ8/AP8 -> 0.9167784 | AS8: =AQ8/AO8-1 -> 0.056640625 | AT8: =+AT27+AT30+AT34+AT37+AT40+AT44+AT47+AT51+AT54+AT58+AT61+AT65+AT68+AT71+AT75 -> 186811 | AU8: =+AU27+AU30+AU34+AU37+AU40+AU44+AU47+AU51+AU54+AU58+AU61+AU65+AU68+AU71+AU75 -> 214800 | AV8: =+AV27+AV30+AV34+AV37+AV40+AV44+AV47+AV51+AV54+AV58+AV61+AV65+AV68+AV71+AV75 -> 195868 | AW8: =AV8/AU8 -> 0.9118622 | AX8: =AV8/AT8-1 -> 0.048482156 | AY8: =+AY27+AY30+AY34+AY37+AY40+AY44+AY47+AY51+AY54+AY58+AY61+AY65+AY68+AY71+AY75 -> 192529 | AZ8: =+AZ27+AZ30+AZ34+AZ37+AZ40+AZ44+AZ47+AZ51+AZ54+AZ58+AZ61+AZ65+AZ68+AZ71+AZ75 -> 214800 | BA8: =+BA27+BA30+BA34+BA37+BA40+BA44+BA47+BA51+BA54+BA58+BA61+BA65+BA68+BA71+BA75 -> 182105 | BB8: =BA8/AZ8 -> 0.84778864 | BC8: =BA8/AY8-1 -> -0.054142493 | BD8: =+BD27+BD30+BD34+BD37+BD40+BD44+BD47+BD51+BD54+BD58+BD61+BD65+BD68+BD71+BD75 -> 185236 | BE8: =+BE27+BE30+BE34+BE37+BE40+BE44+BE47+BE51+BE54+BE58+BE61+BE65+BE68+BE71+BE75 -> 214800 | BF8: =+BF27+BF30+BF34+BF37+BF40+BF44+BF47+BF51+BF54+BF58+BF61+BF65+BF68+BF71+BF75 -> 222904 | BG8: =BF8/BE8 -> 1.0377281 | BH8: =BF8/BD8-1 -> 0.2033514 | BI8: =+BI27+BI30+BI34+BI37+BI40+BI44+BI47+BI51+BI54+BI58+BI61+BI65+BI68+BI71+BI75 -> 290705 | BJ8: =+BJ27+BJ30+BJ34+BJ37+BJ40+BJ44+BJ47+BJ51+BJ54+BJ58+BJ61+BJ65+BJ68+BJ71+BJ75 -> 255075 | BK8: =+BK27+BK30+BK34+BK37+BK40+BK44+BK47+BK51+BK54+BK58+BK61+BK65+BK68+BK71+BK75 -> 236465 | BL8: =BK8/BJ8 -> 0.92704107 | BM8: =BK8/BI8-1 -> -0.1865809
D9: 사무실 | E9: =E76+E79+E80+E81 -> 83 | F9: =F76+F79+F80+F81 -> 76 | G9: =G76+G79+G80+G81 -> 898492 | H9: =H76+H79+H80+H81 -> 884665 | I9: =I76+I79+I80+I81 -> 907100 | J9: =I9/H9-1 -> 0.025359882 | K9: =P9+U9+Z9+AE9+AJ9+AO9+AT9+AY9+BD9+BI9+BN9+BS9 -> 713478 | L9: =Q9+V9+AA9+AF9+AK9+AP9+AU9+AZ9+BE9+BJ9+BO9+BT9 -> 739286.5 | M9: =R9+W9+AB9+AG9+AL9+AQ9+AV9+BA9+BF9+BK9+BP9+BU9 -> 745767 | N9: =M9/L9 -> 1.0087659 | O9: =M9/K9-1 -> 0.045255775 | P9: =P76+P79+P80+P81 -> 56909 | Q9: =Q76+Q79+Q80+Q81 -> 63497 | R9: =R76+R79+R80+R81 -> 72977 | S9: =R9/Q9 -> 1.1492984 | T9: =R9/P9-1 -> 0.2823455 | U9: =U76+U79+U80+U81 -> 49662 | V9: =V76+V79+V80+V81 -> 72568 | W9: =W76+W79+W80+W81 -> 81712 | X9: =W9/V9 -> 1.126006 | Y9: =W9/U9-1 -> 0.64536265 | Z9: =Z76+Z79+Z80+Z81 -> 68502 | AA9: =AA76+AA79+AA80+AA81 -> 81639 | AB9: =AB76+AB79+AB80+AB81 -> 62368 | AC9: =AB9/AA9 -> 0.7639486 | AD9: =AB9/Z9-1 -> -0.089544831 | AE9: =AE76+AE79+AE80+AE81 -> 84048 | AF9: =AF76+AF79+AF80+AF81 -> 72568 | AG9: =AG76+AG79+AG80+AG81 -> 82674 | AH9: =AG9/AF9 -> 1.1392625 | AI9: =AG9/AE9-1 -> -0.016347801 | AJ9: =AJ76+AJ79+AJ80+AJ81 -> 71028 | AK9: =AK76+AK79+AK80+AK81 -> 72568 | AL9: =AL76+AL79+AL80+AL81 -> 65063 | AM9: =AL9/AK9 -> 0.89657976 | AN9: =AL9/AJ9-1 -> -0.083980965 | AO9: =AO76+AO79+AO80+AO81 -> 82502 | AP9: =AP76+AP79+AP80+AP81 -> 72568 | AQ9: =AQ76+AQ79+AQ80+AQ81 -> 75206 | AR9: =AQ9/AP9 -> 1.0363521 | AS9: =AQ9/AO9-1 -> -0.08843422 | AT9: =AT76+AT79+AT80+AT81 -> 79104 | AU9: =AU76+AU79+AU80+AU81 -> 72568 | AV9: =AV76+AV79+AV80+AV81 -> 71618 | AW9: =AV9/AU9 -> 0.98690883 | AX9: =AV9/AT9-1 -> -0.094634911 | AY9: =AY76+AY79+AY80+AY81 -> 79326 | AZ9: =AZ76+AZ79+AZ80+AZ81 -> 72568 | BA9: =BA76+BA79+BA80+BA81 -> 81329 | BB9: =BA9/AZ9 -> 1.1207281 | BC9: =BA9/AY9-1 -> 0.025250233 | BD9: =BD76+BD79+BD80+BD81 -> 70427 | BE9: =BE76+BE79+BE80+BE81 -> 72568 | BF9: =BF76+BF79+BF80+BF81 -> 80441 | BG9: =BF9/BE9 -> 1.1084913 | BH9: =BF9/BD9-1 -> 0.14218979 | BI9: =BI76+BI79+BI80+BI81 -> 71970 | BJ9: =BJ76+BJ79+BJ80+BJ81 -> 86174.5 | BK9: =BK76+BK79+BK80+BK81 -> 72379 | BL9: =BK9/BJ9 -> 0.83991204 | BM9: =BK9/BI9-1 -> 0.0056829234
D10: 남부지사 | G10: 610171 | H10: 557613 | I10: 650000 | J10: =I10/H10-1 -> 0.16568301 | K10: =P10+U10+Z10+AE10+AJ10+AO10+AT10+AY10+BD10+BI10+BN10+BS10 -> 450121 | L10: =Q10+V10+AA10+AF10+AK10+AP10+AU10+AZ10+BE10+BJ10+BO10+BT10 -> 529750 | M10: =R10+W10+AB10+AG10+AL10+AQ10+AV10+BA10+BF10+BK10+BP10+BU10 -> 479396 | N10: =M10/L10 -> 0.90494762 | O10: =M10/K10-1 -> 0.065038068 | P10: 21880 | Q10: 45500 | R10: 35432 | S10: =R10/Q10 -> 0.77872527 | T10: =R10/P10-1 -> 0.61937843 | U10: 44547 | V10: 52000 | W10: 47352 | X10: =W10/V10 -> 0.91061538 | Y10: =W10/U10-1 -> 0.062967203 | Z10: 46817 | AA10: 58500 | AB10: 50988 | AC10: =AB10/AA10 -> 0.87158974 | AD10: =AB10/Z10-1 -> 0.089091569 | AE10: 52212 | AF10: 52000 | AG10: 51164 | AH10: =AG10/AF10 -> 0.98392308 | AI10: =AG10/AE10-1 -> -0.020072014 | AJ10: 45220 | AK10: 52000 | AL10: 45652 | AM10: =AL10/AK10 -> 0.87792308 | AN10: =AL10/AJ10-1 -> 0.009553295 | AO10: 40278 | AP10: 52000 | AQ10: 61776 | AR10: =AQ10/AP10 -> 1.188 | AS10: =AQ10/AO10-1 -> 0.5337405 | AT10: 60084 | AU10: 52000 | AV10: 47720 | AW10: =AV10/AU10 -> 0.91769231 | AX10: =AV10/AT10-1 -> -0.20577858 | AY10: 34006 | AZ10: 52000 | BA10: 42798 | BB10: =BA10/AZ10 -> 0.82303846 | BC10: =BA10/AY10-1 -> 0.25854261 | BD10: 40544 | BE10: 52000 | BF10: 51776 | BG10: =BF10/BE10 -> 0.99569231 | BH10: =BF10/BD10-1 -> 0.27703236 | BI10: 64533 | BJ10: 61750 | BK10: 44738 | BL10: =BK10/BJ10 -> 0.72450202 | BM10: =BK10/BI10-1 -> -0.30674229
C11: B2B AUTO | D11: 소계 | E11: =SUM(E12:E13) -> 0 | F11: =SUM(F12:F13) -> 0 | G11: =SUM(G12:G13) -> 833076 | H11: =SUM(H12:H13) -> 888495 | I11: =SUM(I12:I13) -> 1000000 | J11: =I11/H11-1 -> 0.12549874 | K11: =SUM(K12:K13) -> 732870 | L11: =SUM(L12:L13) -> 815000 | M11: =SUM(M12:M13) -> 830027 | N11: =M11/L11 -> 1.018438 | O11: =M11/K11-1 -> 0.13257058 | P11: =SUM(P12:P13) -> 53073 | Q11: =SUM(Q12:Q13) -> 70000 | R11: =SUM(R12:R13) -> 54974 | S11: =R11/Q11 -> 0.78534286 | T11: =R11/P11-1 -> 0.035818589 | U11: =SUM(U12:U13) -> 76487 | V11: =SUM(V12:V13) -> 80000 | W11: =SUM(W12:W13) -> 86804 | X11: =W11/V11 -> 1.08505 | Y11: =W11/U11-1 -> 0.13488567 | Z11: =SUM(Z12:Z13) -> 70456 | AA11: =SUM(AA12:AA13) -> 90000 | AB11: =SUM(AB12:AB13) -> 57991 | AC11: =AB11/AA11 -> 0.64434444 | AD11: =AB11/Z11-1 -> -0.17691893 | AE11: =SUM(AE12:AE13) -> 80861 | AF11: =SUM(AF12:AF13) -> 80000 | AG11: =SUM(AG12:AG13) -> 74680 | AH11: =AG11/AF11 -> 0.9335 | AI11: =AG11/AE11-1 -> -0.076439816 | AJ11: =SUM(AJ12:AJ13) -> 78217 | AK11: =SUM(AK12:AK13) -> 80000 | AL11: =SUM(AL12:AL13) -> 91224 | AM11: =AL11/AK11 -> 1.1403 | AN11: =AL11/AJ11-1 -> 0.16629377 | AO11: =SUM(AO12:AO13) -> 65959 | AP11: =SUM(AP12:AP13) -> 80000 | AQ11: =SUM(AQ12:AQ13) -> 91178 | AR11: =AQ11/AP11 -> 1.139725 | AS11: =AQ11/AO11-1 -> 0.38234358 | AT11: =SUM(AT12:AT13) -> 81733 | AU11: =SUM(AU12:AU13) -> 80000 | AV11: =SUM(AV12:AV13) -> 79502 | AW11: =AV11/AU11 -> 0.993775 | AX11: =AV11/AT11-1 -> -0.027296196 | AY11: =SUM(AY12:AY13) -> 80349 | AZ11: =SUM(AZ12:AZ13) -> 80000 | BA11: =SUM(BA12:BA13) -> 98658 | BB11: =BA11/AZ11 -> 1.233225 | BC11: =BA11/AY11-1 -> 0.22786842 | BD11: =SUM(BD12:BD13) -> 60761 | BE11: =SUM(BE12:BE13) -> 80000 | BF11: =SUM(BF12:BF13) -> 94324 | BG11: =BF11/BE11 -> 1.17905 | BH11: =BF11/BD11-1 -> 0.55237735 | BI11: =SUM(BI12:BI13) -> 84974 | BJ11: =SUM(BJ12:BJ13) -> 95000 | BK11: =SUM(BK12:BK13) -> 100692 | BL11: =BK11/BJ11 -> 1.0599158 | BM11: =BK11/BI11-1 -> 0.18497423
D12: b2b | G12: 532515 | H12: 636298 | I12: 690000 | J12: =I12/H12-1 -> 0.084397562 | K12: =P12+U12+Z12+AE12+AJ12+AO12+AT12+AY12+BD12+BI12+BN12+BS12 -> 529040 | L12: =Q12+V12+AA12+AF12+AK12+AP12+AU12+AZ12+BE12+BJ12+BO12+BT12 -> 562350 | M12: =R12+W12+AB12+AG12+AL12+AQ12+AV12+BA12+BF12+BK12+BP12+BU12 -> 461086 | N12: =M12/L12 -> 0.81992709 | O12: =M12/K12-1 -> -0.12844775 | P12: 41782 | Q12: 48300 | R12: 36219 | S12: =R12/Q12 -> 0.74987578 | T12: =R12/P12-1 -> -0.13314346 | U12: 59747 | V12: 55200 | W12: 52741 | X12: =W12/V12 -> 0.9554529 | Y12: =W12/U12-1 -> -0.11726112 | Z12: 50095 | AA12: 62100 | AB12: 35671 | AC12: =AB12/AA12 -> 0.57441224 | AD12: =AB12/Z12-1 -> -0.28793293 | AE12: 58269 | AF12: 55200 | AG12: 44992 | AH12: =AG12/AF12 -> 0.81507246 | AI12: =AG12/AE12-1 -> -0.22785701 | AJ12: 57645 | AK12: 55200 | AL12: 52528 | AM12: =AL12/AK12 -> 0.9515942 | AN12: =AL12/AJ12-1 -> -0.088767456 | AO12: 50348 | AP12: 55200 | AQ12: 39438 | AR12: =AQ12/AP12 -> 0.71445652 | AS12: =AQ12/AO12-1 -> -0.21669182 | AT12: 52167 | AU12: 55200 | AV12: 42531 | AW12: =AV12/AU12 -> 0.77048913 | AX12: =AV12/AT12-1 -> -0.18471447 | AY12: 57230 | AZ12: 55200 | BA12: 46422 | BB12: =BA12/AZ12 -> 0.84097826 | BC12: =BA12/AY12-1 -> -0.188852 | BD12: 38571 | BE12: 55200 | BF12: 45604 | BG12: =BF12/BE12 -> 0.82615942 | BH12: =BF12/BD12-1 -> 0.18233906 | BI12: 63186 | BJ12: 65550 | BK12: 64940 | BL12: =BK12/BJ12 -> 0.99069413 | BM12: =BK12/BI12-1 -> 0.027759314
D13: 기타 | G13: 300561 | H13: 252197 | I13: 310000 | J13: =I13/H13-1 -> 0.22919781 | K13: =P13+U13+Z13+AE13+AJ13+AO13+AT13+AY13+BD13+BI13+BN13+BS13 -> 203830 | L13: =Q13+V13+AA13+AF13+AK13+AP13+AU13+AZ13+BE13+BJ13+BO13+BT13 -> 252650 | M13: =R13+W13+AB13+AG13+AL13+AQ13+AV13+BA13+BF13+BK13+BP13+BU13 -> 368941 | N13: =M13/L13 -> 1.460285 | O13: =M13/K13-1 -> 0.81004268 | P13: 11291 | Q13: 21700 | R13: 18755 | S13: =R13/Q13 -> 0.86428571 | T13: =R13/P13-1 -> 0.66105748 | U13: 16740 | V13: 24800 | W13: 34063 | X13: =W13/V13 -> 1.3735081 | Y13: =W13/U13-1 -> 1.0348268 | Z13: 20361 | AA13: 27900 | AB13: 22320 | AC13: =AB13/AA13 -> 0.8 | AD13: =AB13/Z13-1 -> 0.096213349 | AE13: 22592 | AF13: 24800 | AG13: 29688 | AH13: =AG13/AF13 -> 1.1970968 | AI13: =AG13/AE13-1 -> 0.31409348 | AJ13: 20572 | AK13: 24800 | AL13: 38696 | AM13: =AL13/AK13 -> 1.5603226 | AN13: =AL13/AJ13-1 -> 0.88100331 | AO13: 15611 | AP13: 24800 | AQ13: 51740 | AR13: =AQ13/AP13 -> 2.0862903 | AS13: =AQ13/AO13-1 -> 2.3143296 | AT13: 29566 | AU13: 24800 | AV13: 36971 | AW13: =AV13/AU13 -> 1.4907661 | AX13: =AV13/AT13-1 -> 0.25045661 | AY13: 23119 | AZ13: 24800 | BA13: 52236 | BB13: =BA13/AZ13 -> 2.1062903 | BC13: =BA13/AY13-1 -> 1.2594403 | BD13: 22190 | BE13: 24800 | BF13: 48720 | BG13: =BF13/BE13 -> 1.9645161 | BH13: =BF13/BD13-1 -> 1.1955836 | BI13: 21788 | BJ13: 29450 | BK13: 35752 | BL13: =BK13/BJ13 -> 1.2139898 | BM13: =BK13/BI13-1 -> 0.64090325
G14: =G6-G23-G10 -> 0 | H14: =H6-H23-H10 -> 0
G15: =G6-G10 -> 3416323 | H15: =H6-H10 -> 3637092 | I15: b2b-5% | K15: =K6-K10 -> 2992673 | L15: =L6-L10 -> 3300750 | M15: =M6-M10 -> 3137371 | P15: =P6-P10 -> 253627 | Q15: =Q6-Q10 -> 283500 | R15: =R6-R10 -> 256486 | U15: =U6-U10 -> 225355 | V15: =V6-V10 -> 324000 | W15: =W6-W10 -> 294876 | Z15: =Z6-Z10 -> 347567 | AA15: =AA6-AA10 -> 364500 | AB15: =AB6-AB10 -> 297790 | AE15: =AE6-AE10 -> 321962 | AF15: =AF6-AF10 -> 324000 | AG15: =AG6-AG10 -> 346041 | AJ15: =AJ6-AJ10 -> 272969 | AK15: =AK6-AK10 -> 324000 | AL15: =AL6-AL10 -> 348309 | AO15: =AO6-AO10 -> 302276 | AP15: =AP6-AP10 -> 324000 | AQ15: =AQ6-AQ10 -> 322802 | AT15: =AT6-AT10 -> 291313 | AU15: =AU6-AU10 -> 324000 | AV15: =AV6-AV10 -> 299176 | AY15: =AY6-AY10 -> 300731 | AZ15: =AZ6-AZ10 -> 324000 | BA15: =BA6-BA10 -> 294008 | BD15: =BD6-BD10 -> 282677 | BE15: =BE6-BE10 -> 324000 | BF15: =BF6-BF10 -> 338649 | BI15: =BI6-BI10 -> 394196 | BJ15: =BJ6-BJ10 -> 384750 | BK15: =BK6-BK10 -> 339234
I16: 남부-10%
R17: =R6-#REF! -> #REF! | W17: =W6-#REF! -> #REF! | AB17: =AB6-#REF! -> #REF! | AG17: =AG6-#REF! -> #REF! | AL17: =AL6-#REF! -> #REF! | AQ17: =AQ6-#REF! -> #REF! | AV17: =AV6-#REF! -> #REF! | BA17: =BA6-#REF! -> #REF! | BF17: =BF6-#REF! -> #REF! | BK17: =BK6-#REF! -> #REF!
D18: Fleet | F18: 480
D19: LCC | F19: 31784 | G19: =+G7+G8+G9+G10-E18-E19 -> 4026494 | H19: =+H7+H8+H9+H10-F18-F19 -> 4162441 | I19: =I6-I10 -> 4050000 | K19: =K6-K10 -> 2992673 | L19: =L6-L10 -> 3300750 | M19: =M6-M10 -> 3137371 | P19: =P6-P10 -> 253627 | Q19: =Q6-Q10 -> 283500 | R19: =R6-R10 -> 256486 | U19: =U6-U10 -> 225355 | V19: =V6-V10 -> 324000 | W19: =W6-W10 -> 294876 | Z19: =Z6-Z10 -> 347567 | AA19: =AA6-AA10 -> 364500 | AB19: =AB6-AB10 -> 297790 | AE19: =AE6-AE10 -> 321962 | AF19: =AF6-AF10 -> 324000 | AG19: =AG6-AG10 -> 346041 | AJ19: =AJ6-AJ10 -> 272969 | AK19: =AK6-AK10 -> 324000 | AL19: =AL6-AL10 -> 348309 | AO19: =AO6-AO10 -> 302276 | AP19: =AP6-AP10 -> 324000 | AQ19: =AQ6-AQ10 -> 322802 | AT19: =AT6-AT10 -> 291313 | AU19: =AU6-AU10 -> 324000 | AV19: =AV6-AV10 -> 299176 | AY19: =AY6-AY10 -> 300731 | AZ19: =AZ6-AZ10 -> 324000 | BA19: =BA6-BA10 -> 294008 | BD19: =BD6-BD10 -> 282677 | BE19: =BE6-BE10 -> 324000 | BF19: =BF6-BF10 -> 338649 | BI19: =BI6-BI10 -> 394196 | BJ19: =BJ6-BJ10 -> 384750 | BK19: =BK6-BK10 -> 339234
B21: 구 분 (PVL, CVL) | E21: 전체 거래처수 | F21: 거래처수 | G21: 2023년 실적 | H21: 2024년 실적 | I21: 2025년 계획 | J21: 증감율 | K21: 누적실적 | P21: 1월 | U21: 2월 | Z21: 3월 | AE21: 4월 | AJ21: 5월 | AO21: 6월 | AT21: 7월 | AY21: 8월 | BD21: 9월 | BI21: 10월
K22: 2024년 | L22: 목표 | M22: 2025년 | N22: 달성율 | O22: 증감율 | P22: 2024년 | Q22: 목표 | R22: 2025년 | S22: 달성율 | T22: 증감율 | U22: 2024년 | V22: 목표 | W22: 2025년 | X22: 달성율 | Y22: 증감율 | Z22: 2024년 | AA22: 목표 | AB22: 2025년 | AC22: 달성율 | AD22: 증감율 | AE22: 2024년 | AF22: 목표 | AG22: 2025년 | AH22: 달성율 | AI22: 증감율 | AJ22: 2024년 | AK22: 목표 | AL22: 2025년 | AM22: 달성율 | AN22: 증감율 | AO22: 2024년 | AP22: 목표 | AQ22: 2025년 | AR22: 달성율 | AS22: 증감율 | AT22: 2024년 | AU22: 목표 | AV22: 2025년 | AW22: 달성율 | AX22: 증감율 | AY22: 2024년 | AZ22: 목표 | BA22: 2025년 | BB22: 달성율 | BC22: 증감율 | BD22: 2024년 | BE22: 목표 | BF22: 2025년 | BG22: 달성율 | BH22: 증감율 | BI22: 2024년 | BJ22: 목표 | BK22: 2025년 | BL22: 달성율 | BM22: 증감율
B23: B2C 총 계 | E23: =+E24+E31+E41+E48+E55+E62+E72+E77 -> 1273 | F23: =+F24+F31+F41+F48+F55+F62+F72+F77 -> 1222 | G23: =+G24+G31+G41+G48+G55+G62+G72+G77 -> 3416323 | H23: =+H24+H31+H41+H48+H55+H62+H72+H77 -> 3637092 | I23: =+I24+I31+I41+I48+I55+I62+I72+I77 -> 4050000 | J23: =I23/H23-1 -> 0.11352696 | K23: =+K24+K31+K41+K48+K55+K62+K72+K77 -> 2992673 | L23: =+L24+L31+L41+L48+L55+L62+L72+L77 -> 3300750 | M23: =+M24+M31+M41+M48+M55+M62+M72+M77 -> 3137371 | N23: =M23/L23 -> 0.95050246 | O23: =M23/K23-1 -> 0.048350755 | P23: =+P24+P31+P41+P48+P55+P62+P72+P77 -> 253627 | Q23: =+Q24+Q31+Q41+Q48+Q55+Q62+Q72+Q77 -> 283500 | R23: =+R24+R31+R41+R48+R55+R62+R72+R77 -> 256486 | S23: =R23/Q23 -> 0.90471252 | T23: =R23/P23-1 -> 0.011272459 | U23: =+U24+U31+U41+U48+U55+U62+U72+U77 -> 225355 | V23: =+V24+V31+V41+V48+V55+V62+V72+V77 -> 324000 | W23: =+W24+W31+W41+W48+W55+W62+W72+W77 -> 294876 | X23: =W23/V23 -> 0.91011111 | Y23: =W23/U23-1 -> 0.30849548 | Z23: =+Z24+Z31+Z41+Z48+Z55+Z62+Z72+Z77 -> 347567 | AA23: =+AA24+AA31+AA41+AA48+AA55+AA62+AA72+AA77 -> 364500 | AB23: =+AB24+AB31+AB41+AB48+AB55+AB62+AB72+AB77 -> 297790 | AC23: =AB23/AA23 -> 0.81698217 | AD23: =AB23/Z23-1 -> -0.14321555 | AE23: =+AE24+AE31+AE41+AE48+AE55+AE62+AE72+AE77 -> 321962 | AF23: =+AF24+AF31+AF41+AF48+AF55+AF62+AF72+AF77 -> 324000 | AG23: =+AG24+AG31+AG41+AG48+AG55+AG62+AG72+AG77 -> 346041 | AH23: =AG23/AF23 -> 1.0680278 | AI23: =AG23/AE23-1 -> 0.074788329 | AJ23: =+AJ24+AJ31+AJ41+AJ48+AJ55+AJ62+AJ72+AJ77 -> 272969 | AK23: =+AK24+AK31+AK41+AK48+AK55+AK62+AK72+AK77 -> 324000 | AL23: =+AL24+AL31+AL41+AL48+AL55+AL62+AL72+AL77 -> 348309 | AM23: =AL23/AK23 -> 1.0750278 | AN23: =AL23/AJ23-1 -> 0.27600204 | AO23: =+AO24+AO31+AO41+AO48+AO55+AO62+AO72+AO77 -> 302276 | AP23: =+AP24+AP31+AP41+AP48+AP55+AP62+AP72+AP77 -> 324000 | AQ23: =+AQ24+AQ31+AQ41+AQ48+AQ55+AQ62+AQ72+AQ77 -> 322802 | AR23: =AQ23/AP23 -> 0.99630247 | AS23: =AQ23/AO23-1 -> 0.067904829 | AT23: =+AT24+AT31+AT41+AT48+AT55+AT62+AT72+AT77 -> 291313 | AU23: =+AU24+AU31+AU41+AU48+AU55+AU62+AU72+AU77 -> 324000 | AV23: =+AV24+AV31+AV41+AV48+AV55+AV62+AV72+AV77 -> 299176 | AW23: =AV23/AU23 -> 0.92338272 | AX23: =AV23/AT23-1 -> 0.026991586 | AY23: =+AY24+AY31+AY41+AY48+AY55+AY62+AY72+AY77 -> 300731 | AZ23: =+AZ24+AZ31+AZ41+AZ48+AZ55+AZ62+AZ72+AZ77 -> 324000 | BA23: =+BA24+BA31+BA41+BA48+BA55+BA62+BA72+BA77 -> 294008 | BB23: =BA23/AZ23 -> 0.9074321 | BC23: =BA23/AY23-1 -> -0.022355527 | BD23: =+BD24+BD31+BD41+BD48+BD55+BD62+BD72+BD77 -> 282677 | BE23: =+BE24+BE31+BE41+BE48+BE55+BE62+BE72+BE77 -> 324000 | BF23: =+BF24+BF31+BF41+BF48+BF55+BF62+BF72+BF77 -> 338649 | BG23: =BF23/BE23 -> 1.045213 | BH23: =BF23/BD23-1 -> 0.19800691 | BI23: =+BI24+BI31+BI41+BI48+BI55+BI62+BI72+BI77 -> 394196 | BJ23: =+BJ24+BJ31+BJ41+BJ48+BJ55+BJ62+BJ72+BJ77 -> 384750 | BK23: =+BK24+BK31+BK41+BK48+BK55+BK62+BK72+BK77 -> 339234 | BL23: =BK23/BJ23 -> 0.88169981 | BM23: =BK23/BI23-1 -> -0.1394281
B24: 맥심팀 | C24: 합계 | E24: =E25+E28 -> 219 | F24: =F25+F28 -> 215 | G24: =G25+G28 -> 321951 | H24: =H25+H28 -> 326900 | I24: =I25+I28 -> 380000 | J24: =I24/H24-1 -> 0.162435 | K24: =K25+K28 -> 266619 | L24: =L25+L28 -> 309700 | M24: =M25+M28 -> 261116 | N24: =M24/L24 -> 0.84312561 | O24: =M24/K24-1 -> -0.020639939 | P24: =P25+P28 -> 25459 | Q24: =Q25+Q28 -> 26600 | R24: =R25+R28 -> 23074 | S24: =R24/Q24 -> 0.86744361 | T24: =R24/P24-1 -> -0.093680035 | U24: =U25+U28 -> 23473 | V24: =V25+V28 -> 30400 | W24: =W25+W28 -> 27234 | X24: =W24/V24 -> 0.89585526 | Y24: =W24/U24-1 -> 0.16022664 | Z24: =Z25+Z28 -> 29112 | AA24: =AA25+AA28 -> 34200 | AB24: =AB25+AB28 -> 24427 | AC24: =AB24/AA24 -> 0.71423977 | AD24: =AB24/Z24-1 -> -0.1609302 | AE24: =AE25+AE28 -> 26255 | AF24: =AF25+AF28 -> 30400 | AG24: =AG25+AG28 -> 28476 | AH24: =AG24/AF24 -> 0.93671053 | AI24: =AG24/AE24-1 -> 0.084593411 | AJ24: =AJ25+AJ28 -> 25884 | AK24: =AK25+AK28 -> 30400 | AL24: =AL25+AL28 -> 24269 | AM24: =AL24/AK24 -> 0.79832237 | AN24: =AL24/AJ24-1 -> -0.062393757 | AO24: =AO25+AO28 -> 25094 | AP24: =AP25+AP28 -> 30400 | AQ24: =AQ25+AQ28 -> 28653 | AR24: =AQ24/AP24 -> 0.94253289 | AS24: =AQ24/AO24-1 -> 0.14182673 | AT24: =AT25+AT28 -> 27682 | AU24: =AU25+AU28 -> 30400 | AV24: =AV25+AV28 -> 26218 | AW24: =AV24/AU24 -> 0.86243421 | AX24: =AV24/AT24-1 -> -0.052886352 | AY24: =AY25+AY28 -> 30232 | AZ24: =AZ25+AZ28 -> 30400 | BA24: =BA25+BA28 -> 22603 | BB24: =BA24/AZ24 -> 0.74351974 | BC24: =BA24/AY24-1 -> -0.2523485 | BD24: =BD25+BD28 -> 25176 | BE24: =BE25+BE28 -> 30400 | BF24: =BF25+BF28 -> 30270 | BG24: =BF24/BE24 -> 0.99572368 | BH24: =BF24/BD24-1 -> 0.20233556 | BI24: =BI25+BI28 -> 28252 | BJ24: =BJ25+BJ28 -> 36100 | BK24: =BK25+BK28 -> 25892 | BL24: =BK24/BJ24 -> 0.71722992 | BM24: =BK24/BI24-1 -> -0.083533909
C25: 심경섭 | D25: 소계 | E25: =SUM(E26:E27) -> 121 | F25: =SUM(F26:F27) -> 118 | G25: =SUM(G26:G27) -> 159117 | H25: =SUM(H26:H27) -> 167460 | I25: =SUM(I26:I27) -> 195000 | J25: =I25/H25-1 -> 0.16445718 | K25: =SUM(K26:K27) -> 136046 | L25: =SUM(L26:L27) -> 158925 | M25: =SUM(M26:M27) -> 129026 | N25: =M25/L25 -> 0.81186723 | O25: =M25/K25-1 -> -0.051600194 | P25: =SUM(P26:P27) -> 13407 | Q25: =SUM(Q26:Q27) -> 13650 | R25: =SUM(R26:R27) -> 11026 | S25: =R25/Q25 -> 0.80776557 | T25: =R25/P25-1 -> -0.17759379 | U25: =SUM(U26:U27) -> 10671 | V25: =SUM(V26:V27) -> 15600 | W25: =SUM(W26:W27) -> 12810 | X25: =W25/V25 -> 0.82115385 | Y25: =W25/U25-1 -> 0.20044982 | Z25: =SUM(Z26:Z27) -> 13216 | AA25: =SUM(AA26:AA27) -> 17550 | AB25: =SUM(AB26:AB27) -> 13611 | AC25: =AB25/AA25 -> 0.77555556 | AD25: =AB25/Z25-1 -> 0.029888015 | AE25: =SUM(AE26:AE27) -> 14207 | AF25: =SUM(AF26:AF27) -> 15600 | AG25: =SUM(AG26:AG27) -> 14122 | AH25: =AG25/AF25 -> 0.90525641 | AI25: =AG25/AE25-1 -> -0.0059829661 | AJ25: =SUM(AJ26:AJ27) -> 13712 | AK25: =SUM(AK26:AK27) -> 15600 | AL25: =SUM(AL26:AL27) -> 12675 | AM25: =AL25/AK25 -> 0.8125 | AN25: =AL25/AJ25-1 -> -0.075627188 | AO25: =SUM(AO26:AO27) -> 12397 | AP25: =SUM(AP26:AP27) -> 15600 | AQ25: =SUM(AQ26:AQ27) -> 14034 | AR25: =AQ25/AP25 -> 0.89961538 | AS25: =AQ25/AO25-1 -> 0.13204808 | AT25: =SUM(AT26:AT27) -> 15198 | AU25: =SUM(AU26:AU27) -> 15600 | AV25: =SUM(AV26:AV27) -> 12640 | AW25: =AV25/AU25 -> 0.81025641 | AX25: =AV25/AT25-1 -> -0.16831162 | AY25: =SUM(AY26:AY27) -> 15530 | AZ25: =SUM(AZ26:AZ27) -> 15600 | BA25: =SUM(BA26:BA27) -> 11837 | BB25: =BA25/AZ25 -> 0.75878205 | BC25: =BA25/AY25-1 -> -0.23779781 | BD25: =SUM(BD26:BD27) -> 12802 | BE25: =SUM(BE26:BE27) -> 15600 | BF25: =SUM(BF26:BF27) -> 14460 | BG25: =BF25/BE25 -> 0.92692308 | BH25: =BF25/BD25-1 -> 0.12951101 | BI25: =SUM(BI26:BI27) -> 14906 | BJ25: =SUM(BJ26:BJ27) -> 18525 | BK25: =SUM(BK26:BK27) -> 11811 | BL25: =BK25/BJ25 -> 0.63757085 | BM25: =BK25/BI25-1 -> -0.20763451
D26: Fleet | E26: 1 | F26: 1 | H26: 800 | J26: =I26/H26-1 -> -1 | K26: =P26+U26+Z26+AE26+AJ26+AO26+AT26+AY26+BD26+BI26+BN26+BS26 -> 800 | L26: =Q26+V26+AA26+AF26+AK26+AP26+AU26+AZ26+BE26+BJ26+BO26+BT26 -> 0 | M26: =R26+W26+AB26+AG26+AL26+AQ26+AV26+BA26+BF26+BK26+BP26+BU26 -> 600 | N26: =M26/L26 -> #DIV/0! | O26: =M26/K26-1 -> -0.25 | S26: =R26/Q26 -> #DIV/0! | T26: =R26/P26-1 -> #DIV/0! | X26: =W26/V26 -> #DIV/0! | Y26: =W26/U26-1 -> #DIV/0! | AC26: =AB26/AA26 -> #DIV/0! | AD26: =AB26/Z26-1 -> #DIV/0! | AG26: 600 | AH26: =AG26/AF26 -> #DIV/0! | AI26: =AG26/AE26-1 -> #DIV/0! | AM26: =AL26/AK26 -> #DIV/0! | AN26: =AL26/AJ26-1 -> #DIV/0! | AR26: =AQ26/AP26 -> #DIV/0! | AS26: =AQ26/AO26-1 -> #DIV/0! | AT26: 800 | AW26: =AV26/AU26 -> #DIV/0! | AX26: =AV26/AT26-1 -> -1 | BB26: =BA26/AZ26 -> #DIV/0! | BC26: =BA26/AY26-1 -> #DIV/0! | BG26: =BF26/BE26 -> #DIV/0! | BH26: =BF26/BD26-1 -> #DIV/0! | BL26: =BK26/BJ26 -> #DIV/0! | BM26: =BK26/BI26-1 -> #DIV/0!
D27: LCC | E27: 120 | F27: 117 | G27: 159117 | H27: 166660 | I27: 195000 | J27: =I27/H27-1 -> 0.1700468 | K27: =P27+U27+Z27+AE27+AJ27+AO27+AT27+AY27+BD27+BI27+BN27+BS27 -> 135246 | L27: =Q27+V27+AA27+AF27+AK27+AP27+AU27+AZ27+BE27+BJ27+BO27+BT27 -> 158925 | M27: =R27+W27+AB27+AG27+AL27+AQ27+AV27+BA27+BF27+BK27+BP27+BU27 -> 128426 | N27: =M27/L27 -> 0.80809187 | O27: =M27/K27-1 -> -0.05042663 | P27: 13407 | Q27: 13650 | R27: 11026 | S27: =R27/Q27 -> 0.80776557 | T27: =R27/P27-1 -> -0.17759379 | U27: 10671 | V27: 15600 | W27: 12810 | X27: =W27/V27 -> 0.82115385 | Y27: =W27/U27-1 -> 0.20044982 | Z27: 13216 | AA27: 17550 | AB27: 13611 | AC27: =AB27/AA27 -> 0.77555556 | AD27: =AB27/Z27-1 -> 0.029888015 | AE27: 14207 | AF27: 15600 | AG27: 13522 | AH27: =AG27/AF27 -> 0.86679487 | AI27: =AG27/AE27-1 -> -0.048215668 | AJ27: 13712 | AK27: 15600 | AL27: 12675 | AM27: =AL27/AK27 -> 0.8125 | AN27: =AL27/AJ27-1 -> -0.075627188 | AO27: 12397 | AP27: 15600 | AQ27: 14034 | AR27: =AQ27/AP27 -> 0.89961538 | AS27: =AQ27/AO27-1 -> 0.13204808 | AT27: 14398 | AU27: 15600 | AV27: 12640 | AW27: =AV27/AU27 -> 0.81025641 | AX27: =AV27/AT27-1 -> -0.12210029 | AY27: 15530 | AZ27: 15600 | BA27: 11837 | BB27: =BA27/AZ27 -> 0.75878205 | BC27: =BA27/AY27-1 -> -0.23779781 | BD27: 12802 | BE27: 15600 | BF27: 14460 | BG27: =BF27/BE27 -> 0.92692308 | BH27: =BF27/BD27-1 -> 0.12951101 | BI27: 14906 | BJ27: 18525 | BK27: 11811 | BL27: =BK27/BJ27 -> 0.63757085 | BM27: =BK27/BI27-1 -> -0.20763451
C28: 이상욱 | D28: 소계 | E28: =SUM(E29:E30) -> 98 | F28: =SUM(F29:F30) -> 97 | G28: =SUM(G29:G30) -> 162834 | H28: =SUM(H29:H30) -> 159440 | I28: =SUM(I29:I30) -> 185000 | J28: =I28/H28-1 -> 0.16031109 | K28: =SUM(K29:K30) -> 130573 | L28: =SUM(L29:L30) -> 150775 | M28: =SUM(M29:M30) -> 132090 | N28: =M28/L28 -> 0.87607362 | O28: =M28/K28-1 -> 0.011618022 | P28: =SUM(P29:P30) -> 12052 | Q28: =SUM(Q29:Q30) -> 12950 | R28: =SUM(R29:R30) -> 12048 | S28: =R28/Q28 -> 0.93034749 | T28: =R28/P28-1 -> -0.00033189512 | U28: =SUM(U29:U30) -> 12802 | V28: =SUM(V29:V30) -> 14800 | W28: =SUM(W29:W30) -> 14424 | X28: =W28/V28 -> 0.97459459 | Y28: =W28/U28-1 -> 0.12669895 | Z28: =SUM(Z29:Z30) -> 15896 | AA28: =SUM(AA29:AA30) -> 16650 | AB28: =SUM(AB29:AB30) -> 10816 | AC28: =AB28/AA28 -> 0.64960961 | AD28: =AB28/Z28-1 -> -0.31957725 | AE28: =SUM(AE29:AE30) -> 12048 | AF28: =SUM(AF29:AF30) -> 14800 | AG28: =SUM(AG29:AG30) -> 14354 | AH28: =AG28/AF28 -> 0.96986486 | AI28: =AG28/AE28-1 -> 0.19140106 | AJ28: =SUM(AJ29:AJ30) -> 12172 | AK28: =SUM(AK29:AK30) -> 14800 | AL28: =SUM(AL29:AL30) -> 11594 | AM28: =AL28/AK28 -> 0.78337838 | AN28: =AL28/AJ28-1 -> -0.047486034 | AO28: =SUM(AO29:AO30) -> 12697 | AP28: =SUM(AP29:AP30) -> 14800 | AQ28: =SUM(AQ29:AQ30) -> 14619 | AR28: =AQ28/AP28 -> 0.98777027 | AS28: =AQ28/AO28-1 -> 0.15137434 | AT28: =SUM(AT29:AT30) -> 12484 | AU28: =SUM(AU29:AU30) -> 14800 | AV28: =SUM(AV29:AV30) -> 13578 | AW28: =AV28/AU28 -> 0.91743243 | AX28: =AV28/AT28-1 -> 0.087632169 | AY28: =SUM(AY29:AY30) -> 14702 | AZ28: =SUM(AZ29:AZ30) -> 14800 | BA28: =SUM(BA29:BA30) -> 10766 | BB28: =BA28/AZ28 -> 0.72743243 | BC28: =BA28/AY28-1 -> -0.26771868 | BD28: =SUM(BD29:BD30) -> 12374 | BE28: =SUM(BE29:BE30) -> 14800 | BF28: =SUM(BF29:BF30) -> 15810 | BG28: =BF28/BE28 -> 1.0682432 | BH28: =BF28/BD28-1 -> 0.277679 | BI28: =SUM(BI29:BI30) -> 13346 | BJ28: =SUM(BJ29:BJ30) -> 17575 | BK28: =SUM(BK29:BK30) -> 14081 | BL28: =BK28/BJ28 -> 0.80119488 | BM28: =BK28/BI28-1 -> 0.055072681
D29: Fleet | E29: 14 | F29: 14 | G29: 16716 | H29: 20028 | I29: 23000 | J29: =I29/H29-1 -> 0.14839225 | K29: =P29+U29+Z29+AE29+AJ29+AO29+AT29+AY29+BD29+BI29+BN29+BS29 -> 17016 | L29: =Q29+V29+AA29+AF29+AK29+AP29+AU29+AZ29+BE29+BJ29+BO29+BT29 -> 18745 | M29: =R29+W29+AB29+AG29+AL29+AQ29+AV29+BA29+BF29+BK29+BP29+BU29 -> 16692 | N29: =M29/L29 -> 0.89047746 | O29: =M29/K29-1 -> -0.019040903 | P29: 2064 | Q29: 1610 | R29: 1600 | S29: =R29/Q29 -> 0.99378882 | T29: =R29/P29-1 -> -0.2248062 | U29: 1200 | V29: 1840 | W29: 2580 | X29: =W29/V29 -> 1.4021739 | Y29: =W29/U29-1 -> 1.15 | Z29: 4200 | AA29: 2070 | AB29: 1200 | AC29: =AB29/AA29 -> 0.57971014 | AD29: =AB29/Z29-1 -> -0.71428571 | AE29: 600 | AF29: 1840 | AG29: 1900 | AH29: =AG29/AF29 -> 1.0326087 | AI29: =AG29/AE29-1 -> 2.1666667 | AJ29: 1680 | AK29: 1840 | AL29: 1400 | AM29: =AL29/AK29 -> 0.76086957 | AN29: =AL29/AJ29-1 -> -0.16666667 | AO29: 1000 | AP29: 1840 | AQ29: 2400 | AR29: =AQ29/AP29 -> 1.3043478 | AS29: =AQ29/AO29-1 -> 1.4 | AT29: 1800 | AU29: 1840 | AV29: 1000 | AW29: =AV29/AU29 -> 0.54347826 | AX29: =AV29/AT29-1 -> -0.44444444 | AY29: 1740 | AZ29: 1840 | BA29: 1600 | BB29: =BA29/AZ29 -> 0.86956522 | BC29: =BA29/AY29-1 -> -0.08045977 | BD29: 1320 | BE29: 1840 | BF29: 1412 | BG29: =BF29/BE29 -> 0.7673913 | BH29: =BF29/BD29-1 -> 0.06969697 | BI29: 1412 | BJ29: 2185 | BK29: 1600 | BL29: =BK29/BJ29 -> 0.73226545 | BM29: =BK29/BI29-1 -> 0.13314448
D30: LCC | E30: 84 | F30: 83 | G30: 146118 | H30: 139412 | I30: 162000 | J30: =I30/H30-1 -> 0.16202336 | K30: =P30+U30+Z30+AE30+AJ30+AO30+AT30+AY30+BD30+BI30+BN30+BS30 -> 113557 | L30: =Q30+V30+AA30+AF30+AK30+AP30+AU30+AZ30+BE30+BJ30+BO30+BT30 -> 132030 | M30: =R30+W30+AB30+AG30+AL30+AQ30+AV30+BA30+BF30+BK30+BP30+BU30 -> 115398 | N30: =M30/L30 -> 0.87402863 | O30: =M30/K30-1 -> 0.016212123 | P30: 9988 | Q30: 11340 | R30: 10448 | S30: =R30/Q30 -> 0.92134039 | T30: =R30/P30-1 -> 0.046055266 | U30: 11602 | V30: 12960 | W30: 11844 | X30: =W30/V30 -> 0.91388889 | Y30: =W30/U30-1 -> 0.020858473 | Z30: 11696 | AA30: 14580 | AB30: 9616 | AC30: =AB30/AA30 -> 0.65953361 | AD30: =AB30/Z30-1 -> -0.17783858 | AE30: 11448 | AF30: 12960 | AG30: 12454 | AH30: =AG30/AF30 -> 0.96095679 | AI30: =AG30/AE30-1 -> 0.087875611 | AJ30: 10492 | AK30: 12960 | AL30: 10194 | AM30: =AL30/AK30 -> 0.78657407 | AN30: =AL30/AJ30-1 -> -0.028402592 | AO30: 11697 | AP30: 12960 | AQ30: 12219 | AR30: =AQ30/AP30 -> 0.94282407 | AS30: =AQ30/AO30-1 -> 0.044626827 | AT30: 10684 | AU30: 12960 | AV30: 12578 | AW30: =AV30/AU30 -> 0.97052469 | AX30: =AV30/AT30-1 -> 0.17727443 | AY30: 12962 | AZ30: 12960 | BA30: 9166 | BB30: =BA30/AZ30 -> 0.70725309 | BC30: =BA30/AY30-1 -> -0.29285604 | BD30: 11054 | BE30: 12960 | BF30: 14398 | BG30: =BF30/BE30 -> 1.1109568 | BH30: =BF30/BD30-1 -> 0.30251493 | BI30: 11934 | BJ30: 15390 | BK30: 12481 | BL30: =BK30/BJ30 -> 0.81098116 | BM30: =BK30/BI30-1 -> 0.045835428
B31: 솔개팀 | C31: 합계 | E31: =E32+E35+E38 -> 188 | F31: =F32+F35+F38 -> 175 | G31: =G32+G35+G38 -> 419768 | H31: =H32+H35+H38 -> 407998 | I31: =I32+I35+I38 -> 500000 | J31: =I31/H31-1 -> 0.2254962 | K31: =K32+K35+K38 -> 332891 | L31: =L32+L35+L38 -> 407500 | M31: =M32+M35+M38 -> 358168 | N31: =M31/L31 -> 0.87893988 | O31: =M31/K31-1 -> 0.075931761 | P31: =P32+P35+P38 -> 23114 | Q31: =Q32+Q35+Q38 -> 35000 | R31: =R32+R35+R38 -> 27115 | S31: =R31/Q31 -> 0.77471429 | T31: =R31/P31-1 -> 0.17309855 | U31: =U32+U35+U38 -> 23040 | V31: =V32+V35+V38 -> 40000 | W31: =W32+W35+W38 -> 31498 | X31: =W31/V31 -> 0.78745 | Y31: =W31/U31-1 -> 0.36710069 | Z31: =Z32+Z35+Z38 -> 32253 | AA31: =AA32+AA35+AA38 -> 45000 | AB31: =AB32+AB35+AB38 -> 35556 | AC31: =AB31/AA31 -> 0.79013333 | AD31: =AB31/Z31-1 -> 0.10240908 | AE31: =AE32+AE35+AE38 -> 38343 | AF31: =AF32+AF35+AF38 -> 40000 | AG31: =AG32+AG35+AG38 -> 36548 | AH31: =AG31/AF31 -> 0.9137 | AI31: =AG31/AE31-1 -> -0.046814282 | AJ31: =AJ32+AJ35+AJ38 -> 27107 | AK31: =AK32+AK35+AK38 -> 40000 | AL31: =AL32+AL35+AL38 -> 43328 | AM31: =AL31/AK31 -> 1.0832 | AN31: =AL31/AJ31-1 -> 0.59840632 | AO31: =AO32+AO35+AO38 -> 31256 | AP31: =AP32+AP35+AP38 -> 40000 | AQ31: =AQ32+AQ35+AQ38 -> 33610 | AR31: =AQ31/AP31 -> 0.84025 | AS31: =AQ31/AO31-1 -> 0.07531354 | AT31: =AT32+AT35+AT38 -> 31416 | AU31: =AU32+AU35+AU38 -> 40000 | AV31: =AV32+AV35+AV38 -> 38936 | AW31: =AV31/AU31 -> 0.9734 | AX31: =AV31/AT31-1 -> 0.23936847 | AY31: =AY32+AY35+AY38 -> 30542 | AZ31: =AZ32+AZ35+AZ38 -> 40000 | BA31: =BA32+BA35+BA38 -> 33474 | BB31: =BA31/AZ31 -> 0.83685 | BC31: =BA31/AY31-1 -> 0.095998952 | BD31: =BD32+BD35+BD38 -> 32278 | BE31: =BE32+BE35+BE38 -> 40000 | BF31: =BF32+BF35+BF38 -> 37534 | BG31: =BF31/BE31 -> 0.93835 | BH31: =BF31/BD31-1 -> 0.16283537 | BI31: =BI32+BI35+BI38 -> 63542 | BJ31: =BJ32+BJ35+BJ38 -> 47500 | BK31: =BK32+BK35+BK38 -> 40569 | BL31: =BK31/BJ31 -> 0.85408421 | BM31: =BK31/BI31-1 -> -0.3615404
C32: 박태원 | D32: 소계 | E32: =SUM(E33:E34) -> 46 | F32: =SUM(F33:F34) -> 46 | G32: =SUM(G33:G34) -> 173928 | H32: =SUM(H33:H34) -> 151056 | I32: =SUM(I33:I34) -> 185500 | J32: =I32/H32-1 -> 0.2280214 | K32: =SUM(K33:K34) -> 123804 | L32: =SUM(L33:L34) -> 151182.5 | M32: =SUM(M33:M34) -> 133379 | N32: =M32/L32 -> 0.88223835 | O32: =M32/K32-1 -> 0.077339989 | P32: =SUM(P33:P34) -> 8426 | Q32: =SUM(Q33:Q34) -> 12985 | R32: =SUM(R33:R34) -> 10415 | S32: =R32/Q32 -> 0.80207932 | T32: =R32/P32-1 -> 0.23605507 | U32: =SUM(U33:U34) -> 10758 | V32: =SUM(V33:V34) -> 14840 | W32: =SUM(W33:W34) -> 11760 | X32: =W32/V32 -> 0.79245283 | Y32: =W32/U32-1 -> 0.093139989 | Z32: =SUM(Z33:Z34) -> 14038 | AA32: =SUM(AA33:AA34) -> 16695 | AB32: =SUM(AB33:AB34) -> 14802 | AC32: =AB32/AA32 -> 0.88661276 | AD32: =AB32/Z32-1 -> 0.054423707 | AE32: =SUM(AE33:AE34) -> 13303 | AF32: =SUM(AF33:AF34) -> 14840 | AG32: =SUM(AG33:AG34) -> 13248 | AH32: =AG32/AF32 -> 0.89272237 | AI32: =AG32/AE32-1 -> -0.0041344058 | AJ32: =SUM(AJ33:AJ34) -> 11187 | AK32: =SUM(AK33:AK34) -> 14840 | AL32: =SUM(AL33:AL34) -> 14314 | AM32: =AL32/AK32 -> 0.96455526 | AN32: =AL32/AJ32-1 -> 0.27952087 | AO32: =SUM(AO33:AO34) -> 13742 | AP32: =SUM(AP33:AP34) -> 14840 | AQ32: =SUM(AQ33:AQ34) -> 13100 | AR32: =AQ32/AP32 -> 0.88274933 | AS32: =AQ32/AO32-1 -> -0.046718091 | AT32: =SUM(AT33:AT34) -> 10938 | AU32: =SUM(AU33:AU34) -> 14840 | AV32: =SUM(AV33:AV34) -> 13336 | AW32: =AV32/AU32 -> 0.89865229 | AX32: =AV32/AT32-1 -> 0.21923569 | AY32: =SUM(AY33:AY34) -> 11818 | AZ32: =SUM(AZ33:AZ34) -> 14840 | BA32: =SUM(BA33:BA34) -> 13930 | BB32: =BA32/AZ32 -> 0.93867925 | BC32: =BA32/AY32-1 -> 0.17871044 | BD32: =SUM(BD33:BD34) -> 9932 | BE32: =SUM(BE33:BE34) -> 14840 | BF32: =SUM(BF33:BF34) -> 13896 | BG32: =BF32/BE32 -> 0.93638814 | BH32: =BF32/BD32-1 -> 0.39911398 | BI32: =SUM(BI33:BI34) -> 19662 | BJ32: =SUM(BJ33:BJ34) -> 17622.5 | BK32: =SUM(BK33:BK34) -> 14578 | BL32: =BK32/BJ32 -> 0.82723791 | BM32: =BK32/BI32-1 -> -0.25856983
D33: Fleet | E33: 4 | F33: 4 | G33: 3400 | H33: 3720 | I33: 4500 | J33: =I33/H33-1 -> 0.20967742 | K33: =P33+U33+Z33+AE33+AJ33+AO33+AT33+AY33+BD33+BI33+BN33+BS33 -> 3120 | L33: =Q33+V33+AA33+AF33+AK33+AP33+AU33+AZ33+BE33+BJ33+BO33+BT33 -> 3667.5 | M33: =R33+W33+AB33+AG33+AL33+AQ33+AV33+BA33+BF33+BK33+BP33+BU33 -> 2800 | N33: =M33/L33 -> 0.76346285 | O33: =M33/K33-1 -> -0.1025641 | P33: 400 | Q33: 315 | R33: 0 | S33: =R33/Q33 -> 0 | T33: =R33/P33-1 -> -1 | U33: 200 | V33: 360 | W33: 200 | X33: =W33/V33 -> 0.55555556 | Y33: =W33/U33-1 -> 0 | Z33: 200 | AA33: 405 | AB33: 400 | AC33: =AB33/AA33 -> 0.98765432 | AD33: =AB33/Z33-1 -> 1 | AE33: 400 | AF33: 360 | AG33: 200 | AH33: =AG33/AF33 -> 0.55555556 | AI33: =AG33/AE33-1 -> -0.5 | AJ33: 200 | AK33: 360 | AL33: 600 | AM33: =AL33/AK33 -> 1.6666667 | AN33: =AL33/AJ33-1 -> 2 | AO33: 600 | AP33: 360 | AQ33: 200 | AR33: =AQ33/AP33 -> 0.55555556 | AS33: =AQ33/AO33-1 -> -0.66666667 | AU33: 360 | AV33: 400 | AW33: =AV33/AU33 -> 1.1111111 | AX33: =AV33/AT33-1 -> #DIV/0! | AY33: 400 | AZ33: 360 | BB33: =BA33/AZ33 -> 0 | BC33: =BA33/AY33-1 -> -1 | BE33: 360 | BF33: 400 | BG33: =BF33/BE33 -> 1.1111111 | BH33: =BF33/BD33-1 -> #DIV/0! | BI33: 720 | BJ33: 427.5 | BK33: 400 | BL33: =BK33/BJ33 -> 0.93567251 | BM33: =BK33/BI33-1 -> -0.44444444
D34: LCC | E34: 42 | F34: 42 | G34: 170528 | H34: 147336 | I34: 181000 | J34: =I34/H34-1 -> 0.22848455 | K34: =P34+U34+Z34+AE34+AJ34+AO34+AT34+AY34+BD34+BI34+BN34+BS34 -> 120684 | L34: =Q34+V34+AA34+AF34+AK34+AP34+AU34+AZ34+BE34+BJ34+BO34+BT34 -> 147515 | M34: =R34+W34+AB34+AG34+AL34+AQ34+AV34+BA34+BF34+BK34+BP34+BU34 -> 130579 | N34: =M34/L34 -> 0.88519134 | O34: =M34/K34-1 -> 0.081990985 | P34: 8026 | Q34: 12670 | R34: 10415 | S34: =R34/Q34 -> 0.82202052 | T34: =R34/P34-1 -> 0.29765761 | U34: 10558 | V34: 14480 | W34: 11560 | X34: =W34/V34 -> 0.79834254 | Y34: =W34/U34-1 -> 0.094904338 | Z34: 13838 | AA34: 16290 | AB34: 14402 | AC34: =AB34/AA34 -> 0.88410068 | AD34: =AB34/Z34-1 -> 0.040757335 | AE34: 12903 | AF34: 14480 | AG34: 13048 | AH34: =AG34/AF34 -> 0.90110497 | AI34: =AG34/AE34-1 -> 0.011237697 | AJ34: 10987 | AK34: 14480 | AL34: 13714 | AM34: =AL34/AK34 -> 0.94709945 | AN34: =AL34/AJ34-1 -> 0.24820242 | AO34: 13142 | AP34: 14480 | AQ34: 12900 | AR34: =AQ34/AP34 -> 0.89088398 | AS34: =AQ34/AO34-1 -> -0.018414244 | AT34: 10938 | AU34: 14480 | AV34: 12936 | AW34: =AV34/AU34 -> 0.89337017 | AX34: =AV34/AT34-1 -> 0.18266594 | AY34: 11418 | AZ34: 14480 | BA34: 13930 | BB34: =BA34/AZ34 -> 0.96201657 | BC34: =BA34/AY34-1 -> 0.2200035 | BD34: 9932 | BE34: 14480 | BF34: 13496 | BG34: =BF34/BE34 -> 0.9320442 | BH34: =BF34/BD34-1 -> 0.35884011 | BI34: 18942 | BJ34: 17195 | BK34: 14178 | BL34: =BK34/BJ34 -> 0.82454202 | BM34: =BK34/BI34-1 -> -0.25150459
C35: 박경식 | D35: 소계 | E35: =SUM(E36:E37) -> 65 | F35: =SUM(F36:F37) -> 62 | G35: =SUM(G36:G37) -> 150765 | H35: =SUM(H36:H37) -> 150934 | I35: =SUM(I36:I37) -> 184500 | J35: =I35/H35-1 -> 0.22238859 | K35: =SUM(K36:K37) -> 126062 | L35: =SUM(L36:L37) -> 150367.5 | M35: =SUM(M36:M37) -> 119160 | N35: =M35/L35 -> 0.79245848 | O35: =M35/K35-1 -> -0.054750837 | P35: =SUM(P36:P37) -> 7574 | Q35: =SUM(Q36:Q37) -> 12915 | R35: =SUM(R36:R37) -> 8604 | S35: =R35/Q35 -> 0.66620209 | T35: =R35/P35-1 -> 0.13599155 | U35: =SUM(U36:U37) -> 6256 | V35: =SUM(V36:V37) -> 14760 | W35: =SUM(W36:W37) -> 10312 | X35: =W35/V35 -> 0.69864499 | Y35: =W35/U35-1 -> 0.6483376 | Z35: =SUM(Z36:Z37) -> 10250 | AA35: =SUM(AA36:AA37) -> 16605 | AB35: =SUM(AB36:AB37) -> 9636 | AC35: =AB35/AA35 -> 0.58030714 | AD35: =AB35/Z35-1 -> -0.059902439 | AE35: =SUM(AE36:AE37) -> 17238 | AF35: =SUM(AF36:AF37) -> 14760 | AG35: =SUM(AG36:AG37) -> 11624 | AH35: =AG35/AF35 -> 0.78753388 | AI35: =AG35/AE35-1 -> -0.32567583 | AJ35: =SUM(AJ36:AJ37) -> 6790 | AK35: =SUM(AK36:AK37) -> 14760 | AL35: =SUM(AL36:AL37) -> 18324 | AM35: =AL35/AK35 -> 1.2414634 | AN35: =AL35/AJ35-1 -> 1.6986745 | AO35: =SUM(AO36:AO37) -> 9380 | AP35: =SUM(AP36:AP37) -> 14760 | AQ35: =SUM(AQ36:AQ37) -> 11486 | AR35: =AQ35/AP35 -> 0.77818428 | AS35: =AQ35/AO35-1 -> 0.22452026 | AT35: =SUM(AT36:AT37) -> 10656 | AU35: =SUM(AU36:AU37) -> 14760 | AV35: =SUM(AV36:AV37) -> 12124 | AW35: =AV35/AU35 -> 0.82140921 | AX35: =AV35/AT35-1 -> 0.13776276 | AY35: =SUM(AY36:AY37) -> 10606 | AZ35: =SUM(AZ36:AZ37) -> 14760 | BA35: =SUM(BA36:BA37) -> 9688 | BB35: =BA35/AZ35 -> 0.65636856 | BC35: =BA35/AY35-1 -> -0.08655478 | BD35: =SUM(BD36:BD37) -> 13448 | BE35: =SUM(BE36:BE37) -> 14760 | BF35: =SUM(BF36:BF37) -> 13154 | BG35: =BF35/BE35 -> 0.89119241 | BH35: =BF35/BD35-1 -> -0.021861987 | BI35: =SUM(BI36:BI37) -> 33864 | BJ35: =SUM(BJ36:BJ37) -> 17527.5 | BK35: =SUM(BK36:BK37) -> 14208 | BL35: =BK35/BJ35 -> 0.8106119 | BM35: =BK35/BI35-1 -> -0.5804394
D36: Fleet | E36: 3 | F36: 3 | G36: 4768 | H36: 4080 | I36: 4500 | J36: =I36/H36-1 -> 0.10294118 | K36: =P36+U36+Z36+AE36+AJ36+AO36+AT36+AY36+BD36+BI36+BN36+BS36 -> 3480 | L36: =Q36+V36+AA36+AF36+AK36+AP36+AU36+AZ36+BE36+BJ36+BO36+BT36 -> 3667.5 | M36: =R36+W36+AB36+AG36+AL36+AQ36+AV36+BA36+BF36+BK36+BP36+BU36 -> 3500 | N36: =M36/L36 -> 0.95432856 | O36: =M36/K36-1 -> 0.0057471264 | P36: 400 | Q36: 315 | R36: 400 | S36: =R36/Q36 -> 1.2698413 | T36: =R36/P36-1 -> 0 | U36: 200 | V36: 360 | W36: 200 | X36: =W36/V36 -> 0.55555556 | Y36: =W36/U36-1 -> 0 | Z36: 880 | AA36: 405 | AB36: 400 | AC36: =AB36/AA36 -> 0.98765432 | AD36: =AB36/Z36-1 -> -0.54545455 | AE36: 400 | AF36: 360 | AG36: 400 | AH36: =AG36/AF36 -> 1.1111111 | AI36: =AG36/AE36-1 -> 0 | AJ36: 200 | AK36: 360 | AL36: 400 | AM36: =AL36/AK36 -> 1.1111111 | AN36: =AL36/AJ36-1 -> 1 | AO36: 200 | AP36: 360 | AQ36: 200 | AR36: =AQ36/AP36 -> 0.55555556 | AS36: =AQ36/AO36-1 -> 0 | AT36: 400 | AU36: 360 | AV36: 200 | AW36: =AV36/AU36 -> 0.55555556 | AX36: =AV36/AT36-1 -> -0.5 | AY36: 200 | AZ36: 360 | BA36: 200 | BB36: =BA36/AZ36 -> 0.55555556 | BC36: =BA36/AY36-1 -> 0 | BD36: 400 | BE36: 360 | BF36: 1100 | BG36: =BF36/BE36 -> 3.0555556 | BH36: =BF36/BD36-1 -> 1.75 | BI36: 200 | BJ36: 427.5 | BL36: =BK36/BJ36 -> 0 | BM36: =BK36/BI36-1 -> -1
D37: LCC | E37: 62 | F37: 59 | G37: 145997 | H37: 146854 | I37: 180000 | J37: =I37/H37-1 -> 0.22570716 | K37: =P37+U37+Z37+AE37+AJ37+AO37+AT37+AY37+BD37+BI37+BN37+BS37 -> 122582 | L37: =Q37+V37+AA37+AF37+AK37+AP37+AU37+AZ37+BE37+BJ37+BO37+BT37 -> 146700 | M37: =R37+W37+AB37+AG37+AL37+AQ37+AV37+BA37+BF37+BK37+BP37+BU37 -> 115660 | N37: =M37/L37 -> 0.78841172 | O37: =M37/K37-1 -> -0.056468323 | P37: 7174 | Q37: 12600 | R37: 8204 | S37: =R37/Q37 -> 0.65111111 | T37: =R37/P37-1 -> 0.14357402 | U37: 6056 | V37: 14400 | W37: 10112 | X37: =W37/V37 -> 0.70222222 | Y37: =W37/U37-1 -> 0.66974901 | Z37: 9370 | AA37: 16200 | AB37: 9236 | AC37: =AB37/AA37 -> 0.57012346 | AD37: =AB37/Z37-1 -> -0.014300961 | AE37: 16838 | AF37: 14400 | AG37: 11224 | AH37: =AG37/AF37 -> 0.77944444 | AI37: =AG37/AE37-1 -> -0.33341252 | AJ37: 6590 | AK37: 14400 | AL37: 17924 | AM37: =AL37/AK37 -> 1.2447222 | AN37: =AL37/AJ37-1 -> 1.7198786 | AO37: 9180 | AP37: 14400 | AQ37: 11286 | AR37: =AQ37/AP37 -> 0.78375 | AS37: =AQ37/AO37-1 -> 0.22941176 | AT37: 10256 | AU37: 14400 | AV37: 11924 | AW37: =AV37/AU37 -> 0.82805556 | AX37: =AV37/AT37-1 -> 0.16263651 | AY37: 10406 | AZ37: 14400 | BA37: 9488 | BB37: =BA37/AZ37 -> 0.65888889 | BC37: =BA37/AY37-1 -> -0.088218336 | BD37: 13048 | BE37: 14400 | BF37: 12054 | BG37: =BF37/BE37 -> 0.83708333 | BH37: =BF37/BD37-1 -> -0.076180258 | BI37: 33664 | BJ37: 17100 | BK37: 14208 | BL37: =BK37/BJ37 -> 0.83087719 | BM37: =BK37/BI37-1 -> -0.57794677
C38: 김태일 | D38: 소계 | E38: =SUM(E39:E40) -> 77 | F38: =SUM(F39:F40) -> 67 | G38: =SUM(G39:G40) -> 95075 | H38: =SUM(H39:H40) -> 106008 | I38: =SUM(I39:I40) -> 130000 | J38: =I38/H38-1 -> 0.22632254 | K38: =SUM(K39:K40) -> 83025 | L38: =SUM(L39:L40) -> 105950 | M38: =SUM(M39:M40) -> 105629 | N38: =M38/L38 -> 0.99697027 | O38: =M38/K38-1 -> 0.27225534 | P38: =SUM(P39:P40) -> 7114 | Q38: =SUM(Q39:Q40) -> 9100 | R38: =SUM(R39:R40) -> 8096 | S38: =R38/Q38 -> 0.88967033 | T38: =R38/P38-1 -> 0.13803767 | U38: =SUM(U39:U40) -> 6026 | V38: =SUM(V39:V40) -> 10400 | W38: =SUM(W39:W40) -> 9426 | X38: =W38/V38 -> 0.90634615 | Y38: =W38/U38-1 -> 0.56422171 | Z38: =SUM(Z39:Z40) -> 7965 | AA38: =SUM(AA39:AA40) -> 11700 | AB38: =SUM(AB39:AB40) -> 11118 | AC38: =AB38/AA38 -> 0.95025641 | AD38: =AB38/Z38-1 -> 0.39585687 | AE38: =SUM(AE39:AE40) -> 7802 | AF38: =SUM(AF39:AF40) -> 10400 | AG38: =SUM(AG39:AG40) -> 11676 | AH38: =AG38/AF38 -> 1.1226923 | AI38: =AG38/AE38-1 -> 0.49653935 | AJ38: =SUM(AJ39:AJ40) -> 9130 | AK38: =SUM(AK39:AK40) -> 10400 | AL38: =SUM(AL39:AL40) -> 10690 | AM38: =AL38/AK38 -> 1.0278846 | AN38: =AL38/AJ38-1 -> 0.17086528 | AO38: =SUM(AO39:AO40) -> 8134 | AP38: =SUM(AP39:AP40) -> 10400 | AQ38: =SUM(AQ39:AQ40) -> 9024 | AR38: =AQ38/AP38 -> 0.86769231 | AS38: =AQ38/AO38-1 -> 0.10941726 | AT38: =SUM(AT39:AT40) -> 9822 | AU38: =SUM(AU39:AU40) -> 10400 | AV38: =SUM(AV39:AV40) -> 13476 | AW38: =AV38/AU38 -> 1.2957692 | AX38: =AV38/AT38-1 -> 0.37202199 | AY38: =SUM(AY39:AY40) -> 8118 | AZ38: =SUM(AZ39:AZ40) -> 10400 | BA38: =SUM(BA39:BA40) -> 9856 | BB38: =BA38/AZ38 -> 0.94769231 | BC38: =BA38/AY38-1 -> 0.21409214 | BD38: =SUM(BD39:BD40) -> 8898 | BE38: =SUM(BE39:BE40) -> 10400 | BF38: =SUM(BF39:BF40) -> 10484 | BG38: =BF38/BE38 -> 1.0080769 | BH38: =BF38/BD38-1 -> 0.1782423 | BI38: =SUM(BI39:BI40) -> 10016 | BJ38: =SUM(BJ39:BJ40) -> 12350 | BK38: =SUM(BK39:BK40) -> 11783 | BL38: =BK38/BJ38 -> 0.95408907 | BM38: =BK38/BI38-1 -> 0.17641773
D39: Fleet | E39: 3 | F39: 3 | G39: 2600 | H39: 2600 | I39: 3000 | J39: =I39/H39-1 -> 0.15384615 | K39: =P39+U39+Z39+AE39+AJ39+AO39+AT39+AY39+BD39+BI39+BN39+BS39 -> 2000 | L39: =Q39+V39+AA39+AF39+AK39+AP39+AU39+AZ39+BE39+BJ39+BO39+BT39 -> 2445 | M39: =R39+W39+AB39+AG39+AL39+AQ39+AV39+BA39+BF39+BK39+BP39+BU39 -> 1800 | N39: =M39/L39 -> 0.73619632 | O39: =M39/K39-1 -> -0.1 | Q39: 210 | S39: =R39/Q39 -> 0 | T39: =R39/P39-1 -> #DIV/0! | U39: 400 | V39: 240 | W39: 200 | X39: =W39/V39 -> 0.83333333 | Y39: =W39/U39-1 -> -0.5 | Z39: 200 | AA39: 270 | AB39: 400 | AC39: =AB39/AA39 -> 1.4814815 | AD39: =AB39/Z39-1 -> 1 | AF39: 240 | AG39: 200 | AH39: =AG39/AF39 -> 0.83333333 | AI39: =AG39/AE39-1 -> #DIV/0! | AK39: 240 | AL39: 0 | AM39: =AL39/AK39 -> 0 | AN39: =AL39/AJ39-1 -> #DIV/0! | AO39: 600 | AP39: 240 | AQ39: 400 | AR39: =AQ39/AP39 -> 1.6666667 | AS39: =AQ39/AO39-1 -> -0.33333333 | AT39: 200 | AU39: 240 | AW39: =AV39/AU39 -> 0 | AX39: =AV39/AT39-1 -> -1 | AZ39: 240 | BA39: 200 | BB39: =BA39/AZ39 -> 0.83333333 | BC39: =BA39/AY39-1 -> #DIV/0! | BD39: 400 | BE39: 240 | BF39: 400 | BG39: =BF39/BE39 -> 1.6666667 | BH39: =BF39/BD39-1 -> 0 | BI39: 200 | BJ39: 285 | BL39: =BK39/BJ39 -> 0 | BM39: =BK39/BI39-1 -> -1
D40: LCC | E40: 74 | F40: 64 | G40: 92475 | H40: 103408 | I40: 127000 | J40: =I40/H40-1 -> 0.22814482 | K40: =P40+U40+Z40+AE40+AJ40+AO40+AT40+AY40+BD40+BI40+BN40+BS40 -> 81025 | L40: =Q40+V40+AA40+AF40+AK40+AP40+AU40+AZ40+BE40+BJ40+BO40+BT40 -> 103505 | M40: =R40+W40+AB40+AG40+AL40+AQ40+AV40+BA40+BF40+BK40+BP40+BU40 -> 103829 | N40: =M40/L40 -> 1.0031303 | O40: =M40/K40-1 -> 0.281444 | P40: 7114 | Q40: 8890 | R40: 8096 | S40: =R40/Q40 -> 0.91068616 | T40: =R40/P40-1 -> 0.13803767 | U40: 5626 | V40: 10160 | W40: 9226 | X40: =W40/V40 -> 0.90807087 | Y40: =W40/U40-1 -> 0.63988624 | Z40: 7765 | AA40: 11430 | AB40: 10718 | AC40: =AB40/AA40 -> 0.93770779 | AD40: =AB40/Z40-1 -> 0.3802962 | AE40: 7802 | AF40: 10160 | AG40: 11476 | AH40: =AG40/AF40 -> 1.1295276 | AI40: =AG40/AE40-1 -> 0.4709049 | AJ40: 9130 | AK40: 10160 | AL40: 10690 | AM40: =AL40/AK40 -> 1.0521654 | AN40: =AL40/AJ40-1 -> 0.17086528 | AO40: 7534 | AP40: 10160 | AQ40: 8624 | AR40: =AQ40/AP40 -> 0.8488189 | AS40: =AQ40/AO40-1 -> 0.14467746 | AT40: 9622 | AU40: 10160 | AV40: 13476 | AW40: =AV40/AU40 -> 1.326378 | AX40: =AV40/AT40-1 -> 0.40054043 | AY40: 8118 | AZ40: 10160 | BA40: 9656 | BB40: =BA40/AZ40 -> 0.9503937 | BC40: =BA40/AY40-1 -> 0.18945553 | BD40: 8498 | BE40: 10160 | BF40: 10084 | BG40: =BF40/BE40 -> 0.99251968 | BH40: =BF40/BD40-1 -> 0.18663215 | BI40: 9816 | BJ40: 12065 | BK40: 11783 | BL40: =BK40/BJ40 -> 0.97662661 | BM40: =BK40/BI40-1 -> 0.20038712
B41: 아리안팀 | C41: 합계 | E41: =E42+E45 -> 174 | F41: =F42+F45 -> 168 | G41: =G42+G45 -> 294977 | H41: =H42+H45 -> 345199 | I41: =I42+I45 -> 390000 | J41: =I41/H41-1 -> 0.12978311 | K41: =K42+K45 -> 282919 | L41: =L42+L45 -> 317850 | M41: =M42+M45 -> 295645 | N41: =M41/L41 -> 0.93014 | O41: =M41/K41-1 -> 0.044981072 | P41: =P42+P45 -> 24956 | Q41: =Q42+Q45 -> 27300 | R41: =R42+R45 -> 27472 | S41: =R41/Q41 -> 1.0063004 | T41: =R41/P41-1 -> 0.10081744 | U41: =U42+U45 -> 22654 | V41: =V42+V45 -> 31200 | W41: =W42+W45 -> 28046 | X41: =W41/V41 -> 0.89891026 | Y41: =W41/U41-1 -> 0.23801536 | Z41: =Z42+Z45 -> 28088 | AA41: =AA42+AA45 -> 35100 | AB41: =AB42+AB45 -> 28563 | AC41: =AB41/AA41 -> 0.81376068 | AD41: =AB41/Z41-1 -> 0.016911136 | AE41: =AE42+AE45 -> 32132 | AF41: =AF42+AF45 -> 31200 | AG41: =AG42+AG45 -> 31610 | AH41: =AG41/AF41 -> 1.013141 | AI41: =AG41/AE41-1 -> -0.016245487 | AJ41: =AJ42+AJ45 -> 27494 | AK41: =AK42+AK45 -> 31200 | AL41: =AL42+AL45 -> 30918 | AM41: =AL41/AK41 -> 0.99096154 | AN41: =AL41/AJ41-1 -> 0.12453626 | AO41: =AO42+AO45 -> 28060 | AP41: =AP42+AP45 -> 31200 | AQ41: =AQ42+AQ45 -> 27004 | AR41: =AQ41/AP41 -> 0.86551282 | AS41: =AQ41/AO41-1 -> -0.037633642 | AT41: =AT42+AT45 -> 30993 | AU41: =AU42+AU45 -> 31200 | AV41: =AV42+AV45 -> 32372 | AW41: =AV41/AU41 -> 1.0375641 | AX41: =AV41/AT41-1 -> 0.044493918 | AY41: =AY42+AY45 -> 30145 | AZ41: =AZ42+AZ45 -> 31200 | BA41: =BA42+BA45 -> 28788 | BB41: =BA41/AZ41 -> 0.92269231 | BC41: =BA41/AY41-1 -> -0.045015757 | BD41: =BD42+BD45 -> 25653 | BE41: =BE42+BE45 -> 31200 | BF41: =BF42+BF45 -> 30937 | BG41: =BF41/BE41 -> 0.99157051 | BH41: =BF41/BD41-1 -> 0.20597981 | BI41: =BI42+BI45 -> 32744 | BJ41: =BJ42+BJ45 -> 37050 | BK41: =BK42+BK45 -> 29935 | BL41: =BK41/BJ41 -> 0.80796221 | BM41: =BK41/BI41-1 -> -0.085786709
C42: 안천수 | D42: 소계 | E42: =SUM(E43:E44) -> 84 | F42: =SUM(F43:F44) -> 82 | G42: =SUM(G43:G44) -> 180510 | H42: =SUM(H43:H44) -> 201711 | I42: =SUM(I43:I44) -> 228000 | J42: =I42/H42-1 -> 0.13033003 | K42: =SUM(K43:K44) -> 165339 | L42: =SUM(L43:L44) -> 185820 | M42: =SUM(M43:M44) -> 174839 | N42: =M42/L42 -> 0.94090518 | O42: =M42/K42-1 -> 0.057457708 | P42: =SUM(P43:P44) -> 16342 | Q42: =SUM(Q43:Q44) -> 15960 | R42: =SUM(R43:R44) -> 15616 | S42: =R42/Q42 -> 0.97844612 | T42: =R42/P42-1 -> -0.044425407 | U42: =SUM(U43:U44) -> 13912 | V42: =SUM(V43:V44) -> 18240 | W42: =SUM(W43:W44) -> 15664 | X42: =W42/V42 -> 0.85877193 | Y42: =W42/U42-1 -> 0.12593445 | Z42: =SUM(Z43:Z44) -> 15212 | AA42: =SUM(AA43:AA44) -> 20520 | AB42: =SUM(AB43:AB44) -> 16821 | AC42: =AB42/AA42 -> 0.81973684 | AD42: =AB42/Z42-1 -> 0.10577176 | AE42: =SUM(AE43:AE44) -> 17592 | AF42: =SUM(AF43:AF44) -> 18240 | AG42: =SUM(AG43:AG44) -> 18936 | AH42: =AG42/AF42 -> 1.0381579 | AI42: =AG42/AE42-1 -> 0.076398363 | AJ42: =SUM(AJ43:AJ44) -> 16502 | AK42: =SUM(AK43:AK44) -> 18240 | AL42: =SUM(AL43:AL44) -> 17860 | AM42: =AL42/AK42 -> 0.97916667 | AN42: =AL42/AJ42-1 -> 0.082293055 | AO42: =SUM(AO43:AO44) -> 17004 | AP42: =SUM(AP43:AP44) -> 18240 | AQ42: =SUM(AQ43:AQ44) -> 17262 | AR42: =AQ42/AP42 -> 0.94638158 | AS42: =AQ42/AO42-1 -> 0.0151729 | AT42: =SUM(AT43:AT44) -> 17725 | AU42: =SUM(AU43:AU44) -> 18240 | AV42: =SUM(AV43:AV44) -> 18880 | AW42: =AV42/AU42 -> 1.0350877 | AX42: =AV42/AT42-1 -> 0.0651622 | AY42: =SUM(AY43:AY44) -> 17529 | AZ42: =SUM(AZ43:AZ44) -> 18240 | BA42: =SUM(BA43:BA44) -> 17334 | BB42: =BA42/AZ42 -> 0.95032895 | BC42: =BA42/AY42-1 -> -0.011124422 | BD42: =SUM(BD43:BD44) -> 14259 | BE42: =SUM(BE43:BE44) -> 18240 | BF42: =SUM(BF43:BF44) -> 19145 | BG42: =BF42/BE42 -> 1.0496162 | BH42: =BF42/BD42-1 -> 0.34266078 | BI42: =SUM(BI43:BI44) -> 19262 | BJ42: =SUM(BJ43:BJ44) -> 21660 | BK42: =SUM(BK43:BK44) -> 17321 | BL42: =BK42/BJ42 -> 0.79967682 | BM42: =BK42/BI42-1 -> -0.10076835
D43: Fleet | J43: =I43/H43-1 -> #DIV/0! | K43: =P43+U43+Z43+AE43+AJ43+AO43+AT43+AY43+BD43+BI43+BN43+BS43 -> 0 | L43: =Q43+V43+AA43+AF43+AK43+AP43+AU43+AZ43+BE43+BJ43+BO43+BT43 -> 0 | M43: =R43+W43+AB43+AG43+AL43+AQ43+AV43+BA43+BF43+BK43+BP43+BU43 -> 0 | N43: =M43/L43 -> #DIV/0! | O43: =M43/K43-1 -> #DIV/0! | S43: =R43/Q43 -> #DIV/0! | T43: =R43/P43-1 -> #DIV/0! | X43: =W43/V43 -> #DIV/0! | Y43: =W43/U43-1 -> #DIV/0! | AB43: 0 | AC43: =AB43/AA43 -> #DIV/0! | AD43: =AB43/Z43-1 -> #DIV/0! | AH43: =AG43/AF43 -> #DIV/0! | AI43: =AG43/AE43-1 -> #DIV/0! | AL43: 0 | AM43: =AL43/AK43 -> #DIV/0! | AN43: =AL43/AJ43-1 -> #DIV/0! | AQ43: 0 | AR43: =AQ43/AP43 -> #DIV/0! | AS43: =AQ43/AO43-1 -> #DIV/0! | AW43: =AV43/AU43 -> #DIV/0! | AX43: =AV43/AT43-1 -> #DIV/0! | BB43: =BA43/AZ43 -> #DIV/0! | BC43: =BA43/AY43-1 -> #DIV/0! | BG43: =BF43/BE43 -> #DIV/0! | BH43: =BF43/BD43-1 -> #DIV/0! | BL43: =BK43/BJ43 -> #DIV/0! | BM43: =BK43/BI43-1 -> #DIV/0!
D44: LCC | E44: 84 | F44: 82 | G44: 180510 | H44: 201711 | I44: 228000 | J44: =I44/H44-1 -> 0.13033003 | K44: =P44+U44+Z44+AE44+AJ44+AO44+AT44+AY44+BD44+BI44+BN44+BS44 -> 165339 | L44: =Q44+V44+AA44+AF44+AK44+AP44+AU44+AZ44+BE44+BJ44+BO44+BT44 -> 185820 | M44: =R44+W44+AB44+AG44+AL44+AQ44+AV44+BA44+BF44+BK44+BP44+BU44 -> 174839 | N44: =M44/L44 -> 0.94090518 | O44: =M44/K44-1 -> 0.057457708 | P44: 16342 | Q44: 15960 | R44: 15616 | S44: =R44/Q44 -> 0.97844612 | T44: =R44/P44-1 -> -0.044425407 | U44: 13912 | V44: 18240 | W44: 15664 | X44: =W44/V44 -> 0.85877193 | Y44: =W44/U44-1 -> 0.12593445 | Z44: 15212 | AA44: 20520 | AB44: 16821 | AC44: =AB44/AA44 -> 0.81973684 | AD44: =AB44/Z44-1 -> 0.10577176 | AE44: 17592 | AF44: 18240 | AG44: 18936 | AH44: =AG44/AF44 -> 1.0381579 | AI44: =AG44/AE44-1 -> 0.076398363 | AJ44: 16502 | AK44: 18240 | AL44: 17860 | AM44: =AL44/AK44 -> 0.97916667 | AN44: =AL44/AJ44-1 -> 0.082293055 | AO44: 17004 | AP44: 18240 | AQ44: 17262 | AR44: =AQ44/AP44 -> 0.94638158 | AS44: =AQ44/AO44-1 -> 0.0151729 | AT44: 17725 | AU44: 18240 | AV44: 18880 | AW44: =AV44/AU44 -> 1.0350877 | AX44: =AV44/AT44-1 -> 0.0651622 | AY44: 17529 | AZ44: 18240 | BA44: 17334 | BB44: =BA44/AZ44 -> 0.95032895 | BC44: =BA44/AY44-1 -> -0.011124422 | BD44: 14259 | BE44: 18240 | BF44: 19145 | BG44: =BF44/BE44 -> 1.0496162 | BH44: =BF44/BD44-1 -> 0.34266078 | BI44: 19262 | BJ44: 21660 | BK44: 17321 | BL44: =BK44/BJ44 -> 0.79967682 | BM44: =BK44/BI44-1 -> -0.10076835
C45: 문경복 | D45: 소계 | E45: =SUM(E46:E47) -> 90 | F45: =SUM(F46:F47) -> 86 | G45: =SUM(G46:G47) -> 114467 | H45: =SUM(H46:H47) -> 143488 | I45: =SUM(I46:I47) -> 162000 | J45: =I45/H45-1 -> 0.12901427 | K45: =SUM(K46:K47) -> 117580 | L45: =SUM(L46:L47) -> 132030 | M45: =SUM(M46:M47) -> 120806 | N45: =M45/L45 -> 0.91498902 | O45: =M45/K45-1 -> 0.027436639 | P45: =SUM(P46:P47) -> 8614 | Q45: =SUM(Q46:Q47) -> 11340 | R45: =SUM(R46:R47) -> 11856 | S45: =R45/Q45 -> 1.0455026 | T45: =R45/P45-1 -> 0.37636406 | U45: =SUM(U46:U47) -> 8742 | V45: =SUM(V46:V47) -> 12960 | W45: =SUM(W46:W47) -> 12382 | X45: =W45/V45 -> 0.95540123 | Y45: =W45/U45-1 -> 0.41638069 | Z45: =SUM(Z46:Z47) -> 12876 | AA45: =SUM(AA46:AA47) -> 14580 | AB45: =SUM(AB46:AB47) -> 11742 | AC45: =AB45/AA45 -> 0.80534979 | AD45: =AB45/Z45-1 -> -0.088070829 | AE45: =SUM(AE46:AE47) -> 14540 | AF45: =SUM(AF46:AF47) -> 12960 | AG45: =SUM(AG46:AG47) -> 12674 | AH45: =AG45/AF45 -> 0.9779321 | AI45: =AG45/AE45-1 -> -0.12833563 | AJ45: =SUM(AJ46:AJ47) -> 10992 | AK45: =SUM(AK46:AK47) -> 12960 | AL45: =SUM(AL46:AL47) -> 13058 | AM45: =AL45/AK45 -> 1.0075617 | AN45: =AL45/AJ45-1 -> 0.18795488 | AO45: =SUM(AO46:AO47) -> 11056 | AP45: =SUM(AP46:AP47) -> 12960 | AQ45: =SUM(AQ46:AQ47) -> 9742 | AR45: =AQ45/AP45 -> 0.75169753 | AS45: =AQ45/AO45-1 -> -0.11884949 | AT45: =SUM(AT46:AT47) -> 13268 | AU45: =SUM(AU46:AU47) -> 12960 | AV45: =SUM(AV46:AV47) -> 13492 | AW45: =AV45/AU45 -> 1.0410494 | AX45: =AV45/AT45-1 -> 0.016882725 | AY45: =SUM(AY46:AY47) -> 12616 | AZ45: =SUM(AZ46:AZ47) -> 12960 | BA45: =SUM(BA46:BA47) -> 11454 | BB45: =BA45/AZ45 -> 0.8837963 | BC45: =BA45/AY45-1 -> -0.092105263 | BD45: =SUM(BD46:BD47) -> 11394 | BE45: =SUM(BE46:BE47) -> 12960 | BF45: =SUM(BF46:BF47) -> 11792 | BG45: =BF45/BE45 -> 0.90987654 | BH45: =BF45/BD45-1 -> 0.034930665 | BI45: =SUM(BI46:BI47) -> 13482 | BJ45: =SUM(BJ46:BJ47) -> 15390 | BK45: =SUM(BK46:BK47) -> 12614 | BL45: =BK45/BJ45 -> 0.81962313 | BM45: =BK45/BI45-1 -> -0.064382139
D46: Fleet | J46: =I46/H46-1 -> #DIV/0! | K46: =P46+U46+Z46+AE46+AJ46+AO46+AT46+AY46+BD46+BI46+BN46+BS46 -> 0 | L46: =Q46+V46+AA46+AF46+AK46+AP46+AU46+AZ46+BE46+BJ46+BO46+BT46 -> 0 | M46: =R46+W46+AB46+AG46+AL46+AQ46+AV46+BA46+BF46+BK46+BP46+BU46 -> 0 | N46: =M46/L46 -> #DIV/0! | O46: =M46/K46-1 -> #DIV/0! | S46: =R46/Q46 -> #DIV/0! | T46: =R46/P46-1 -> #DIV/0! | X46: =W46/V46 -> #DIV/0! | Y46: =W46/U46-1 -> #DIV/0! | AB46: 0 | AC46: =AB46/AA46 -> #DIV/0! | AD46: =AB46/Z46-1 -> #DIV/0! | AH46: =AG46/AF46 -> #DIV/0! | AI46: =AG46/AE46-1 -> #DIV/0! | AM46: =AL46/AK46 -> #DIV/0! | AN46: =AL46/AJ46-1 -> #DIV/0! | AR46: =AQ46/AP46 -> #DIV/0! | AS46: =AQ46/AO46-1 -> #DIV/0! | AW46: =AV46/AU46 -> #DIV/0! | AX46: =AV46/AT46-1 -> #DIV/0! | BB46: =BA46/AZ46 -> #DIV/0! | BC46: =BA46/AY46-1 -> #DIV/0! | BG46: =BF46/BE46 -> #DIV/0! | BH46: =BF46/BD46-1 -> #DIV/0! | BL46: =BK46/BJ46 -> #DIV/0! | BM46: =BK46/BI46-1 -> #DIV/0!
D47: LCC | E47: 90 | F47: 86 | G47: 114467 | H47: 143488 | I47: 162000 | J47: =I47/H47-1 -> 0.12901427 | K47: =P47+U47+Z47+AE47+AJ47+AO47+AT47+AY47+BD47+BI47+BN47+BS47 -> 117580 | L47: =Q47+V47+AA47+AF47+AK47+AP47+AU47+AZ47+BE47+BJ47+BO47+BT47 -> 132030 | M47: =R47+W47+AB47+AG47+AL47+AQ47+AV47+BA47+BF47+BK47+BP47+BU47 -> 120806 | N47: =M47/L47 -> 0.91498902 | O47: =M47/K47-1 -> 0.027436639 | P47: 8614 | Q47: 11340 | R47: 11856 | S47: =R47/Q47 -> 1.0455026 | T47: =R47/P47-1 -> 0.37636406 | U47: 8742 | V47: 12960 | W47: 12382 | X47: =W47/V47 -> 0.95540123 | Y47: =W47/U47-1 -> 0.41638069 | Z47: 12876 | AA47: 14580 | AB47: 11742 | AC47: =AB47/AA47 -> 0.80534979 | AD47: =AB47/Z47-1 -> -0.088070829 | AE47: 14540 | AF47: 12960 | AG47: 12674 | AH47: =AG47/AF47 -> 0.9779321 | AI47: =AG47/AE47-1 -> -0.12833563 | AJ47: 10992 | AK47: 12960 | AL47: 13058 | AM47: =AL47/AK47 -> 1.0075617 | AN47: =AL47/AJ47-1 -> 0.18795488 | AO47: 11056 | AP47: 12960 | AQ47: 9742 | AR47: =AQ47/AP47 -> 0.75169753 | AS47: =AQ47/AO47-1 -> -0.11884949 | AT47: 13268 | AU47: 12960 | AV47: 13492 | AW47: =AV47/AU47 -> 1.0410494 | AX47: =AV47/AT47-1 -> 0.016882725 | AY47: 12616 | AZ47: 12960 | BA47: 11454 | BB47: =BA47/AZ47 -> 0.8837963 | BC47: =BA47/AY47-1 -> -0.092105263 | BD47: 11394 | BE47: 12960 | BF47: 11792 | BG47: =BF47/BE47 -> 0.90987654 | BH47: =BF47/BD47-1 -> 0.034930665 | BI47: 13482 | BJ47: 15390 | BK47: 12614 | BL47: =BK47/BJ47 -> 0.81962313 | BM47: =BK47/BI47-1 -> -0.064382139
B48: 미추홀팀 | C48: 합계 | E48: =E49+E52 -> 188 | F48: =F49+F52 -> 178 | G48: =G49+G52 -> 611068 | H48: =H49+H52 -> 681035 | I48: =I49+I52 -> 750000 | J48: =I48/H48-1 -> 0.10126499 | K48: =K49+K52 -> 575469 | L48: =L49+L52 -> 611250 | M48: =M49+M52 -> 595025 | N48: =M48/L48 -> 0.97345603 | O48: =M48/K48-1 -> 0.033982717 | P48: =P49+P52 -> 51458 | Q48: =Q49+Q52 -> 52500 | R48: =R49+R52 -> 43848 | S48: =R48/Q48 -> 0.8352 | T48: =R48/P48-1 -> -0.1478876 | U48: =U49+U52 -> 41572 | V48: =V49+V52 -> 60000 | W48: =W49+W52 -> 49035 | X48: =W48/V48 -> 0.81725 | Y48: =W48/U48-1 -> 0.17951987 | Z48: =Z49+Z52 -> 111312 | AA48: =AA49+AA52 -> 67500 | AB48: =AB49+AB52 -> 60892 | AC48: =AB48/AA48 -> 0.9021037 | AD48: =AB48/Z48-1 -> -0.45296105 | AE48: =AE49+AE52 -> 45296 | AF48: =AF49+AF52 -> 60000 | AG48: =AG49+AG52 -> 66140 | AH48: =AG48/AF48 -> 1.1023333 | AI48: =AG48/AE48-1 -> 0.46017308 | AJ48: =AJ49+AJ52 -> 45576 | AK48: =AK49+AK52 -> 60000 | AL48: =AL49+AL52 -> 81294 | AM48: =AL48/AK48 -> 1.3549 | AN48: =AL48/AJ48-1 -> 0.78370195 | AO48: =AO49+AO52 -> 57196 | AP48: =AP49+AP52 -> 60000 | AQ48: =AQ49+AQ52 -> 77020 | AR48: =AQ48/AP48 -> 1.2836667 | AS48: =AQ48/AO48-1 -> 0.34659766 | AT48: =AT49+AT52 -> 45164 | AU48: =AU49+AU52 -> 60000 | AV48: =AV49+AV52 -> 45132 | AW48: =AV48/AU48 -> 0.7522 | AX48: =AV48/AT48-1 -> -0.00070852892 | AY48: =AY49+AY52 -> 49634 | AZ48: =AZ49+AZ52 -> 60000 | BA48: =BA49+BA52 -> 49406 | BB48: =BA48/AZ48 -> 0.82343333 | BC48: =BA48/AY48-1 -> -0.0045936253 | BD48: =BD49+BD52 -> 47638 | BE48: =BE49+BE52 -> 60000 | BF48: =BF49+BF52 -> 60172 | BG48: =BF48/BE48 -> 1.0028667 | BH48: =BF48/BD48-1 -> 0.26310928 | BI48: =BI49+BI52 -> 80623 | BJ48: =BJ49+BJ52 -> 71250 | BK48: =BK49+BK52 -> 62086 | BL48: =BK48/BJ48 -> 0.87138246 | BM48: =BK48/BI48-1 -> -0.22992198
C49: 정승윤 | D49: 소계 | E49: =SUM(E50:E51) -> 70 | F49: =SUM(F50:F51) -> 61 | G49: =SUM(G50:G51) -> 303259 | H49: =SUM(H50:H51) -> 333210 | I49: =SUM(I50:I51) -> 367000 | J49: =I49/H49-1 -> 0.10140752 | K49: =SUM(K50:K51) -> 281510 | L49: =SUM(L50:L51) -> 299105 | M49: =SUM(M50:M51) -> 281928 | N49: =M49/L49 -> 0.94257201 | O49: =M49/K49-1 -> 0.0014848496 | P49: =SUM(P50:P51) -> 21638 | Q49: =SUM(Q50:Q51) -> 25690 | R49: =SUM(R50:R51) -> 16892 | S49: =R49/Q49 -> 0.65753211 | T49: =R49/P49-1 -> -0.21933635 | U49: =SUM(U50:U51) -> 16904 | V49: =SUM(V50:V51) -> 29360 | W49: =SUM(W50:W51) -> 20072 | X49: =W49/V49 -> 0.68365123 | Y49: =W49/U49-1 -> 0.18741126 | Z49: =SUM(Z50:Z51) -> 35190 | AA49: =SUM(AA50:AA51) -> 33030 | AB49: =SUM(AB50:AB51) -> 32212 | AC49: =AB49/AA49 -> 0.97523464 | AD49: =AB49/Z49-1 -> -0.084626314 | AE49: =SUM(AE50:AE51) -> 24832 | AF49: =SUM(AF50:AF51) -> 29360 | AG49: =SUM(AG50:AG51) -> 30702 | AH49: =AG49/AF49 -> 1.0457084 | AI49: =AG49/AE49-1 -> 0.23638853 | AJ49: =SUM(AJ50:AJ51) -> 26176 | AK49: =SUM(AK50:AK51) -> 29360 | AL49: =SUM(AL50:AL51) -> 47558 | AM49: =AL49/AK49 -> 1.6198229 | AN49: =AL49/AJ49-1 -> 0.81685513 | AO49: =SUM(AO50:AO51) -> 34934 | AP49: =SUM(AP50:AP51) -> 29360 | AQ49: =SUM(AQ50:AQ51) -> 33752 | AR49: =AQ49/AP49 -> 1.1495913 | AS49: =AQ49/AO49-1 -> -0.033835232 | AT49: =SUM(AT50:AT51) -> 24026 | AU49: =SUM(AU50:AU51) -> 29360 | AV49: =SUM(AV50:AV51) -> 18078 | AW49: =AV49/AU49 -> 0.61573569 | AX49: =AV49/AT49-1 -> -0.24756514 | AY49: =SUM(AY50:AY51) -> 25470 | AZ49: =SUM(AZ50:AZ51) -> 29360 | BA49: =SUM(BA50:BA51) -> 23708 | BB49: =BA49/AZ49 -> 0.80749319 | BC49: =BA49/AY49-1 -> -0.069179427 | BD49: =SUM(BD50:BD51) -> 22658 | BE49: =SUM(BE50:BE51) -> 29360 | BF49: =SUM(BF50:BF51) -> 28972 | BG49: =BF49/BE49 -> 0.98678474 | BH49: =BF49/BD49-1 -> 0.27866537 | BI49: =SUM(BI50:BI51) -> 49682 | BJ49: =SUM(BJ50:BJ51) -> 34865 | BK49: =SUM(BK50:BK51) -> 29982 | BL49: =BK49/BJ49 -> 0.8599455 | BM49: =BK49/BI49-1 -> -0.39652188
D50: Fleet | E50: 25 | F50: 20 | G50: 59454 | H50: 59996 | I50: 66000 | J50: =I50/H50-1 -> 0.10007334 | K50: =P50+U50+Z50+AE50+AJ50+AO50+AT50+AY50+BD50+BI50+BN50+BS50 -> 47064 | L50: =Q50+V50+AA50+AF50+AK50+AP50+AU50+AZ50+BE50+BJ50+BO50+BT50 -> 53790 | M50: =R50+W50+AB50+AG50+AL50+AQ50+AV50+BA50+BF50+BK50+BP50+BU50 -> 44384 | N50: =M50/L50 -> 0.82513478 | O50: =M50/K50-1 -> -0.056943736 | P50: 1960 | Q50: 4620 | R50: 3700 | S50: =R50/Q50 -> 0.8008658 | T50: =R50/P50-1 -> 0.8877551 | U50: 2680 | V50: 5280 | W50: 1520 | X50: =W50/V50 -> 0.28787879 | Y50: =W50/U50-1 -> -0.43283582 | Z50: 10920 | AA50: 5940 | AB50: 8852 | AC50: =AB50/AA50 -> 1.4902357 | AD50: =AB50/Z50-1 -> -0.18937729 | AE50: 2000 | AF50: 5280 | AG50: 2284 | AH50: =AG50/AF50 -> 0.43257576 | AI50: =AG50/AE50-1 -> 0.142 | AJ50: 4612 | AK50: 5280 | AL50: 6092 | AM50: =AL50/AK50 -> 1.1537879 | AN50: =AL50/AJ50-1 -> 0.32090199 | AO50: 11980 | AP50: 5280 | AQ50: 12332 | AR50: =AQ50/AP50 -> 2.3356061 | AS50: =AQ50/AO50-1 -> 0.029382304 | AT50: 2404 | AU50: 5280 | AV50: 1932 | AW50: =AV50/AU50 -> 0.36590909 | AX50: =AV50/AT50-1 -> -0.19633943 | AY50: 4184 | AZ50: 5280 | BA50: 2208 | BB50: =BA50/AZ50 -> 0.41818182 | BC50: =BA50/AY50-1 -> -0.47227533 | BD50: 2224 | BE50: 5280 | BF50: 3524 | BG50: =BF50/BE50 -> 0.66742424 | BH50: =BF50/BD50-1 -> 0.58453237 | BI50: 4100 | BJ50: 6270 | BK50: 1940 | BL50: =BK50/BJ50 -> 0.30940989 | BM50: =BK50/BI50-1 -> -0.52682927
D51: LCC | E51: 45 | F51: 41 | G51: 243805 | H51: 273214 | I51: 301000 | J51: =I51/H51-1 -> 0.1017005 | K51: =P51+U51+Z51+AE51+AJ51+AO51+AT51+AY51+BD51+BI51+BN51+BS51 -> 234446 | L51: =Q51+V51+AA51+AF51+AK51+AP51+AU51+AZ51+BE51+BJ51+BO51+BT51 -> 245315 | M51: =R51+W51+AB51+AG51+AL51+AQ51+AV51+BA51+BF51+BK51+BP51+BU51 -> 237544 | N51: =M51/L51 -> 0.96832236 | O51: =M51/K51-1 -> 0.01321413 | P51: 19678 | Q51: 21070 | R51: 13192 | S51: =R51/Q51 -> 0.62610346 | T51: =R51/P51-1 -> -0.32960667 | U51: 14224 | V51: 24080 | W51: 18552 | X51: =W51/V51 -> 0.77043189 | Y51: =W51/U51-1 -> 0.30427447 | Z51: 24270 | AA51: 27090 | AB51: 23360 | AC51: =AB51/AA51 -> 0.86231082 | AD51: =AB51/Z51-1 -> -0.03749485 | AE51: 22832 | AF51: 24080 | AG51: 28418 | AH51: =AG51/AF51 -> 1.1801495 | AI51: =AG51/AE51-1 -> 0.24465662 | AJ51: 21564 | AK51: 24080 | AL51: 41466 | AM51: =AL51/AK51 -> 1.72201 | AN51: =AL51/AJ51-1 -> 0.9229271 | AO51: 22954 | AP51: 24080 | AQ51: 21420 | AR51: =AQ51/AP51 -> 0.88953488 | AS51: =AQ51/AO51-1 -> -0.066829311 | AT51: 21622 | AU51: 24080 | AV51: 16146 | AW51: =AV51/AU51 -> 0.67051495 | AX51: =AV51/AT51-1 -> -0.25326057 | AY51: 21286 | AZ51: 24080 | BA51: 21500 | BB51: =BA51/AZ51 -> 0.89285714 | BC51: =BA51/AY51-1 -> 0.010053556 | BD51: 20434 | BE51: 24080 | BF51: 25448 | BG51: =BF51/BE51 -> 1.0568106 | BH51: =BF51/BD51-1 -> 0.24537535 | BI51: 45582 | BJ51: 28595 | BK51: 28042 | BL51: =BK51/BJ51 -> 0.98066095 | BM51: =BK51/BI51-1 -> -0.38480102
C52: 이병훈 | D52: 소계 | E52: =SUM(E53:E54) -> 118 | F52: =SUM(F53:F54) -> 117 | G52: =SUM(G53:G54) -> 307809 | H52: =SUM(H53:H54) -> 347825 | I52: =SUM(I53:I54) -> 383000 | J52: =I52/H52-1 -> 0.10112844 | K52: =SUM(K53:K54) -> 293959 | L52: =SUM(L53:L54) -> 312145 | M52: =SUM(M53:M54) -> 313097 | N52: =M52/L52 -> 1.0030499 | O52: =M52/K52-1 -> 0.065104317 | P52: =SUM(P53:P54) -> 29820 | Q52: =SUM(Q53:Q54) -> 26810 | R52: =SUM(R53:R54) -> 26956 | S52: =R52/Q52 -> 1.0054457 | T52: =R52/P52-1 -> -0.096042924 | U52: =SUM(U53:U54) -> 24668 | V52: =SUM(V53:V54) -> 30640 | W52: =SUM(W53:W54) -> 28963 | X52: =W52/V52 -> 0.94526762 | Y52: =W52/U52-1 -> 0.17411221 | Z52: =SUM(Z53:Z54) -> 76122 | AA52: =SUM(AA53:AA54) -> 34470 | AB52: =SUM(AB53:AB54) -> 28680 | AC52: =AB52/AA52 -> 0.83202785 | AD52: =AB52/Z52-1 -> -0.62323638 | AE52: =SUM(AE53:AE54) -> 20464 | AF52: =SUM(AF53:AF54) -> 30640 | AG52: =SUM(AG53:AG54) -> 35438 | AH52: =AG52/AF52 -> 1.1565927 | AI52: =AG52/AE52-1 -> 0.731724 | AJ52: =SUM(AJ53:AJ54) -> 19400 | AK52: =SUM(AK53:AK54) -> 30640 | AL52: =SUM(AL53:AL54) -> 33736 | AM52: =AL52/AK52 -> 1.1010444 | AN52: =AL52/AJ52-1 -> 0.73896907 | AO52: =SUM(AO53:AO54) -> 22262 | AP52: =SUM(AP53:AP54) -> 30640 | AQ52: =SUM(AQ53:AQ54) -> 43268 | AR52: =AQ52/AP52 -> 1.412141 | AS52: =AQ52/AO52-1 -> 0.94358099 | AT52: =SUM(AT53:AT54) -> 21138 | AU52: =SUM(AU53:AU54) -> 30640 | AV52: =SUM(AV53:AV54) -> 27054 | AW52: =AV52/AU52 -> 0.88296345 | AX52: =AV52/AT52-1 -> 0.27987511 | AY52: =SUM(AY53:AY54) -> 24164 | AZ52: =SUM(AZ53:AZ54) -> 30640 | BA52: =SUM(BA53:BA54) -> 25698 | BB52: =BA52/AZ52 -> 0.83870757 | BC52: =BA52/AY52-1 -> 0.063482867 | BD52: =SUM(BD53:BD54) -> 24980 | BE52: =SUM(BE53:BE54) -> 30640 | BF52: =SUM(BF53:BF54) -> 31200 | BG52: =BF52/BE52 -> 1.0182768 | BH52: =BF52/BD52-1 -> 0.2489992 | BI52: =SUM(BI53:BI54) -> 30941 | BJ52: =SUM(BJ53:BJ54) -> 36385 | BK52: =SUM(BK53:BK54) -> 32104 | BL52: =BK52/BJ52 -> 0.88234162 | BM52: =BK52/BI52-1 -> 0.037587667
D53: Fleet | E53: 104 | F53: 103 | G53: 251303 | H53: 274321 | I53: 302000 | J53: =I53/H53-1 -> 0.10090004 | K53: =P53+U53+Z53+AE53+AJ53+AO53+AT53+AY53+BD53+BI53+BN53+BS53 -> 230161 | L53: =Q53+V53+AA53+AF53+AK53+AP53+AU53+AZ53+BE53+BJ53+BO53+BT53 -> 246130 | M53: =R53+W53+AB53+AG53+AL53+AQ53+AV53+BA53+BF53+BK53+BP53+BU53 -> 242137 | N53: =M53/L53 -> 0.98377687 | O53: =M53/K53-1 -> 0.052033142 | P53: 25714 | Q53: 21140 | R53: 21160 | S53: =R53/Q53 -> 1.0009461 | T53: =R53/P53-1 -> -0.17710197 | U53: 20508 | V53: 24160 | W53: 21759 | X53: =W53/V53 -> 0.90062086 | Y53: =W53/U53-1 -> 0.061000585 | Z53: 69998 | AA53: 27180 | AB53: 22044 | AC53: =AB53/AA53 -> 0.81103753 | AD53: =AB53/Z53-1 -> -0.68507672 | AE53: 13312 | AF53: 24160 | AG53: 29102 | AH53: =AG53/AF53 -> 1.204553 | AI53: =AG53/AE53-1 -> 1.1861478 | AJ53: 12980 | AK53: 24160 | AL53: 22924 | AM53: =AL53/AK53 -> 0.94884106 | AN53: =AL53/AJ53-1 -> 0.76610169 | AO53: 15642 | AP53: 24160 | AQ53: 31252 | AR53: =AQ53/AP53 -> 1.293543 | AS53: =AQ53/AO53-1 -> 0.99795423 | AT53: 15878 | AU53: 24160 | AV53: 24558 | AW53: =AV53/AU53 -> 1.0164735 | AX53: =AV53/AT53-1 -> 0.54666835 | AY53: 18064 | AZ53: 24160 | BA53: 22542 | BB53: =BA53/AZ53 -> 0.9330298 | BC53: =BA53/AY53-1 -> 0.24789637 | BD53: 18840 | BE53: 24160 | BF53: 24772 | BG53: =BF53/BE53 -> 1.0253311 | BH53: =BF53/BD53-1 -> 0.314862 | BI53: 19225 | BJ53: 28690 | BK53: 22024 | BL53: =BK53/BJ53 -> 0.76765423 | BM53: =BK53/BI53-1 -> 0.14559168
D54: LCC | E54: 14 | F54: 14 | G54: 56506 | H54: 73504 | I54: 81000 | J54: =I54/H54-1 -> 0.10198084 | K54: =P54+U54+Z54+AE54+AJ54+AO54+AT54+AY54+BD54+BI54+BN54+BS54 -> 63798 | L54: =Q54+V54+AA54+AF54+AK54+AP54+AU54+AZ54+BE54+BJ54+BO54+BT54 -> 66015 | M54: =R54+W54+AB54+AG54+AL54+AQ54+AV54+BA54+BF54+BK54+BP54+BU54 -> 70960 | N54: =M54/L54 -> 1.0749072 | O54: =M54/K54-1 -> 0.11226057 | P54: 4106 | Q54: 5670 | R54: 5796 | S54: =R54/Q54 -> 1.0222222 | T54: =R54/P54-1 -> 0.41159279 | U54: 4160 | V54: 6480 | W54: 7204 | X54: =W54/V54 -> 1.1117284 | Y54: =W54/U54-1 -> 0.73173077 | Z54: 6124 | AA54: 7290 | AB54: 6636 | AC54: =AB54/AA54 -> 0.91028807 | AD54: =AB54/Z54-1 -> 0.083605487 | AE54: 7152 | AF54: 6480 | AG54: 6336 | AH54: =AG54/AF54 -> 0.97777778 | AI54: =AG54/AE54-1 -> -0.11409396 | AJ54: 6420 | AK54: 6480 | AL54: 10812 | AM54: =AL54/AK54 -> 1.6685185 | AN54: =AL54/AJ54-1 -> 0.68411215 | AO54: 6620 | AP54: 6480 | AQ54: 12016 | AR54: =AQ54/AP54 -> 1.854321 | AS54: =AQ54/AO54-1 -> 0.81510574 | AT54: 5260 | AU54: 6480 | AV54: 2496 | AW54: =AV54/AU54 -> 0.38518519 | AX54: =AV54/AT54-1 -> -0.52547529 | AY54: 6100 | AZ54: 6480 | BA54: 3156 | BB54: =BA54/AZ54 -> 0.48703704 | BC54: =BA54/AY54-1 -> -0.48262295 | BD54: 6140 | BE54: 6480 | BF54: 6428 | BG54: =BF54/BE54 -> 0.99197531 | BH54: =BF54/BD54-1 -> 0.046905537 | BI54: 11716 | BJ54: 7695 | BK54: 10080 | BL54: =BK54/BJ54 -> 1.3099415 | BM54: =BK54/BI54-1 -> -0.1396381
B55: 랜더스팀 | C55: 합계 | E55: =E56+E59 -> 159 | F55: =F56+F59 -> 154 | G55: =G56+G59 -> 231456 | H55: =H56+H59 -> 265074 | I55: =I56+I59 -> 300000 | J55: =I55/H55-1 -> 0.13175943 | K55: =K56+K59 -> 216703 | L55: =L56+L59 -> 244500 | M55: =M56+M59 -> 230987 | N55: =M55/L55 -> 0.94473211 | O55: =M55/K55-1 -> 0.0659151 | P55: =P56+P59 -> 21467 | Q55: =Q56+Q59 -> 21000 | R55: =R56+R59 -> 16550 | S55: =R55/Q55 -> 0.78809524 | T55: =R55/P55-1 -> -0.22904924 | U55: =U56+U59 -> 19730 | V55: =V56+V59 -> 24000 | W55: =W56+W59 -> 20077 | X55: =W55/V55 -> 0.83654167 | Y55: =W55/U55-1 -> 0.01758743 | Z55: =Z56+Z59 -> 20764 | AA55: =AA56+AA59 -> 27000 | AB55: =AB56+AB59 -> 21952 | AC55: =AB55/AA55 -> 0.81303704 | AD55: =AB55/Z55-1 -> 0.05721441 | AE55: =AE56+AE59 -> 21938 | AF55: =AF56+AF59 -> 24000 | AG55: =AG56+AG59 -> 24115 | AH55: =AG55/AF55 -> 1.0047917 | AI55: =AG55/AE55-1 -> 0.099234205 | AJ55: =AJ56+AJ59 -> 22265 | AK55: =AK56+AK59 -> 24000 | AL55: =AL56+AL59 -> 26146 | AM55: =AL55/AK55 -> 1.0894167 | AN55: =AL55/AJ55-1 -> 0.17430945 | AO55: =AO56+AO59 -> 21398 | AP55: =AP56+AP59 -> 24000 | AQ55: =AQ56+AQ59 -> 23244 | AR55: =AQ55/AP55 -> 0.9685 | AS55: =AQ55/AO55-1 -> 0.086269745 | AT55: =AT56+AT59 -> 22294 | AU55: =AU56+AU59 -> 24000 | AV55: =AV56+AV59 -> 24062 | AW55: =AV55/AU55 -> 1.0025833 | AX55: =AV55/AT55-1 -> 0.079303849 | AY55: =AY56+AY59 -> 22017 | AZ55: =AZ56+AZ59 -> 24000 | BA55: =BA56+BA59 -> 22573 | BB55: =BA55/AZ55 -> 0.94054167 | BC55: =BA55/AY55-1 -> 0.025253213 | BD55: =BD56+BD59 -> 20017 | BE55: =BE56+BE59 -> 24000 | BF55: =BF56+BF59 -> 26159 | BG55: =BF55/BE55 -> 1.0899583 | BH55: =BF55/BD55-1 -> 0.30683919 | BI55: =BI56+BI59 -> 24813 | BJ55: =BJ56+BJ59 -> 28500 | BK55: =BK56+BK59 -> 26109 | BL55: =BK55/BJ55 -> 0.91610526 | BM55: =BK55/BI55-1 -> 0.052230686
C56: 주우철 | D56: 소계 | E56: =SUM(E57:E58) -> 75 | F56: =SUM(F57:F58) -> 71 | G56: =SUM(G57:G58) -> 136632 | H56: =SUM(H57:H58) -> 162272 | I56: =SUM(I57:I58) -> 184000 | J56: =I56/H56-1 -> 0.13389864 | K56: =SUM(K57:K58) -> 132654 | L56: =SUM(L57:L58) -> 149960 | M56: =SUM(M57:M58) -> 145929 | N56: =M56/L56 -> 0.9731195 | O56: =M56/K56-1 -> 0.10007237 | P56: =SUM(P57:P58) -> 12552 | Q56: =SUM(Q57:Q58) -> 12880 | R56: =SUM(R57:R58) -> 10460 | S56: =R56/Q56 -> 0.8121118 | T56: =R56/P56-1 -> -0.16666667 | U56: =SUM(U57:U58) -> 12168 | V56: =SUM(V57:V58) -> 14720 | W56: =SUM(W57:W58) -> 11605 | X56: =W56/V56 -> 0.78838315 | Y56: =W56/U56-1 -> -0.046268902 | Z56: =SUM(Z57:Z58) -> 12558 | AA56: =SUM(AA57:AA58) -> 16560 | AB56: =SUM(AB57:AB58) -> 13706 | AC56: =AB56/AA56 -> 0.827657 | AD56: =AB56/Z56-1 -> 0.091415831 | AE56: =SUM(AE57:AE58) -> 13516 | AF56: =SUM(AF57:AF58) -> 14720 | AG56: =SUM(AG57:AG58) -> 15127 | AH56: =AG56/AF56 -> 1.0276495 | AI56: =AG56/AE56-1 -> 0.11919207 | AJ56: =SUM(AJ57:AJ58) -> 13465 | AK56: =SUM(AK57:AK58) -> 14720 | AL56: =SUM(AL57:AL58) -> 16692 | AM56: =AL56/AK56 -> 1.1339674 | AN56: =AL56/AJ56-1 -> 0.23965837 | AO56: =SUM(AO57:AO58) -> 13330 | AP56: =SUM(AP57:AP58) -> 14720 | AQ56: =SUM(AQ57:AQ58) -> 14498 | AR56: =AQ56/AP56 -> 0.98491848 | AS56: =AQ56/AO56-1 -> 0.087621905 | AT56: =SUM(AT57:AT58) -> 13318 | AU56: =SUM(AU57:AU58) -> 14720 | AV56: =SUM(AV57:AV58) -> 15384 | AW56: =AV56/AU56 -> 1.0451087 | AX56: =AV56/AT56-1 -> 0.1551284 | AY56: =SUM(AY57:AY58) -> 13641 | AZ56: =SUM(AZ57:AZ58) -> 14720 | BA56: =SUM(BA57:BA58) -> 14849 | BB56: =BA56/AZ56 -> 1.0087636 | BC56: =BA56/AY56-1 -> 0.088556557 | BD56: =SUM(BD57:BD58) -> 11975 | BE56: =SUM(BE57:BE58) -> 14720 | BF56: =SUM(BF57:BF58) -> 17173 | BG56: =BF56/BE56 -> 1.166644 | BH56: =BF56/BD56-1 -> 0.43407098 | BI56: =SUM(BI57:BI58) -> 16131 | BJ56: =SUM(BJ57:BJ58) -> 17480 | BK56: =SUM(BK57:BK58) -> 16435 | BL56: =BK56/BJ56 -> 0.94021739 | BM56: =BK56/BI56-1 -> 0.018845701
D57: Fleet | J57: =I57/H57-1 -> #DIV/0! | K57: =P57+U57+Z57+AE57+AJ57+AO57+AT57+AY57+BD57+BI57+BN57+BS57 -> 0 | L57: =Q57+V57+AA57+AF57+AK57+AP57+AU57+AZ57+BE57+BJ57+BO57+BT57 -> 0 | M57: =R57+W57+AB57+AG57+AL57+AQ57+AV57+BA57+BF57+BK57+BP57+BU57 -> 0 | N57: =M57/L57 -> #DIV/0! | O57: =M57/K57-1 -> #DIV/0! | S57: =R57/Q57 -> #DIV/0! | T57: =R57/P57-1 -> #DIV/0! | X57: =W57/V57 -> #DIV/0! | Y57: =W57/U57-1 -> #DIV/0! | AC57: =AB57/AA57 -> #DIV/0! | AD57: =AB57/Z57-1 -> #DIV/0! | AH57: =AG57/AF57 -> #DIV/0! | AI57: =AG57/AE57-1 -> #DIV/0! | AM57: =AL57/AK57 -> #DIV/0! | AN57: =AL57/AJ57-1 -> #DIV/0! | AR57: =AQ57/AP57 -> #DIV/0! | AS57: =AQ57/AO57-1 -> #DIV/0! | AW57: =AV57/AU57 -> #DIV/0! | AX57: =AV57/AT57-1 -> #DIV/0! | BB57: =BA57/AZ57 -> #DIV/0! | BC57: =BA57/AY57-1 -> #DIV/0! | BG57: =BF57/BE57 -> #DIV/0! | BH57: =BF57/BD57-1 -> #DIV/0! | BL57: =BK57/BJ57 -> #DIV/0! | BM57: =BK57/BI57-1 -> #DIV/0!
D58: LCC | E58: 75 | F58: 71 | G58: 136632 | H58: 162272 | I58: 184000 | J58: =I58/H58-1 -> 0.13389864 | K58: =P58+U58+Z58+AE58+AJ58+AO58+AT58+AY58+BD58+BI58+BN58+BS58 -> 132654 | L58: =Q58+V58+AA58+AF58+AK58+AP58+AU58+AZ58+BE58+BJ58+BO58+BT58 -> 149960 | M58: =R58+W58+AB58+AG58+AL58+AQ58+AV58+BA58+BF58+BK58+BP58+BU58 -> 145929 | N58: =M58/L58 -> 0.9731195 | O58: =M58/K58-1 -> 0.10007237 | P58: 12552 | Q58: 12880 | R58: 10460 | S58: =R58/Q58 -> 0.8121118 | T58: =R58/P58-1 -> -0.16666667 | U58: 12168 | V58: 14720 | W58: 11605 | X58: =W58/V58 -> 0.78838315 | Y58: =W58/U58-1 -> -0.046268902 | Z58: 12558 | AA58: 16560 | AB58: 13706 | AC58: =AB58/AA58 -> 0.827657 | AD58: =AB58/Z58-1 -> 0.091415831 | AE58: 13516 | AF58: 14720 | AG58: 15127 | AH58: =AG58/AF58 -> 1.0276495 | AI58: =AG58/AE58-1 -> 0.11919207 | AJ58: 13465 | AK58: 14720 | AL58: 16692 | AM58: =AL58/AK58 -> 1.1339674 | AN58: =AL58/AJ58-1 -> 0.23965837 | AO58: 13330 | AP58: 14720 | AQ58: 14498 | AR58: =AQ58/AP58 -> 0.98491848 | AS58: =AQ58/AO58-1 -> 0.087621905 | AT58: 13318 | AU58: 14720 | AV58: 15384 | AW58: =AV58/AU58 -> 1.0451087 | AX58: =AV58/AT58-1 -> 0.1551284 | AY58: 13641 | AZ58: 14720 | BA58: 14849 | BB58: =BA58/AZ58 -> 1.0087636 | BC58: =BA58/AY58-1 -> 0.088556557 | BD58: 11975 | BE58: 14720 | BF58: 17173 | BG58: =BF58/BE58 -> 1.166644 | BH58: =BF58/BD58-1 -> 0.43407098 | BI58: 16131 | BJ58: 17480 | BK58: 16435 | BL58: =BK58/BJ58 -> 0.94021739 | BM58: =BK58/BI58-1 -> 0.018845701
C59: 김중호 | D59: 소계 | E59: =SUM(E60:E61) -> 84 | F59: =SUM(F60:F61) -> 83 | G59: =SUM(G60:G61) -> 94824 | H59: =SUM(H60:H61) -> 102802 | I59: =SUM(I60:I61) -> 116000 | J59: =I59/H59-1 -> 0.12838272 | K59: =SUM(K60:K61) -> 84049 | L59: =SUM(L60:L61) -> 94540 | M59: =SUM(M60:M61) -> 85058 | N59: =M59/L59 -> 0.89970383 | O59: =M59/K59-1 -> 0.012004902 | P59: =SUM(P60:P61) -> 8915 | Q59: =SUM(Q60:Q61) -> 8120 | R59: =SUM(R60:R61) -> 6090 | S59: =R59/Q59 -> 0.75 | T59: =R59/P59-1 -> -0.31688166 | U59: =SUM(U60:U61) -> 7562 | V59: =SUM(V60:V61) -> 9280 | W59: =SUM(W60:W61) -> 8472 | X59: =W59/V59 -> 0.91293103 | Y59: =W59/U59-1 -> 0.12033853 | Z59: =SUM(Z60:Z61) -> 8206 | AA59: =SUM(AA60:AA61) -> 10440 | AB59: =SUM(AB60:AB61) -> 8246 | AC59: =AB59/AA59 -> 0.78984674 | AD59: =AB59/Z59-1 -> 0.0048744821 | AE59: =SUM(AE60:AE61) -> 8422 | AF59: =SUM(AF60:AF61) -> 9280 | AG59: =SUM(AG60:AG61) -> 8988 | AH59: =AG59/AF59 -> 0.96853448 | AI59: =AG59/AE59-1 -> 0.067204939 | AJ59: =SUM(AJ60:AJ61) -> 8800 | AK59: =SUM(AK60:AK61) -> 9280 | AL59: =SUM(AL60:AL61) -> 9454 | AM59: =AL59/AK59 -> 1.01875 | AN59: =AL59/AJ59-1 -> 0.074318182 | AO59: =SUM(AO60:AO61) -> 8068 | AP59: =SUM(AP60:AP61) -> 9280 | AQ59: =SUM(AQ60:AQ61) -> 8746 | AR59: =AQ59/AP59 -> 0.9424569 | AS59: =AQ59/AO59-1 -> 0.084035697 | AT59: =SUM(AT60:AT61) -> 8976 | AU59: =SUM(AU60:AU61) -> 9280 | AV59: =SUM(AV60:AV61) -> 8678 | AW59: =AV59/AU59 -> 0.93512931 | AX59: =AV59/AT59-1 -> -0.033199643 | AY59: =SUM(AY60:AY61) -> 8376 | AZ59: =SUM(AZ60:AZ61) -> 9280 | BA59: =SUM(BA60:BA61) -> 7724 | BB59: =BA59/AZ59 -> 0.83232759 | BC59: =BA59/AY59-1 -> -0.077841452 | BD59: =SUM(BD60:BD61) -> 8042 | BE59: =SUM(BE60:BE61) -> 9280 | BF59: =SUM(BF60:BF61) -> 8986 | BG59: =BF59/BE59 -> 0.96831897 | BH59: =BF59/BD59-1 -> 0.11738374 | BI59: =SUM(BI60:BI61) -> 8682 | BJ59: =SUM(BJ60:BJ61) -> 11020 | BK59: =SUM(BK60:BK61) -> 9674 | BL59: =BK59/BJ59 -> 0.87785844 | BM59: =BK59/BI59-1 -> 0.11425939
D60: Fleet | J60: =I60/H60-1 -> #DIV/0! | K60: =P60+U60+Z60+AE60+AJ60+AO60+AT60+AY60+BD60+BI60+BN60+BS60 -> 0 | L60: =Q60+V60+AA60+AF60+AK60+AP60+AU60+AZ60+BE60+BJ60+BO60+BT60 -> 0 | M60: =R60+W60+AB60+AG60+AL60+AQ60+AV60+BA60+BF60+BK60+BP60+BU60 -> 0 | N60: =M60/L60 -> #DIV/0! | O60: =M60/K60-1 -> #DIV/0! | S60: =R60/Q60 -> #DIV/0! | T60: =R60/P60-1 -> #DIV/0! | X60: =W60/V60 -> #DIV/0! | Y60: =W60/U60-1 -> #DIV/0! | AC60: =AB60/AA60 -> #DIV/0! | AD60: =AB60/Z60-1 -> #DIV/0! | AH60: =AG60/AF60 -> #DIV/0! | AI60: =AG60/AE60-1 -> #DIV/0! | AM60: =AL60/AK60 -> #DIV/0! | AN60: =AL60/AJ60-1 -> #DIV/0! | AR60: =AQ60/AP60 -> #DIV/0! | AS60: =AQ60/AO60-1 -> #DIV/0! | AW60: =AV60/AU60 -> #DIV/0! | AX60: =AV60/AT60-1 -> #DIV/0! | BB60: =BA60/AZ60 -> #DIV/0! | BC60: =BA60/AY60-1 -> #DIV/0! | BG60: =BF60/BE60 -> #DIV/0! | BH60: =BF60/BD60-1 -> #DIV/0! | BL60: =BK60/BJ60 -> #DIV/0! | BM60: =BK60/BI60-1 -> #DIV/0!
D61: LCC | E61: 84 | F61: 83 | G61: 94824 | H61: 102802 | I61: 116000 | J61: =I61/H61-1 -> 0.12838272 | K61: =P61+U61+Z61+AE61+AJ61+AO61+AT61+AY61+BD61+BI61+BN61+BS61 -> 84049 | L61: =Q61+V61+AA61+AF61+AK61+AP61+AU61+AZ61+BE61+BJ61+BO61+BT61 -> 94540 | M61: =R61+W61+AB61+AG61+AL61+AQ61+AV61+BA61+BF61+BK61+BP61+BU61 -> 85058 | N61: =M61/L61 -> 0.89970383 | O61: =M61/K61-1 -> 0.012004902 | P61: 8915 | Q61: 8120 | R61: 6090 | S61: =R61/Q61 -> 0.75 | T61: =R61/P61-1 -> -0.31688166 | U61: 7562 | V61: 9280 | W61: 8472 | X61: =W61/V61 -> 0.91293103 | Y61: =W61/U61-1 -> 0.12033853 | Z61: 8206 | AA61: 10440 | AB61: 8246 | AC61: =AB61/AA61 -> 0.78984674 | AD61: =AB61/Z61-1 -> 0.0048744821 | AE61: 8422 | AF61: 9280 | AG61: 8988 | AH61: =AG61/AF61 -> 0.96853448 | AI61: =AG61/AE61-1 -> 0.067204939 | AJ61: 8800 | AK61: 9280 | AL61: 9454 | AM61: =AL61/AK61 -> 1.01875 | AN61: =AL61/AJ61-1 -> 0.074318182 | AO61: 8068 | AP61: 9280 | AQ61: 8746 | AR61: =AQ61/AP61 -> 0.9424569 | AS61: =AQ61/AO61-1 -> 0.084035697 | AT61: 8976 | AU61: 9280 | AV61: 8678 | AW61: =AV61/AU61 -> 0.93512931 | AX61: =AV61/AT61-1 -> -0.033199643 | AY61: 8376 | AZ61: 9280 | BA61: 7724 | BB61: =BA61/AZ61 -> 0.83232759 | BC61: =BA61/AY61-1 -> -0.077841452 | BD61: 8042 | BE61: 9280 | BF61: 8986 | BG61: =BF61/BE61 -> 0.96831897 | BH61: =BF61/BD61-1 -> 0.11738374 | BI61: 8682 | BJ61: 11020 | BK61: 9674 | BL61: =BK61/BJ61 -> 0.87785844 | BM61: =BK61/BI61-1 -> 0.11425939
B62: 클라쓰팀 | C62: 합계 | E62: =E63++E66+E69 -> 223 | F62: =F63++F66+F69 -> 217 | G62: =G63+G66+G69 -> 567346 | H62: =H63+H66+H69 -> 647422 | I62: =I63+I66+I69 -> 730000 | J62: =I62/H62-1 -> 0.12754896 | K62: =K63+K66+K69 -> 540607 | L62: =L63+L66+L69 -> 594950 | M62: =M63+M66+M69 -> 580910 | N62: =M62/L62 -> 0.97640138 | O62: =M62/K62-1 -> 0.074551384 | P62: =P63+P66+P69 -> 44434 | Q62: =Q63+Q66+Q69 -> 51100 | R62: =R63+R66+R69 -> 37914 | S62: =R62/Q62 -> 0.74195695 | T62: =R62/P62-1 -> -0.14673448 | U62: =U63+U66+U69 -> 38792 | V62: =V63+V66+V69 -> 58400 | W62: =W63+W66+W69 -> 50462 | X62: =W62/V62 -> 0.86407534 | Y62: =W62/U62-1 -> 0.30083522 | Z62: =Z63+Z66+Z69 -> 51640 | AA62: =AA63+AA66+AA69 -> 65700 | AB62: =AB63+AB66+AB69 -> 55146 | AC62: =AB62/AA62 -> 0.83936073 | AD62: =AB62/Z62-1 -> 0.067893106 | AE62: =AE63+AE66+AE69 -> 67734 | AF62: =AF63+AF66+AF69 -> 58400 | AG62: =AG63+AG66+AG69 -> 69178 | AH62: =AG62/AF62 -> 1.1845548 | AI62: =AG62/AE62-1 -> 0.021318688 | AJ62: =AJ63+AJ66+AJ69 -> 47127 | AK62: =AK63+AK66+AK69 -> 58400 | AL62: =AL63+AL66+AL69 -> 70765 | AM62: =AL62/AK62 -> 1.2117295 | AN62: =AL62/AJ62-1 -> 0.50158083 | AO62: =AO63+AO66+AO69 -> 50438 | AP62: =AP63+AP66+AP69 -> 58400 | AQ62: =AQ63+AQ66+AQ69 -> 51333 | AR62: =AQ62/AP62 -> 0.87898973 | AS62: =AQ62/AO62-1 -> 0.017744558 | AT62: =AT63+AT66+AT69 -> 48176 | AU62: =AU63+AU66+AU69 -> 58400 | AV62: =AV63+AV66+AV69 -> 53898 | AW62: =AV62/AU62 -> 0.92291096 | AX62: =AV62/AT62-1 -> 0.11877283 | AY62: =AY63+AY66+AY69 -> 53422 | AZ62: =AZ63+AZ66+AZ69 -> 58400 | BA62: =BA63+BA66+BA69 -> 49422 | BB62: =BA62/AZ62 -> 0.84626712 | BC62: =BA62/AY62-1 -> -0.074875519 | BD62: =BD63+BD66+BD69 -> 55410 | BE62: =BE63+BE66+BE69 -> 58400 | BF62: =BF63+BF66+BF69 -> 67494 | BG62: =BF62/BE62 -> 1.1557192 | BH62: =BF62/BD62-1 -> 0.21808338 | BI62: =BI63+BI66+BI69 -> 83434 | BJ62: =BJ63+BJ66+BJ69 -> 69350 | BK62: =BK63+BK66+BK69 -> 75298 | BL62: =BK62/BJ62 -> 1.0857678 | BM62: =BK62/BI62-1 -> -0.097514203
C63: 송주탁 | D63: 소계 | E63: =SUM(E64:E65) -> 115 | F63: =SUM(F64:F65) -> 113 | G63: =SUM(G64:G65) -> 280458 | H63: =SUM(H64:H65) -> 343690 | I63: =SUM(I64:I65) -> 388000 | J63: =I63/H63-1 -> 0.12892432 | K63: =SUM(K64:K65) -> 282535 | L63: =SUM(L64:L65) -> 316220 | M63: =SUM(M64:M65) -> 299369 | N63: =M63/L63 -> 0.94671115 | O63: =M63/K63-1 -> 0.059581999 | P63: =SUM(P64:P65) -> 24062 | Q63: =SUM(Q64:Q65) -> 27160 | R63: =SUM(R64:R65) -> 20304 | S63: =R63/Q63 -> 0.74756996 | T63: =R63/P63-1 -> -0.15617987 | U63: =SUM(U64:U65) -> 19802 | V63: =SUM(V64:V65) -> 31040 | W63: =SUM(W64:W65) -> 29408 | X63: =W63/V63 -> 0.94742268 | Y63: =W63/U63-1 -> 0.48510251 | Z63: =SUM(Z64:Z65) -> 28284 | AA63: =SUM(AA64:AA65) -> 34920 | AB63: =SUM(AB64:AB65) -> 27854 | AC63: =AB63/AA63 -> 0.79765178 | AD63: =AB63/Z63-1 -> -0.015202942 | AE63: =SUM(AE64:AE65) -> 37772 | AF63: =SUM(AF64:AF65) -> 31040 | AG63: =SUM(AG64:AG65) -> 33136 | AH63: =AG63/AF63 -> 1.0675258 | AI63: =AG63/AE63-1 -> -0.12273642 | AJ63: =SUM(AJ64:AJ65) -> 22577 | AK63: =SUM(AK64:AK65) -> 31040 | AL63: =SUM(AL64:AL65) -> 39659 | AM63: =AL63/AK63 -> 1.277674 | AN63: =AL63/AJ63-1 -> 0.75661071 | AO63: =SUM(AO64:AO65) -> 25428 | AP63: =SUM(AP64:AP65) -> 31040 | AQ63: =SUM(AQ64:AQ65) -> 27529 | AR63: =AQ63/AP63 -> 0.88688789 | AS63: =AQ63/AO63-1 -> 0.082625452 | AT63: =SUM(AT64:AT65) -> 26534 | AU63: =SUM(AU64:AU65) -> 31040 | AV63: =SUM(AV64:AV65) -> 26943 | AW63: =AV63/AU63 -> 0.86800902 | AX63: =AV63/AT63-1 -> 0.015414186 | AY63: =SUM(AY64:AY65) -> 29048 | AZ63: =SUM(AZ64:AZ65) -> 31040 | BA63: =SUM(BA64:BA65) -> 25100 | BB63: =BA63/AZ63 -> 0.80863402 | BC63: =BA63/AY63-1 -> -0.13591297 | BD63: =SUM(BD64:BD65) -> 26772 | BE63: =SUM(BE64:BE65) -> 31040 | BF63: =SUM(BF64:BF65) -> 40488 | BG63: =BF63/BE63 -> 1.3043814 | BH63: =BF63/BD63-1 -> 0.51232631 | BI63: =SUM(BI64:BI65) -> 42256 | BJ63: =SUM(BJ64:BJ65) -> 36860 | BK63: =SUM(BK64:BK65) -> 28948 | BL63: =BK63/BJ63 -> 0.78534997 | BM63: =BK63/BI63-1 -> -0.31493752
D64: Fleet | E64: 13 | F64: 14 | G64: 31392 | H64: 31230 | I64: 35000 | J64: =I64/H64-1 -> 0.12071726 | K64: =P64+U64+Z64+AE64+AJ64+AO64+AT64+AY64+BD64+BI64+BN64+BS64 -> 25816 | L64: =Q64+V64+AA64+AF64+AK64+AP64+AU64+AZ64+BE64+BJ64+BO64+BT64 -> 28525 | M64: =R64+W64+AB64+AG64+AL64+AQ64+AV64+BA64+BF64+BK64+BP64+BU64 -> 24518 | N64: =M64/L64 -> 0.85952673 | O64: =M64/K64-1 -> -0.050278897 | P64: 2584 | Q64: 2450 | R64: 2108 | S64: =R64/Q64 -> 0.86040816 | T64: =R64/P64-1 -> -0.18421053 | U64: 2182 | V64: 2800 | W64: 1972 | X64: =W64/V64 -> 0.70428571 | Y64: =W64/U64-1 -> -0.09624198 | Z64: 5178 | AA64: 3150 | AB64: 2410 | AC64: =AB64/AA64 -> 0.76507937 | AD64: =AB64/Z64-1 -> -0.53456933 | AE64: 1176 | AF64: 2800 | AG64: 3378 | AH64: =AG64/AF64 -> 1.2064286 | AI64: =AG64/AE64-1 -> 1.872449 | AJ64: 2208 | AK64: 2800 | AL64: 2284 | AM64: =AL64/AK64 -> 0.81571429 | AN64: =AL64/AJ64-1 -> 0.03442029 | AO64: 2684 | AP64: 2800 | AQ64: 2740 | AR64: =AQ64/AP64 -> 0.97857143 | AS64: =AQ64/AO64-1 -> 0.020864382 | AT64: 2416 | AU64: 2800 | AV64: 2100 | AW64: =AV64/AU64 -> 0.75 | AX64: =AV64/AT64-1 -> -0.1307947 | AY64: 2488 | AZ64: 2800 | BA64: 2624 | BB64: =BA64/AZ64 -> 0.93714286 | BC64: =BA64/AY64-1 -> 0.054662379 | BD64: 1876 | BE64: 2800 | BF64: 2676 | BG64: =BF64/BE64 -> 0.95571429 | BH64: =BF64/BD64-1 -> 0.42643923 | BI64: 3024 | BJ64: 3325 | BK64: 2226 | BL64: =BK64/BJ64 -> 0.66947368 | BM64: =BK64/BI64-1 -> -0.26388889
D65: LCC | E65: 102 | F65: 99 | G65: 249066 | H65: 312460 | I65: 353000 | J65: =I65/H65-1 -> 0.12974461 | K65: =P65+U65+Z65+AE65+AJ65+AO65+AT65+AY65+BD65+BI65+BN65+BS65 -> 256719 | L65: =Q65+V65+AA65+AF65+AK65+AP65+AU65+AZ65+BE65+BJ65+BO65+BT65 -> 287695 | M65: =R65+W65+AB65+AG65+AL65+AQ65+AV65+BA65+BF65+BK65+BP65+BU65 -> 274851 | N65: =M65/L65 -> 0.9553555 | O65: =M65/K65-1 -> 0.070629755 | P65: 21478 | Q65: 24710 | R65: 18196 | S65: =R65/Q65 -> 0.73638203 | T65: =R65/P65-1 -> -0.15280752 | U65: 17620 | V65: 28240 | W65: 27436 | X65: =W65/V65 -> 0.97152975 | Y65: =W65/U65-1 -> 0.55709421 | Z65: 23106 | AA65: 31770 | AB65: 25444 | AC65: =AB65/AA65 -> 0.80088133 | AD65: =AB65/Z65-1 -> 0.10118584 | AE65: 36596 | AF65: 28240 | AG65: 29758 | AH65: =AG65/AF65 -> 1.0537535 | AI65: =AG65/AE65-1 -> -0.18685102 | AJ65: 20369 | AK65: 28240 | AL65: 37375 | AM65: =AL65/AK65 -> 1.3234773 | AN65: =AL65/AJ65-1 -> 0.83489617 | AO65: 22744 | AP65: 28240 | AQ65: 24789 | AR65: =AQ65/AP65 -> 0.87779745 | AS65: =AQ65/AO65-1 -> 0.089913823 | AT65: 24118 | AU65: 28240 | AV65: 24843 | AW65: =AV65/AU65 -> 0.87970963 | AX65: =AV65/AT65-1 -> 0.030060536 | AY65: 26560 | AZ65: 28240 | BA65: 22476 | BB65: =BA65/AZ65 -> 0.79589235 | BC65: =BA65/AY65-1 -> -0.15376506 | BD65: 24896 | BE65: 28240 | BF65: 37812 | BG65: =BF65/BE65 -> 1.3389518 | BH65: =BF65/BD65-1 -> 0.5187982 | BI65: 39232 | BJ65: 33535 | BK65: 26722 | BL65: =BK65/BJ65 -> 0.79683912 | BM65: =BK65/BI65-1 -> -0.31887235
C66: 임희영 | D66: 소계 | E66: =SUM(E67:E68) -> 97 | F66: =SUM(F67:F68) -> 93 | G66: =SUM(G67:G68) -> 279016 | H66: =SUM(H67:H68) -> 283562 | I66: =SUM(I67:I68) -> 319300 | J66: =I66/H66-1 -> 0.1260324 | K66: =SUM(K67:K68) -> 242596 | L66: =SUM(L67:L68) -> 260229.5 | M66: =SUM(M67:M68) -> 236919 | N66: =M66/L66 -> 0.9104233 | O66: =M66/K66-1 -> -0.023401045 | P66: =SUM(P67:P68) -> 18872 | Q66: =SUM(Q67:Q68) -> 22351 | R66: =SUM(R67:R68) -> 15374 | S66: =R66/Q66 -> 0.68784394 | T66: =R66/P66-1 -> -0.18535396 | U66: =SUM(U67:U68) -> 18562 | V66: =SUM(V67:V68) -> 25544 | W66: =SUM(W67:W68) -> 18380 | X66: =W66/V66 -> 0.71954275 | Y66: =W66/U66-1 -> -0.0098049779 | Z66: =SUM(Z67:Z68) -> 21972 | AA66: =SUM(AA67:AA68) -> 28737 | AB66: =SUM(AB67:AB68) -> 23522 | AC66: =AB66/AA66 -> 0.81852664 | AD66: =AB66/Z66-1 -> 0.070544329 | AE66: =SUM(AE67:AE68) -> 28734 | AF66: =SUM(AF67:AF68) -> 25544 | AG66: =SUM(AG67:AG68) -> 31210 | AH66: =AG66/AF66 -> 1.2218133 | AI66: =AG66/AE66-1 -> 0.086169694 | AJ66: =SUM(AJ67:AJ68) -> 23464 | AK66: =SUM(AK67:AK68) -> 25544 | AL66: =SUM(AL67:AL68) -> 26324 | AM66: =AL66/AK66 -> 1.0305355 | AN66: =AL66/AJ66-1 -> 0.12188885 | AO66: =SUM(AO67:AO68) -> 22512 | AP66: =SUM(AP67:AP68) -> 25544 | AQ66: =SUM(AQ67:AQ68) -> 19518 | AR66: =AQ66/AP66 -> 0.76409333 | AS66: =AQ66/AO66-1 -> -0.13299574 | AT66: =SUM(AT67:AT68) -> 20638 | AU66: =SUM(AU67:AU68) -> 25544 | AV66: =SUM(AV67:AV68) -> 22471 | AW66: =AV66/AU66 -> 0.87969778 | AX66: =AV66/AT66-1 -> 0.088816746 | AY66: =SUM(AY67:AY68) -> 22566 | AZ66: =SUM(AZ67:AZ68) -> 25544 | BA66: =SUM(BA67:BA68) -> 19484 | BB66: =BA66/AZ66 -> 0.76276229 | BC66: =BA66/AY66-1 -> -0.13657715 | BD66: =SUM(BD67:BD68) -> 27542 | BE66: =SUM(BE67:BE68) -> 25544 | BF66: =SUM(BF67:BF68) -> 21124 | BG66: =BF66/BE66 -> 0.82696524 | BH66: =BF66/BD66-1 -> -0.23302592 | BI66: =SUM(BI67:BI68) -> 37734 | BJ66: =SUM(BJ67:BJ68) -> 30333.5 | BK66: =SUM(BK67:BK68) -> 39512 | BL66: =BK66/BJ66 -> 1.3025863 | BM66: =BK66/BI66-1 -> 0.047119309
D67: Fleet | E67: 11 | F67: 10 | G67: 15874 | H67: 15930 | I67: 18000 | J67: =I67/H67-1 -> 0.1299435 | K67: =P67+U67+Z67+AE67+AJ67+AO67+AT67+AY67+BD67+BI67+BN67+BS67 -> 14306 | L67: =Q67+V67+AA67+AF67+AK67+AP67+AU67+AZ67+BE67+BJ67+BO67+BT67 -> 14670 | M67: =R67+W67+AB67+AG67+AL67+AQ67+AV67+BA67+BF67+BK67+BP67+BU67 -> 10040 | N67: =M67/L67 -> 0.68438991 | O67: =M67/K67-1 -> -0.29819656 | P67: 1192 | Q67: 1260 | R67: 340 | S67: =R67/Q67 -> 0.26984127 | T67: =R67/P67-1 -> -0.7147651 | U67: 1100 | V67: 1440 | W67: 1200 | X67: =W67/V67 -> 0.83333333 | Y67: =W67/U67-1 -> 0.090909091 | Z67: 2620 | AA67: 1620 | AB67: 2080 | AC67: =AB67/AA67 -> 1.2839506 | AD67: =AB67/Z67-1 -> -0.20610687 | AE67: 1100 | AF67: 1440 | AG67: 452 | AH67: =AG67/AF67 -> 0.31388889 | AI67: =AG67/AE67-1 -> -0.58909091 | AJ67: 500 | AK67: 1440 | AL67: 1100 | AM67: =AL67/AK67 -> 0.76388889 | AN67: =AL67/AJ67-1 -> 1.2 | AO67: 700 | AP67: 1440 | AQ67: 748 | AR67: =AQ67/AP67 -> 0.51944444 | AS67: =AQ67/AO67-1 -> 0.068571429 | AT67: 1300 | AU67: 1440 | AV67: 1500 | AW67: =AV67/AU67 -> 1.0416667 | AX67: =AV67/AT67-1 -> 0.15384615 | AY67: 1800 | AZ67: 1440 | BA67: 1000 | BB67: =BA67/AZ67 -> 0.69444444 | BC67: =BA67/AY67-1 -> -0.44444444 | BD67: 1754 | BE67: 1440 | BF67: 420 | BG67: =BF67/BE67 -> 0.29166667 | BH67: =BF67/BD67-1 -> -0.76054732 | BI67: 2240 | BJ67: 1710 | BK67: 1200 | BL67: =BK67/BJ67 -> 0.70175439 | BM67: =BK67/BI67-1 -> -0.46428571
D68: LCC | E68: 86 | F68: 83 | G68: 263142 | H68: 267632 | I68: 301300 | J68: =I68/H68-1 -> 0.12579961 | K68: =P68+U68+Z68+AE68+AJ68+AO68+AT68+AY68+BD68+BI68+BN68+BS68 -> 228290 | L68: =Q68+V68+AA68+AF68+AK68+AP68+AU68+AZ68+BE68+BJ68+BO68+BT68 -> 245559.5 | M68: =R68+W68+AB68+AG68+AL68+AQ68+AV68+BA68+BF68+BK68+BP68+BU68 -> 226879 | N68: =M68/L68 -> 0.92392679 | O68: =M68/K68-1 -> -0.006180735 | P68: 17680 | Q68: 21091 | R68: 15034 | S68: =R68/Q68 -> 0.71281589 | T68: =R68/P68-1 -> -0.14966063 | U68: 17462 | V68: 24104 | W68: 17180 | X68: =W68/V68 -> 0.71274477 | Y68: =W68/U68-1 -> -0.016149353 | Z68: 19352 | AA68: 27117 | AB68: 21442 | AC68: =AB68/AA68 -> 0.79072169 | AD68: =AB68/Z68-1 -> 0.10799917 | AE68: 27634 | AF68: 24104 | AG68: 30758 | AH68: =AG68/AF68 -> 1.2760538 | AI68: =AG68/AE68-1 -> 0.11304914 | AJ68: 22964 | AK68: 24104 | AL68: 25224 | AM68: =AL68/AK68 -> 1.0464653 | AN68: =AL68/AJ68-1 -> 0.09841491 | AO68: 21812 | AP68: 24104 | AQ68: 18770 | AR68: =AQ68/AP68 -> 0.77870893 | AS68: =AQ68/AO68-1 -> -0.13946451 | AT68: 19338 | AU68: 24104 | AV68: 20971 | AW68: =AV68/AU68 -> 0.87002157 | AX68: =AV68/AT68-1 -> 0.084445134 | AY68: 20766 | AZ68: 24104 | BA68: 18484 | BB68: =BA68/AZ68 -> 0.76684368 | BC68: =BA68/AY68-1 -> -0.10989117 | BD68: 25788 | BE68: 24104 | BF68: 20704 | BG68: =BF68/BE68 -> 0.85894457 | BH68: =BF68/BD68-1 -> -0.19714596 | BI68: 35494 | BJ68: 28623.5 | BK68: 38312 | BL68: =BK68/BJ68 -> 1.3384806 | BM68: =BK68/BI68-1 -> 0.0793937
C69: 황종석 | D69: 소계 | E69: =SUM(E70:E71) -> 11 | F69: =SUM(F70:F71) -> 11 | G69: =SUM(G70:G71) -> 7872 | H69: =SUM(H70:H71) -> 20170 | I69: =SUM(I70:I71) -> 22700 | J69: =I69/H69-1 -> 0.12543381 | K69: =SUM(K70:K71) -> 15476 | L69: =SUM(L70:L71) -> 18500.5 | M69: =SUM(M70:M71) -> 44622 | N69: =M69/L69 -> 2.4119348 | O69: =M69/K69-1 -> 1.8833032 | P69: =SUM(P70:P71) -> 1500 | Q69: =SUM(Q70:Q71) -> 1589 | R69: =SUM(R70:R71) -> 2236 | S69: =R69/Q69 -> 1.4071743 | T69: =R69/P69-1 -> 0.49066667 | U69: =SUM(U70:U71) -> 428 | V69: =SUM(V70:V71) -> 1816 | W69: =SUM(W70:W71) -> 2674 | X69: =W69/V69 -> 1.472467 | Y69: =W69/U69-1 -> 5.2476636 | Z69: =SUM(Z70:Z71) -> 1384 | AA69: =SUM(AA70:AA71) -> 2043 | AB69: =SUM(AB70:AB71) -> 3770 | AC69: =AB69/AA69 -> 1.8453255 | AD69: =AB69/Z69-1 -> 1.7239884 | AE69: =SUM(AE70:AE71) -> 1228 | AF69: =SUM(AF70:AF71) -> 1816 | AG69: =SUM(AG70:AG71) -> 4832 | AH69: =AG69/AF69 -> 2.660793 | AI69: =AG69/AE69-1 -> 2.9348534 | AJ69: =SUM(AJ70:AJ71) -> 1086 | AK69: =SUM(AK70:AK71) -> 1816 | AL69: =SUM(AL70:AL71) -> 4782 | AM69: =AL69/AK69 -> 2.6332599 | AN69: =AL69/AJ69-1 -> 3.4033149 | AO69: =SUM(AO70:AO71) -> 2498 | AP69: =SUM(AP70:AP71) -> 1816 | AQ69: =SUM(AQ70:AQ71) -> 4286 | AR69: =AQ69/AP69 -> 2.3601322 | AS69: =AQ69/AO69-1 -> 0.71577262 | AT69: =SUM(AT70:AT71) -> 1004 | AU69: =SUM(AU70:AU71) -> 1816 | AV69: =SUM(AV70:AV71) -> 4484 | AW69: =AV69/AU69 -> 2.469163 | AX69: =AV69/AT69-1 -> 3.4661355 | AY69: =SUM(AY70:AY71) -> 1808 | AZ69: =SUM(AZ70:AZ71) -> 1816 | BA69: =SUM(BA70:BA71) -> 4838 | BB69: =BA69/AZ69 -> 2.6640969 | BC69: =BA69/AY69-1 -> 1.675885 | BD69: =SUM(BD70:BD71) -> 1096 | BE69: =SUM(BE70:BE71) -> 1816 | BF69: =SUM(BF70:BF71) -> 5882 | BG69: =BF69/BE69 -> 3.2389868 | BH69: =BF69/BD69-1 -> 4.3667883 | BI69: =SUM(BI70:BI71) -> 3444 | BJ69: =SUM(BJ70:BJ71) -> 2156.5 | BK69: =SUM(BK70:BK71) -> 6838 | BL69: =BK69/BJ69 -> 3.1708787 | BM69: =BK69/BI69-1 -> 0.985482
D70: Fleet | J70: =I70/H70-1 -> #DIV/0! | K70: =P70+U70+Z70+AE70+AJ70+AO70+AT70+AY70+BD70+BI70+BN70+BS70 -> 0 | L70: =Q70+V70+AA70+AF70+AK70+AP70+AU70+AZ70+BE70+BJ70+BO70+BT70 -> 0 | M70: =R70+W70+AB70+AG70+AL70+AQ70+AV70+BA70+BF70+BK70+BP70+BU70 -> 1400 | N70: =M70/L70 -> #DIV/0! | O70: =M70/K70-1 -> #DIV/0! | S70: =R70/Q70 -> #DIV/0! | T70: =R70/P70-1 -> #DIV/0! | X70: =W70/V70 -> #DIV/0! | Y70: =W70/U70-1 -> #DIV/0! | AB70: 200 | AC70: =AB70/AA70 -> #DIV/0! | AD70: =AB70/Z70-1 -> #DIV/0! | AH70: =AG70/AF70 -> #DIV/0! | AI70: =AG70/AE70-1 -> #DIV/0! | AM70: =AL70/AK70 -> #DIV/0! | AN70: =AL70/AJ70-1 -> #DIV/0! | AR70: =AQ70/AP70 -> #DIV/0! | AS70: =AQ70/AO70-1 -> #DIV/0! | AW70: =AV70/AU70 -> #DIV/0! | AX70: =AV70/AT70-1 -> #DIV/0! | BA70: 200 | BB70: =BA70/AZ70 -> #DIV/0! | BC70: =BA70/AY70-1 -> #DIV/0! | BG70: =BF70/BE70 -> #DIV/0! | BH70: =BF70/BD70-1 -> #DIV/0! | BJ70: 0 | BK70: 1000 | BL70: =BK70/BJ70 -> #DIV/0! | BM70: =BK70/BI70-1 -> #DIV/0!
D71: LCC | E71: 11 | F71: 11 | G71: 7872 | H71: 20170 | I71: 22700 | J71: =I71/H71-1 -> 0.12543381 | K71: =P71+U71+Z71+AE71+AJ71+AO71+AT71+AY71+BD71+BI71+BN71+BS71 -> 15476 | L71: =Q71+V71+AA71+AF71+AK71+AP71+AU71+AZ71+BE71+BJ71+BO71+BT71 -> 18500.5 | M71: =R71+W71+AB71+AG71+AL71+AQ71+AV71+BA71+BF71+BK71+BP71+BU71 -> 43222 | N71: =M71/L71 -> 2.3362612 | O71: =M71/K71-1 -> 1.7928405 | P71: 1500 | Q71: 1589 | R71: 2236 | S71: =R71/Q71 -> 1.4071743 | T71: =R71/P71-1 -> 0.49066667 | U71: 428 | V71: 1816 | W71: 2674 | X71: =W71/V71 -> 1.472467 | Y71: =W71/U71-1 -> 5.2476636 | Z71: 1384 | AA71: 2043 | AB71: 3570 | AC71: =AB71/AA71 -> 1.7474303 | AD71: =AB71/Z71-1 -> 1.5794798 | AE71: 1228 | AF71: 1816 | AG71: 4832 | AH71: =AG71/AF71 -> 2.660793 | AI71: =AG71/AE71-1 -> 2.9348534 | AJ71: 1086 | AK71: 1816 | AL71: 4782 | AM71: =AL71/AK71 -> 2.6332599 | AN71: =AL71/AJ71-1 -> 3.4033149 | AO71: 2498 | AP71: 1816 | AQ71: 4286 | AR71: =AQ71/AP71 -> 2.3601322 | AS71: =AQ71/AO71-1 -> 0.71577262 | AT71: 1004 | AU71: 1816 | AV71: 4484 | AW71: =AV71/AU71 -> 2.469163 | AX71: =AV71/AT71-1 -> 3.4661355 | AY71: 1808 | AZ71: 1816 | BA71: 4638 | BB71: =BA71/AZ71 -> 2.5539648 | BC71: =BA71/AY71-1 -> 1.5652655 | BD71: 1096 | BE71: 1816 | BF71: 5882 | BG71: =BF71/BE71 -> 3.2389868 | BH71: =BF71/BD71-1 -> 4.3667883 | BI71: 3444 | BJ71: 2156.5 | BK71: 5838 | BL71: =BK71/BJ71 -> 2.7071644 | BM71: =BK71/BI71-1 -> 0.69512195
B72: 삼다도팀 | C72: 합계 | E72: =E73 -> 42 | F72: =F73 -> 39 | G72: =G73 -> 79851 | H72: =H73 -> 84553 | I72: =I73 -> 100000 | J72: =I72/H72-1 -> 0.18269015 | K72: =K73 -> 68997 | L72: =L73 -> 81500 | M72: =M73 -> 79721 | N72: =M72/L72 -> 0.97817178 | O72: =M72/K72-1 -> 0.15542705 | P72: =P73 -> 6046 | Q72: =Q73 -> 7000 | R72: =R73 -> 7984 | S72: =R72/Q72 -> 1.1405714 | T72: =R72/P72-1 -> 0.32054251 | U72: =U73 -> 6432 | V72: =V73 -> 8000 | W72: =W73 -> 8036 | X72: =W72/V72 -> 1.0045 | Y72: =W72/U72-1 -> 0.24937811 | Z72: =Z73 -> 6184 | AA72: =AA73 -> 9000 | AB72: =AB73 -> 9066 | AC72: =AB72/AA72 -> 1.0073333 | AD72: =AB72/Z72-1 -> 0.4660414 | AE72: =AE73 -> 6456 | AF72: =AF73 -> 8000 | AG72: =AG73 -> 9488 | AH72: =AG72/AF72 -> 1.186 | AI72: =AG72/AE72-1 -> 0.46964064 | AJ72: =AJ73 -> 6824 | AK72: =AK73 -> 8000 | AL72: =AL73 -> 6766 | AM72: =AL72/AK72 -> 0.84575 | AN72: =AL72/AJ72-1 -> -0.0084994138 | AO72: =AO73 -> 6668 | AP72: =AP73 -> 8000 | AQ72: =AQ73 -> 7530 | AR72: =AQ72/AP72 -> 0.94125 | AS72: =AQ72/AO72-1 -> 0.12927415 | AT72: =AT73 -> 8026 | AU72: =AU73 -> 8000 | AV72: =AV73 -> 7240 | AW72: =AV72/AU72 -> 0.905 | AX72: =AV72/AT72-1 -> -0.097931722 | AY72: =AY73 -> 5699 | AZ72: =AZ73 -> 8000 | BA72: =BA73 -> 7493 | BB72: =BA72/AZ72 -> 0.936625 | BC72: =BA72/AY72-1 -> 0.31479207 | BD72: =BD73 -> 6446 | BE72: =BE73 -> 8000 | BF72: =BF73 -> 7118 | BG72: =BF72/BE72 -> 0.88975 | BH72: =BF72/BD72-1 -> 0.1042507 | BI72: =BI73 -> 10216 | BJ72: =BJ73 -> 9500 | BK72: =BK73 -> 9000 | BL72: =BK72/BJ72 -> 0.94736842 | BM72: =BK72/BI72-1 -> -0.11902897
C73: 김용수 | D73: 소계 | E73: =SUM(E74:E76) -> 42 | F73: =SUM(F74:F76) -> 39 | G73: =SUM(G74:G76) -> 79851 | H73: =SUM(H74:H76) -> 84553 | I73: =SUM(I74:I76) -> 100000 | J73: =I73/H73-1 -> 0.18269015 | K73: =SUM(K74:K76) -> 68997 | L73: =SUM(L74:L76) -> 81500 | M73: =SUM(M74:M76) -> 79721 | N73: =M73/L73 -> 0.97817178 | O73: =M73/K73-1 -> 0.15542705 | P73: =SUM(P74:P76) -> 6046 | Q73: =SUM(Q74:Q76) -> 7000 | R73: =SUM(R74:R76) -> 7984 | S73: =R73/Q73 -> 1.1405714 | T73: =R73/P73-1 -> 0.32054251 | U73: =SUM(U74:U76) -> 6432 | V73: =SUM(V74:V76) -> 8000 | W73: =SUM(W74:W76) -> 8036 | X73: =W73/V73 -> 1.0045 | Y73: =W73/U73-1 -> 0.24937811 | Z73: =SUM(Z74:Z76) -> 6184 | AA73: =SUM(AA74:AA76) -> 9000 | AB73: =SUM(AB74:AB76) -> 9066 | AC73: =AB73/AA73 -> 1.0073333 | AD73: =AB73/Z73-1 -> 0.4660414 | AE73: =SUM(AE74:AE76) -> 6456 | AF73: =SUM(AF74:AF76) -> 8000 | AG73: =SUM(AG74:AG76) -> 9488 | AH73: =AG73/AF73 -> 1.186 | AI73: =AG73/AE73-1 -> 0.46964064 | AJ73: =SUM(AJ74:AJ76) -> 6824 | AK73: =SUM(AK74:AK76) -> 8000 | AL73: =SUM(AL74:AL76) -> 6766 | AM73: =AL73/AK73 -> 0.84575 | AN73: =AL73/AJ73-1 -> -0.0084994138 | AO73: =SUM(AO74:AO76) -> 6668 | AP73: =SUM(AP74:AP76) -> 8000 | AQ73: =SUM(AQ74:AQ76) -> 7530 | AR73: =AQ73/AP73 -> 0.94125 | AS73: =AQ73/AO73-1 -> 0.12927415 | AT73: =SUM(AT74:AT76) -> 8026 | AU73: =SUM(AU74:AU76) -> 8000 | AV73: =SUM(AV74:AV76) -> 7240 | AW73: =AV73/AU73 -> 0.905 | AX73: =AV73/AT73-1 -> -0.097931722 | AY73: =SUM(AY74:AY76) -> 5699 | AZ73: =SUM(AZ74:AZ76) -> 8000 | BA73: =SUM(BA74:BA76) -> 7493 | BB73: =BA73/AZ73 -> 0.936625 | BC73: =BA73/AY73-1 -> 0.31479207 | BD73: =SUM(BD74:BD76) -> 6446 | BE73: =SUM(BE74:BE76) -> 8000 | BF73: =SUM(BF74:BF76) -> 7118 | BG73: =BF73/BE73 -> 0.88975 | BH73: =BF73/BD73-1 -> 0.1042507 | BI73: =SUM(BI74:BI76) -> 10216 | BJ73: =SUM(BJ74:BJ76) -> 9500 | BK73: =SUM(BK74:BK76) -> 9000 | BL73: =BK73/BJ73 -> 0.94736842 | BM73: =BK73/BI73-1 -> -0.11902897
D74: Fleet | E74: 2 | F74: 2 | G74: 2920 | H74: 1624 | I74: 1900 | J74: =I74/H74-1 -> 0.16995074 | K74: =P74+U74+Z74+AE74+AJ74+AO74+AT74+AY74+BD74+BI74+BN74+BS74 -> 1224 | L74: =Q74+V74+AA74+AF74+AK74+AP74+AU74+AZ74+BE74+BJ74+BO74+BT74 -> 1548.5 | M74: =R74+W74+AB74+AG74+AL74+AQ74+AV74+BA74+BF74+BK74+BP74+BU74 -> 2240 | N74: =M74/L74 -> 1.4465612 | O74: =M74/K74-1 -> 0.83006536 | P74: 424 | Q74: 133 | R74: 400 | S74: =R74/Q74 -> 3.0075188 | T74: =R74/P74-1 -> -0.056603774 | U74: 0 | V74: 152 | X74: =W74/V74 -> 0 | Y74: =W74/U74-1 -> #DIV/0! | Z74: 0 | AA74: 171 | AB74: 440 | AC74: =AB74/AA74 -> 2.5730994 | AD74: =AB74/Z74-1 -> #DIV/0! | AF74: 152 | AG74: 400 | AH74: =AG74/AF74 -> 2.6315789 | AI74: =AG74/AE74-1 -> #DIV/0! | AK74: 152 | AM74: =AL74/AK74 -> 0 | AN74: =AL74/AJ74-1 -> #DIV/0! | AP74: 152 | AQ74: 400 | AR74: =AQ74/AP74 -> 2.6315789 | AS74: =AQ74/AO74-1 -> #DIV/0! | AT74: 200 | AU74: 152 | AW74: =AV74/AU74 -> 0 | AX74: =AV74/AT74-1 -> -1 | AZ74: 152 | BB74: =BA74/AZ74 -> 0 | BC74: =BA74/AY74-1 -> #DIV/0! | BD74: 200 | BE74: 152 | BF74: 600 | BG74: =BF74/BE74 -> 3.9473684 | BH74: =BF74/BD74-1 -> 2 | BI74: 400 | BJ74: 180.5 | BL74: =BK74/BJ74 -> 0 | BM74: =BK74/BI74-1 -> -1
D75: LCC | E75: 37 | F75: 37 | G75: 68345 | H75: 77175 | I75: 91000 | J75: =I75/H75-1 -> 0.17913832 | K75: =P75+U75+Z75+AE75+AJ75+AO75+AT75+AY75+BD75+BI75+BN75+BS75 -> 62763 | L75: =Q75+V75+AA75+AF75+AK75+AP75+AU75+AZ75+BE75+BJ75+BO75+BT75 -> 74165 | M75: =R75+W75+AB75+AG75+AL75+AQ75+AV75+BA75+BF75+BK75+BP75+BU75 -> 67513 | N75: =M75/L75 -> 0.9103081 | O75: =M75/K75-1 -> 0.075681532 | P75: 5406 | Q75: 6370 | R75: 7136 | S75: =R75/Q75 -> 1.1202512 | T75: =R75/P75-1 -> 0.3200148 | U75: 6432 | V75: 7280 | W75: 6812 | X75: =W75/V75 -> 0.93571429 | Y75: =W75/U75-1 -> 0.059079602 | Z75: 5896 | AA75: 8190 | AB75: 8446 | AC75: =AB75/AA75 -> 1.0312576 | AD75: =AB75/Z75-1 -> 0.43249661 | AE75: 6216 | AF75: 7280 | AG75: 6900 | AH75: =AG75/AF75 -> 0.9478022 | AI75: =AG75/AE75-1 -> 0.11003861 | AJ75: 6488 | AK75: 7280 | AL75: 6526 | AM75: =AL75/AK75 -> 0.89642857 | AN75: =AL75/AJ75-1 -> 0.0058569667 | AO75: 6332 | AP75: 7280 | AQ75: 6332 | AR75: =AQ75/AP75 -> 0.86978022 | AS75: =AQ75/AO75-1 -> 0 | AT75: 6284 | AU75: 7280 | AV75: 6940 | AW75: =AV75/AU75 -> 0.9532967 | AX75: =AV75/AT75-1 -> 0.10439211 | AY75: 5413 | AZ75: 7280 | BA75: 6413 | BB75: =BA75/AZ75 -> 0.88090659 | BC75: =BA75/AY75-1 -> 0.18474044 | BD75: 5878 | BE75: 7280 | BF75: 5042 | BG75: =BF75/BE75 -> 0.69258242 | BH75: =BF75/BD75-1 -> -0.14222525 | BI75: 8418 | BJ75: 8645 | BK75: 6966 | BL75: =BK75/BJ75 -> 0.80578369 | BM75: =BK75/BI75-1 -> -0.17248753
D76: 딜러 | E76: 3 | F76: 0 | G76: 8586 | H76: 5754 | I76: 7100 | J76: =I76/H76-1 -> 0.23392423 | K76: =P76+U76+Z76+AE76+AJ76+AO76+AT76+AY76+BD76+BI76+BN76+BS76 -> 5010 | L76: =Q76+V76+AA76+AF76+AK76+AP76+AU76+AZ76+BE76+BJ76+BO76+BT76 -> 5786.5 | M76: =R76+W76+AB76+AG76+AL76+AQ76+AV76+BA76+BF76+BK76+BP76+BU76 -> 9968 | N76: =M76/L76 -> 1.7226303 | O76: =M76/K76-1 -> 0.98962076 | P76: 216 | Q76: 497 | R76: 448 | S76: =R76/Q76 -> 0.90140845 | T76: =R76/P76-1 -> 1.0740741 | U76: 0 | V76: 568 | W76: 1224 | X76: =W76/V76 -> 2.1549296 | Y76: =W76/U76-1 -> #DIV/0! | Z76: 288 | AA76: 639 | AB76: 180 | AC76: =AB76/AA76 -> 0.28169014 | AD76: =AB76/Z76-1 -> -0.375 | AE76: 240 | AF76: 568 | AG76: 2188 | AH76: =AG76/AF76 -> 3.8521127 | AI76: =AG76/AE76-1 -> 8.1166667 | AJ76: 336 | AK76: 568 | AL76: 240 | AM76: =AL76/AK76 -> 0.42253521 | AN76: =AL76/AJ76-1 -> -0.28571429 | AO76: 336 | AP76: 568 | AQ76: 798 | AR76: =AQ76/AP76 -> 1.4049296 | AS76: =AQ76/AO76-1 -> 1.375 | AT76: 1542 | AU76: 568 | AV76: 300 | AW76: =AV76/AU76 -> 0.52816901 | AX76: =AV76/AT76-1 -> -0.80544747 | AY76: 286 | AZ76: 568 | BA76: 1080 | BB76: =BA76/AZ76 -> 1.9014085 | BC76: =BA76/AY76-1 -> 2.7762238 | BD76: 368 | BE76: 568 | BF76: 1476 | BG76: =BF76/BE76 -> 2.5985915 | BH76: =BF76/BD76-1 -> 3.0108696 | BI76: 1398 | BJ76: 674.5 | BK76: 2034 | BL76: =BK76/BJ76 -> 3.0155671 | BM76: =BK76/BI76-1 -> 0.45493562
B77: 사무실 | C77: 합계 | E77: =E78 -> 80 | F77: =F78 -> 76 | G77: =G78 -> 889906 | H77: =H78 -> 878911 | I77: =I78 -> 900000 | J77: =I77/H77-1 -> 0.023994466 | K77: =K78 -> 708468 | L77: =L78 -> 733500 | M77: =M78 -> 735799 | N77: =M77/L77 -> 1.0031343 | O77: =M77/K77-1 -> 0.038577607 | P77: =P78 -> 56693 | Q77: =Q78 -> 63000 | R77: =R78 -> 72529 | S77: =R77/Q77 -> 1.151254 | T77: =R77/P77-1 -> 0.27932902 | U77: =U78 -> 49662 | V77: =V78 -> 72000 | W77: =W78 -> 80488 | X77: =W77/V77 -> 1.1178889 | Y77: =W77/U77-1 -> 0.62071604 | Z77: =Z78 -> 68214 | AA77: =AA78 -> 81000 | AB77: =AB78 -> 62188 | AC77: =AB77/AA77 -> 0.76775309 | AD77: =AB77/Z77-1 -> -0.088339637 | AE77: =AE78 -> 83808 | AF77: =AF78 -> 72000 | AG77: =AG78 -> 80486 | AH77: =AG77/AF77 -> 1.1178611 | AI77: =AG77/AE77-1 -> -0.039638221 | AJ77: =AJ78 -> 70692 | AK77: =AK78 -> 72000 | AL77: =AL78 -> 64823 | AM77: =AL77/AK77 -> 0.90031944 | AN77: =AL77/AJ77-1 -> -0.083022124 | AO77: =AO78 -> 82166 | AP77: =AP78 -> 72000 | AQ77: =AQ78 -> 74408 | AR77: =AQ77/AP77 -> 1.0334444 | AS77: =AQ77/AO77-1 -> -0.094418616 | AT77: =AT78 -> 77562 | AU77: =AU78 -> 72000 | AV77: =AV78 -> 71318 | AW77: =AV77/AU77 -> 0.99052778 | AX77: =AV77/AT77-1 -> -0.080503339 | AY77: =AY78 -> 79040 | AZ77: =AZ78 -> 72000 | BA77: =BA78 -> 80249 | BB77: =BA77/AZ77 -> 1.1145694 | BC77: =BA77/AY77-1 -> 0.015296053 | BD77: =BD78 -> 70059 | BE77: =BE78 -> 72000 | BF77: =BF78 -> 78965 | BG77: =BF77/BE77 -> 1.0967361 | BH77: =BF77/BD77-1 -> 0.12712143 | BI77: =BI78 -> 70572 | BJ77: =BJ78 -> 85500 | BK77: =BK78 -> 70345 | BL77: =BK77/BJ77 -> 0.82274854 | BM77: =BK77/BI77-1 -> -0.0032165731
C78: 사무실 | D78: 소계 | E78: =SUM(E79:E81) -> 80 | F78: =SUM(F79:F81) -> 76 | G78: =SUM(G79:G81) -> 889906 | H78: =SUM(H79:H81) -> 878911 | I78: =SUM(I79:I81) -> 900000 | J78: =I78/H78-1 -> 0.023994466 | K78: =SUM(K79:K81) -> 708468 | L78: =SUM(L79:L81) -> 733500 | M78: =SUM(M79:M81) -> 735799 | N78: =M78/L78 -> 1.0031343 | O78: =M78/K78-1 -> 0.038577607 | P78: =SUM(P79:P81) -> 56693 | Q78: =SUM(Q79:Q81) -> 63000 | R78: =SUM(R79:R81) -> 72529 | S78: =R78/Q78 -> 1.151254 | T78: =R78/P78-1 -> 0.27932902 | U78: =SUM(U79:U81) -> 49662 | V78: =SUM(V79:V81) -> 72000 | W78: =SUM(W79:W81) -> 80488 | X78: =W78/V78 -> 1.1178889 | Y78: =W78/U78-1 -> 0.62071604 | Z78: =SUM(Z79:Z81) -> 68214 | AA78: =SUM(AA79:AA81) -> 81000 | AB78: =SUM(AB79:AB81) -> 62188 | AC78: =AB78/AA78 -> 0.76775309 | AD78: =AB78/Z78-1 -> -0.088339637 | AE78: =SUM(AE79:AE81) -> 83808 | AF78: =SUM(AF79:AF81) -> 72000 | AG78: =SUM(AG79:AG81) -> 80486 | AH78: =AG78/AF78 -> 1.1178611 | AI78: =AG78/AE78-1 -> -0.039638221 | AJ78: =SUM(AJ79:AJ81) -> 70692 | AK78: =SUM(AK79:AK81) -> 72000 | AL78: =SUM(AL79:AL81) -> 64823 | AM78: =AL78/AK78 -> 0.90031944 | AN78: =AL78/AJ78-1 -> -0.083022124 | AO78: =SUM(AO79:AO81) -> 82166 | AP78: =SUM(AP79:AP81) -> 72000 | AQ78: =SUM(AQ79:AQ81) -> 74408 | AR78: =AQ78/AP78 -> 1.0334444 | AS78: =AQ78/AO78-1 -> -0.094418616 | AT78: =SUM(AT79:AT81) -> 77562 | AU78: =SUM(AU79:AU81) -> 72000 | AV78: =SUM(AV79:AV81) -> 71318 | AW78: =AV78/AU78 -> 0.99052778 | AX78: =AV78/AT78-1 -> -0.080503339 | AY78: =SUM(AY79:AY81) -> 79040 | AZ78: =SUM(AZ79:AZ81) -> 72000 | BA78: =SUM(BA79:BA81) -> 80249 | BB78: =BA78/AZ78 -> 1.1145694 | BC78: =BA78/AY78-1 -> 0.015296053 | BD78: =SUM(BD79:BD81) -> 70059 | BE78: =SUM(BE79:BE81) -> 72000 | BF78: =SUM(BF79:BF81) -> 78965 | BG78: =BF78/BE78 -> 1.0967361 | BH78: =BF78/BD78-1 -> 0.12712143 | BI78: =SUM(BI79:BI81) -> 70572 | BJ78: =SUM(BJ79:BJ81) -> 85500 | BK78: =SUM(BK79:BK81) -> 70345 | BL78: =BK78/BJ78 -> 0.82274854 | BM78: =BK78/BI78-1 -> -0.0032165731
D79: 동부 | E79: 32 | F79: 31 | G79: 210150 | H79: 182489 | I79: 190000 | J79: =I79/H79-1 -> 0.041158645 | K79: =P79+U79+Z79+AE79+AJ79+AO79+AT79+AY79+BD79+BI79+BN79+BS79 -> 139593 | L79: =Q79+V79+AA79+AF79+AK79+AP79+AU79+AZ79+BE79+BJ79+BO79+BT79 -> 154850 | M79: =R79+W79+AB79+AG79+AL79+AQ79+AV79+BA79+BF79+BK79+BP79+BU79 -> 167446 | N79: =M79/L79 -> 1.0813432 | O79: =M79/K79-1 -> 0.19953006 | P79: 13981 | Q79: 13300 | R79: 14738 | S79: =R79/Q79 -> 1.1081203 | T79: =R79/P79-1 -> 0.054144911 | U79: 8002 | V79: 15200 | W79: 15112 | X79: =W79/V79 -> 0.99421053 | Y79: =W79/U79-1 -> 0.88852787 | Z79: 10718 | AA79: 17100 | AB79: 15240 | AC79: =AB79/AA79 -> 0.89122807 | AD79: =AB79/Z79-1 -> 0.42190707 | AE79: 12080 | AF79: 15200 | AG79: 24564 | AH79: =AG79/AF79 -> 1.6160526 | AI79: =AG79/AE79-1 -> 1.0334437 | AJ79: 15112 | AK79: 15200 | AL79: 13318 | AM79: =AL79/AK79 -> 0.87618421 | AN79: =AL79/AJ79-1 -> -0.11871361 | AO79: 14825 | AP79: 15200 | AQ79: 16034 | AR79: =AQ79/AP79 -> 1.0548684 | AS79: =AQ79/AO79-1 -> 0.081551433 | AT79: 11788 | AU79: 15200 | AV79: 17061 | AW79: =AV79/AU79 -> 1.1224342 | AX79: =AV79/AT79-1 -> 0.44731931 | AY79: 21539 | AZ79: 15200 | BA79: 18028 | BB79: =BA79/AZ79 -> 1.1860526 | BC79: =BA79/AY79-1 -> -0.16300664 | BD79: 18332 | BE79: 15200 | BF79: 13587 | BG79: =BF79/BE79 -> 0.89388158 | BH79: =BF79/BD79-1 -> -0.25883701 | BI79: 13216 | BJ79: 18050 | BK79: 19764 | BL79: =BK79/BJ79 -> 1.0949584 | BM79: =BK79/BI79-1 -> 0.49546005
D80: 서부 | E80: 42 | F80: 39 | G80: 666306 | H80: 684614 | I80: 698000 | J80: =I80/H80-1 -> 0.019552624 | K80: =P80+U80+Z80+AE80+AJ80+AO80+AT80+AY80+BD80+BI80+BN80+BS80 -> 560651 | L80: =Q80+V80+AA80+AF80+AK80+AP80+AU80+AZ80+BE80+BJ80+BO80+BT80 -> 568870 | M80: =R80+W80+AB80+AG80+AL80+AQ80+AV80+BA80+BF80+BK80+BP80+BU80 -> 560003 | N80: =M80/L80 -> 0.98441296 | O80: =M80/K80-1 -> -0.0011557992 | P80: 42642 | Q80: 48860 | R80: 57733 | S80: =R80/Q80 -> 1.1816005 | T80: =R80/P80-1 -> 0.35389991 | U80: 41630 | V80: 55840 | W80: 65192 | X80: =W80/V80 -> 1.1674785 | Y80: =W80/U80-1 -> 0.56598607 | Z80: 56188 | AA80: 62820 | AB80: 44648 | AC80: =AB80/AA80 -> 0.71072907 | AD80: =AB80/Z80-1 -> -0.20538193 | AE80: 71220 | AF80: 55840 | AG80: 55864 | AH80: =AG80/AF80 -> 1.0004298 | AI80: =AG80/AE80-1 -> -0.21561359 | AJ80: 54688 | AK80: 55840 | AL80: 50391 | AM80: =AL80/AK80 -> 0.90241762 | AN80: =AL80/AJ80-1 -> -0.078572996 | AO80: 66087 | AP80: 55840 | AQ80: 56604 | AR80: =AQ80/AP80 -> 1.0136819 | AS80: =AQ80/AO80-1 -> -0.14349267 | AT80: 65624 | AU80: 55840 | AV80: 52735 | AW80: =AV80/AU80 -> 0.9443947 | AX80: =AV80/AT80-1 -> -0.1964068 | AY80: 54607 | AZ80: 55840 | BA80: 62167 | BB80: =BA80/AZ80 -> 1.1133059 | BC80: =BA80/AY80-1 -> 0.13844379 | BD80: 51703 | BE80: 55840 | BF80: 65182 | BG80: =BF80/BE80 -> 1.1672994 | BH80: =BF80/BD80-1 -> 0.26070054 | BI80: 56262 | BJ80: 66310 | BK80: 49487 | BL80: =BK80/BJ80 -> 0.74629769 | BM80: =BK80/BI80-1 -> -0.12041876
D81: 중부 | E81: 6 | F81: 6 | G81: 13450 | H81: 11808 | I81: 12000 | J81: =I81/H81-1 -> 0.016260163 | K81: =P81+U81+Z81+AE81+AJ81+AO81+AT81+AY81+BD81+BI81+BN81+BS81 -> 8224 | L81: =Q81+V81+AA81+AF81+AK81+AP81+AU81+AZ81+BE81+BJ81+BO81+BT81 -> 9780 | M81: =R81+W81+AB81+AG81+AL81+AQ81+AV81+BA81+BF81+BK81+BP81+BU81 -> 8350 | N81: =M81/L81 -> 0.85378323 | O81: =M81/K81-1 -> 0.015321012 | P81: 70 | Q81: 840 | R81: 58 | S81: =R81/Q81 -> 0.069047619 | T81: =R81/P81-1 -> -0.17142857 | U81: 30 | V81: 960 | W81: 184 | X81: =W81/V81 -> 0.19166667 | Y81: =W81/U81-1 -> 5.1333333 | Z81: 1308 | AA81: 1080 | AB81: 2300 | AC81: =AB81/AA81 -> 2.1296296 | AD81: =AB81/Z81-1 -> 0.75840979 | AE81: 508 | AF81: 960 | AG81: 58 | AH81: =AG81/AF81 -> 0.060416667 | AI81: =AG81/AE81-1 -> -0.88582677 | AJ81: 892 | AK81: 960 | AL81: 1114 | AM81: =AL81/AK81 -> 1.1604167 | AN81: =AL81/AJ81-1 -> 0.24887892 | AO81: 1254 | AP81: 960 | AQ81: 1770 | AR81: =AQ81/AP81 -> 1.84375 | AS81: =AQ81/AO81-1 -> 0.41148325 | AT81: 150 | AU81: 960 | AV81: 1522 | AW81: =AV81/AU81 -> 1.5854167 | AX81: =AV81/AT81-1 -> 9.1466667 | AY81: 2894 | AZ81: 960 | BA81: 54 | BB81: =BA81/AZ81 -> 0.05625 | BC81: =BA81/AY81-1 -> -0.9813407 | BD81: 24 | BE81: 960 | BF81: 196 | BG81: =BF81/BE81 -> 0.20416667 | BH81: =BF81/BD81-1 -> 7.1666667 | BI81: 1094 | BJ81: 1140 | BK81: 1094 | BL81: =BK81/BJ81 -> 0.95964912 | BM81: =BK81/BI81-1 -> 0

Sheet 매출액 
B2: 단위 : 원
B3: 구 분 (PVL,CVL,IL,AVI,기타) | E3: 전체 거래처수 | F3: 거래처수 | G3: 2023년 실적 | H3: 2024년 실적 | I3: 2025년 계획 | J3: 증감율 | K3: 누적실적 | P3: 1월 | U3: 2월 | Z3: 3월 | AE3: 4월 | AJ3: 5월 | AO3: 6월 | AT3: 7월 | AY3: 8월 | BD3: 9월 | BI3: 10월
K4: 2024년 | L4: 목표 | M4: 2025년 | N4: 달성율 | O4: 증감율 | P4: 2024년 | Q4: 목표 | R4: 2025년 | S4: 달성율 | T4: 증감율 | U4: 2024년 | V4: 목표 | W4: 2025년 | X4: 달성율 | Y4: 증감율 | Z4: 2024년 | AA4: 목표 | AB4: 2025년 | AC4: 달성율 | AD4: 증감율 | AE4: 2024년 | AF4: 목표 | AG4: 2025년 | AH4: 달성율 | AI4: 증감율 | AJ4: 2024년 | AK4: 목표 | AL4: 2025년 | AM4: 달성율 | AN4: 증감율 | AO4: 2024년 | AP4: 목표 | AQ4: 2025년 | AR4: 달성율 | AS4: 증감율 | AT4: 2024년 | AU4: 목표 | AV4: 2025년 | AW4: 달성율 | AX4: 증감율 | AY4: 2024년 | AZ4: 목표 | BA4: 2025년 | BB4: 달성율 | BC4: 증감율 | BD4: 2024년 | BE4: 목표 | BF4: 2025년 | BG4: 달성율 | BH4: 증감율 | BI4: 2024년 | BJ4: 목표 | BK4: 2025년 | BL4: 달성율 | BM4: 증감율
B5: AUTO | C5: 합계 | E5: =+E6+E9 -> 1348 | F5: =+F6+F9 -> 1287 | G5: =+G6+G13 -> 27286867573 | H5: =+H6+H13 -> 29199685893 | I5: =+I6+I13 -> 32686000000 | J5: =I5/H5-1 -> 0.1193956 | K5: =+K6+K13 -> 23998862504 | L5: =+L6+L13 -> 26639090000 | M5: =+M6+M13 -> 25630292960 | N5: =M5/L5 -> 0.96213095 | O5: =M5/K5-1 -> 0.067979491 | P5: =+P6+P13 -> 2027096930 | Q5: =+Q6+Q13 -> 2288020000 | R5: =+R6+R13 -> 1987200377 | S5: =R5/Q5 -> 0.86852404 | T5: =R5/P5-1 -> -0.019681621 | U5: =+U6+U13 -> 2030140880 | V5: =+V6+V13 -> 2614880000 | W5: =+W6+W13 -> 2370890910 | X5: =W5/V5 -> 0.90669205 | Y5: =W5/U5-1 -> 0.16784551 | Z5: =+Z6+Z13 -> 2501855948 | AA5: =+AA6+AA13 -> 2941740000 | AB5: =+AB6+AB13 -> 2350613070 | AC5: =AB5/AA5 -> 0.79905534 | AD5: =AB5/Z5-1 -> -0.060452273 | AE5: =+AE6+AE13 -> 2642262561 | AF5: =+AF6+AF13 -> 2614880000 | AG5: =+AG6+AG13 -> 2628181109 | AH5: =AG5/AF5 -> 1.0050867 | AI5: =AG5/AE5-1 -> -0.0053293159 | AJ5: =+AJ6+AJ13 -> 2354605647 | AK5: =+AK6+AK13 -> 2614880000 | AL5: =+AL6+AL13 -> 2802607252 | AM5: =AL5/AK5 -> 1.0717919 | AN5: =AL5/AJ5-1 -> 0.19026609 | AO5: =+AO6+AO13 -> 2290412914 | AP5: =+AP6+AP13 -> 2614880000 | AQ5: =+AQ6+AQ13 -> 2658708523 | AR5: =AQ5/AP5 -> 1.0167612 | AS5: =AQ5/AO5-1 -> 0.16079878 | AT5: =+AT6+AT13 -> 2518346791 | AU5: =+AU6+AU13 -> 2614880000 | AV5: =+AV6+AV13 -> 2574521016 | AW5: =AV5/AU5 -> 0.98456565 | AX5: =AV5/AT5-1 -> 0.022305993 | AY5: =+AY6+AY13 -> 2328736228 | AZ5: =+AZ6+AZ13 -> 2614880000 | BA5: =+BA6+BA13 -> 2636588329 | BB5: =BA5/AZ5 -> 1.0083018 | BC5: =BA5/AY5-1 -> 0.13219707 | BD5: =+BD6+BD13 -> 2198186609 | BE5: =+BE6+BE13 -> 2614880000 | BF5: =+BF6+BF13 -> 2905214626 | BG5: =BF5/BE5 -> 1.1110317 | BH5: =BF5/BD5-1 -> 0.32164149 | BI5: =+BI6+BI13 -> 3107217996 | BJ5: =+BJ6+BJ13 -> 3105170000 | BK5: =+BK6+BK13 -> 2715767748 | BL5: =BK5/BJ5 -> 0.87459551 | BM5: =BK5/BI5-1 -> -0.12598094
C6: B2C AUTO | D6: 소계 | E6: =SUM(E7:E8) -> 1348 | F6: =SUM(F7:F8) -> 1287 | G6: =SUM(G7:G9) -> 19860697110 | H6: =SUM(H7:H9) -> 20767615365 | I6: =SUM(I7:I9) -> 23412000000 | J6: =I6/H6-1 -> 0.12733213 | K6: =SUM(K7:K9) -> 17054283711 | L6: =SUM(L7:L9) -> 19080780000 | M6: =SUM(M7:M9) -> 18031175316 | N6: =M6/L6 -> 0.94499152 | O6: =M6/K6-1 -> 0.057281304 | P6: =SUM(P7:P9) -> 1444440218 | Q6: =SUM(Q7:Q9) -> 1638840000 | R6: =SUM(R7:R9) -> 1451055994 | S6: =R6/Q6 -> 0.88541651 | T6: =R6/P6-1 -> 0.004580166 | U6: =SUM(U7:U9) -> 1361145626 | V6: =SUM(V7:V9) -> 1872960000 | W6: =SUM(W7:W9) -> 1699598170 | X6: =W6/V6 -> 0.90743965 | Y6: =W6/U6-1 -> 0.24865271 | Z6: =SUM(Z7:Z9) -> 1787046396 | AA6: =SUM(AA7:AA9) -> 2107080000 | AB6: =SUM(AB7:AB9) -> 1779925569 | AC6: =AB6/AA6 -> 0.84473564 | AD6: =AB6/Z6-1 -> -0.0039846906 | AE6: =SUM(AE7:AE9) -> 1867308715 | AF6: =SUM(AF7:AF9) -> 1872960000 | AG6: =SUM(AG7:AG9) -> 1920318178 | AH6: =AG6/AF6 -> 1.0252852 | AI6: =AG6/AE6-1 -> 0.028388162 | AJ6: =SUM(AJ7:AJ9) -> 1640478319 | AK6: =SUM(AK7:AK9) -> 1872960000 | AL6: =SUM(AL7:AL9) -> 1957137004 | AM6: =AL6/AK6 -> 1.0449433 | AN6: =AL6/AJ6-1 -> 0.19302827 | AO6: =SUM(AO7:AO9) -> 1644551100 | AP6: =SUM(AP7:AP9) -> 1872960000 | AQ6: =SUM(AQ7:AQ9) -> 1868875482 | AR6: =AQ6/AP6 -> 0.99781922 | AS6: =AQ6/AO6-1 -> 0.13640463 | AT6: =SUM(AT7:AT9) -> 1746640783 | AU6: =SUM(AU7:AU9) -> 1872960000 | AV6: =SUM(AV7:AV9) -> 1744845643 | AW6: =AV6/AU6 -> 0.93159792 | AX6: =AV6/AT6-1 -> -0.0010277671 | AY6: =SUM(AY7:AY9) -> 1656519094 | AZ6: =SUM(AZ7:AZ9) -> 1872960000 | BA6: =SUM(BA7:BA9) -> 1682621724 | BB6: =BA6/AZ6 -> 0.89837569 | BC6: =BA6/AY6-1 -> 0.015757518 | BD6: =SUM(BD7:BD9) -> 1618316179 | BE6: =SUM(BE7:BE9) -> 1872960000 | BF6: =SUM(BF7:BF9) -> 2010903241 | BG6: =BF6/BE6 -> 1.0736499 | BH6: =BF6/BD6-1 -> 0.24258984 | BI6: =SUM(BI7:BI9) -> 2287837281 | BJ6: =SUM(BJ7:BJ9) -> 2224140000 | BK6: =SUM(BK7:BK9) -> 1915894311 | BL6: =BK6/BJ6 -> 0.86140904 | BM6: =BK6/BI6-1 -> -0.16257405
D7: 팀 | E7: =+E21+E24+E28+E31+E34+E37+E41 -> 1264 | F7: =+F21+F24+F28+F31+F34+F37+F41 -> 1208 | G7: =+G21+G24+G28+G31+G34+G37+G41 -> 13472487735 | H7: =+H21+H24+H28+H31+H34+H37+H41 -> 14621113821 | I7: =+I21+I24+I28+I31+I34+I37+I41 -> 16739000000 | J7: =I7/H7-1 -> 0.14485122 | K7: =P7+U7+Z7+AE7+AJ7+AO7+AT7+AY7+BD7+BI7+BN7+BS7 -> 12049167294 | L7: =Q7+V7+AA7+AF7+AK7+AP7+AU7+AZ7+BE7+BJ7+BO7+BT7 -> 13642285000 | M7: =R7+W7+AB7+AG7+AL7+AQ7+AV7+BA7+BF7+BK7+BP7+BU7 -> 12725516478 | N7: =M7/L7 -> 0.93279949 | O7: =M7/K7-1 -> 0.056132442 | P7: =+P21+P24+P28+P31+P34+P37+P41 -> 1054118270 | Q7: =+Q21+Q24+Q28+Q31+Q34+Q37+Q41 -> 1171730000 | R7: =+R21+R24+R28+R31+R34+R37+R41 -> 985900990 | S7: =R7/Q7 -> 0.84140629 | T7: =R7/P7-1 -> -0.064715015 | U7: =+U21+U24+U28+U31+U34+U37+U41 -> 963697049 | V7: =+V21+V24+V28+V31+V34+V37+V41 -> 1339120000 | W7: =+W21+W24+W28+W31+W34+W37+W41 -> 1158528343 | X7: =W7/V7 -> 0.86514154 | Y7: =W7/U7-1 -> 0.20217069 | Z7: =+Z21+Z24+Z28+Z31+Z34+Z37+Z41 -> 1321220598 | AA7: =+AA21+AA24+AA28+AA31+AA34+AA37+AA41 -> 1506510000 | AB7: =+AB21+AB24+AB28+AB31+AB34+AB37+AB41 -> 1248669576 | AC7: =AB7/AA7 -> 0.82884918 | AD7: =AB7/Z7-1 -> -0.054912118 | AE7: =+AE21+AE24+AE28+AE31+AE34+AE37+AE41 -> 1267115277 | AF7: =+AF21+AF24+AF28+AF31+AF34+AF37+AF41 -> 1339120000 | AG7: =+AG21+AG24+AG28+AG31+AG34+AG37+AG41 -> 1378029953 | AH7: =AG7/AF7 -> 1.0290564 | AI7: =AG7/AE7-1 -> 0.087533217 | AJ7: =+AJ21+AJ24+AJ28+AJ31+AJ34+AJ37+AJ41 -> 1123375909 | AK7: =+AK21+AK24+AK28+AK31+AK34+AK37+AK41 -> 1339120000 | AL7: =+AL21+AL24+AL28+AL31+AL34+AL37+AL41 -> 1462864675 | AM7: =AL7/AK7 -> 1.0924075 | AN7: =AL7/AJ7-1 -> 0.30220406 | AO7: =+AO21+AO24+AO28+AO31+AO34+AO37+AO41 -> 1162429598 | AP7: =+AP21+AP24+AP28+AP31+AP34+AP37+AP41 -> 1339120000 | AQ7: =+AQ21+AQ24+AQ28+AQ31+AQ34+AQ37+AQ41 -> 1270803956 | AR7: =AQ7/AP7 -> 0.94898437 | AS7: =AQ7/AO7-1 -> 0.0932309 | AT7: =+AT21+AT24+AT28+AT31+AT34+AT37+AT41 -> 1149783552 | AU7: =+AU21+AU24+AU28+AU31+AU34+AU37+AU41 -> 1339120000 | AV7: =+AV21+AV24+AV28+AV31+AV34+AV37+AV41 -> 1241122151 | AW7: =AV7/AU7 -> 0.92681922 | AX7: =AV7/AT7-1 -> 0.079439821 | AY7: =+AY21+AY24+AY28+AY31+AY34+AY37+AY41 -> 1162649975 | AZ7: =+AZ21+AZ24+AZ28+AZ31+AZ34+AZ37+AZ41 -> 1339120000 | BA7: =+BA21+BA24+BA28+BA31+BA34+BA37+BA41 -> 1138780031 | BB7: =BA7/AZ7 -> 0.85039431 | BC7: =BA7/AY7-1 -> -0.020530636 | BD7: =+BD21+BD24+BD28+BD31+BD34+BD37+BD41 -> 1136017549 | BE7: =+BE21+BE24+BE28+BE31+BE34+BE37+BE41 -> 1339120000 | BF7: =+BF21+BF24+BF28+BF31+BF34+BF37+BF41 -> 1429354832 | BG7: =BF7/BE7 -> 1.0673837 | BH7: =BF7/BD7-1 -> 0.25821545 | BI7: =+BI21+BI24+BI28+BI31+BI34+BI37+BI41 -> 1708759517 | BJ7: =+BJ21+BJ24+BJ28+BJ31+BJ34+BJ37+BJ41 -> 1590205000 | BK7: =+BK21+BK24+BK28+BK31+BK34+BK37+BK41 -> 1411461971 | BL7: =BK7/BJ7 -> 0.88759749 | BM7: =BK7/BI7-1 -> -0.17398443
D8: 사무실 | E8: =+E43 -> 84 | F8: =+F43 -> 79 | G8: =+G43 -> 4086543995 | H8: =+H43 -> 3953477368 | I8: =+I43 -> 4108000000 | J8: =I8/H8-1 -> 0.039085245 | K8: =P8+U8+Z8+AE8+AJ8+AO8+AT8+AY8+BD8+BI8+BN8+BS8 -> 3257516293 | L8: =Q8+V8+AA8+AF8+AK8+AP8+AU8+AZ8+BE8+BJ8+BO8+BT8 -> 3348020000 | M8: =R8+W8+AB8+AG8+AL8+AQ8+AV8+BA8+BF8+BK8+BP8+BU8 -> 3402941349 | N8: =M8/L8 -> 1.0164041 | O8: =M8/K8-1 -> 0.044642925 | P8: =+P43 -> 288765772 | Q8: =+Q43 -> 287560000 | R8: =+R43 -> 326223559 | S8: =R8/Q8 -> 1.1344539 | T8: =R8/P8-1 -> 0.12971685 | U8: =+U43 -> 226390373 | V8: =+V43 -> 328640000 | W8: =+W43 -> 366814874 | X8: =W8/V8 -> 1.1161602 | Y8: =W8/U8-1 -> 0.62027594 | Z8: =+Z43 -> 301100120 | AA8: =+AA43 -> 369720000 | AB8: =+AB43 -> 310011465 | AC8: =AB8/AA8 -> 0.83850337 | AD8: =AB8/Z8-1 -> 0.029595953 | AE8: =+AE43 -> 382755795 | AF8: =+AF43 -> 328640000 | AG8: =+AG43 -> 358912443 | AH8: =AG8/AF8 -> 1.0921143 | AI8: =AG8/AE8-1 -> -0.062293902 | AJ8: =+AJ43 -> 345767156 | AK8: =+AK43 -> 328640000 | AL8: =+AL43 -> 309592560 | AM8: =AL8/AK8 -> 0.94204163 | AN8: =AL8/AJ8-1 -> -0.10462126 | AO8: =+AO43 -> 360706246 | AP8: =+AP43 -> 328640000 | AQ8: =+AQ43 -> 341567740 | AR8: =AQ8/AP8 -> 1.0393371 | AS8: =AQ8/AO8-1 -> -0.053058427 | AT8: =+AT43 -> 352083593 | AU8: =+AU43 -> 328640000 | AV8: =+AV43 -> 337845873 | AW8: =AV8/AU8 -> 1.028012 | AX8: =AV8/AT8-1 -> -0.040438465 | AY8: =+AY43 -> 352190539 | AZ8: =+AZ43 -> 328640000 | BA8: =+BA43 -> 368925847 | BB8: =BA8/AZ8 -> 1.1225835 | BC8: =BA8/AY8-1 -> 0.047517767 | BD8: =+BD43 -> 320791437 | BE8: =+BE43 -> 328640000 | BF8: =+BF43 -> 364607279 | BG8: =BF8/BE8 -> 1.1094428 | BH8: =BF8/BD8-1 -> 0.13658669 | BI8: =+BI43 -> 326965262 | BJ8: =+BJ43 -> 390260000 | BK8: =+BK43 -> 318439709 | BL8: =BK8/BJ8 -> 0.8159681 | BM8: =BK8/BI8-1 -> -0.026074798
D9: 남부지사 | E9: =+E47 | F9: =+F47 | G9: =+G47 -> 2301665380 | H9: =+H47 -> 2193024176 | I9: =+I47 -> 2565000000 | J9: =I9/H9-1 -> 0.16961775 | K9: =P9+U9+Z9+AE9+AJ9+AO9+AT9+AY9+BD9+BI9+BN9+BS9 -> 1747600124 | L9: =Q9+V9+AA9+AF9+AK9+AP9+AU9+AZ9+BE9+BJ9+BO9+BT9 -> 2090475000 | M9: =R9+W9+AB9+AG9+AL9+AQ9+AV9+BA9+BF9+BK9+BP9+BU9 -> 1902717489 | N9: =M9/L9 -> 0.91018428 | O9: =M9/K9-1 -> 0.088760216 | P9: =+P47 -> 101556176 | Q9: =+Q47 -> 179550000 | R9: =+R47 -> 138931445 | S9: =R9/Q9 -> 0.7737758 | T9: =R9/P9-1 -> 0.36802556 | U9: =+U47 -> 171058204 | V9: =+V47 -> 205200000 | W9: 174254953 | X9: =W9/V9 -> 0.84919568 | Y9: =W9/U9-1 -> 0.018688078 | Z9: 164725678 | AA9: =+AA47 -> 230850000 | AB9: 221244528 | AC9: =AB9/AA9 -> 0.95839085 | AD9: =AB9/Z9-1 -> 0.34310892 | AE9: 217437643 | AF9: =+AF47 -> 205200000 | AG9: 183375782 | AH9: =AG9/AF9 -> 0.89364416 | AI9: =AG9/AE9-1 -> -0.15665117 | AJ9: 171335254 | AK9: =+AK47 -> 205200000 | AL9: 184679769 | AM9: =AL9/AK9 -> 0.89999887 | AN9: =AL9/AJ9-1 -> 0.077885401 | AO9: 121415256 | AP9: =+AP47 -> 205200000 | AQ9: 256503786 | AR9: =AQ9/AP9 -> 1.2500185 | AS9: =AQ9/AO9-1 -> 1.1126158 | AT9: 244773638 | AU9: =+AU47 -> 205200000 | AV9: 165877619 | AW9: =AV9/AU9 -> 0.80837046 | AX9: =AV9/AT9-1 -> -0.32232237 | AY9: 141678580 | AZ9: =+AZ47 -> 205200000 | BA9: 174915846 | BB9: =BA9/AZ9 -> 0.8524164 | BC9: =BA9/AY9-1 -> 0.23459627 | BD9: 161507193 | BE9: =+BE47 -> 205200000 | BF9: 216941130 | BG9: =BF9/BE9 -> 1.057218 | BH9: =BF9/BD9-1 -> 0.3432289 | BI9: 252112502 | BJ9: =+BJ47 -> 243675000 | BK9: 185992631 | BL9: =BK9/BJ9 -> 0.76328155 | BM9: =BK9/BI9-1 -> -0.26226336
G10: =G6-G20-G9 -> -2301665380 | H10: =H6-H20-H9 -> -2193024176 | J10: =I10/H10-1 -> -1 | O10: =M10/K10-1 -> #DIV/0! | T10: =R10/P10-1 -> #DIV/0! | Y10: =W10/U10-1 -> #DIV/0! | AD10: =AB10/Z10-1 -> #DIV/0! | AI10: =AG10/AE10-1 -> #DIV/0! | AN10: =AL10/AJ10-1 -> #DIV/0! | AS10: =AQ10/AO10-1 -> #DIV/0! | AX10: =AV10/AT10-1 -> #DIV/0! | BC10: =BA10/AY10-1 -> #DIV/0! | BH10: =BF10/BD10-1 -> #DIV/0! | BM10: =BK10/BI10-1 -> #DIV/0!
G11: =G6-G9 -> 17559031730 | H11: =H6-H9 -> 18574591189 | I11: b2b-5% | J11: =I11/H11-1 -> #VALUE! | K11: =K6-K9 -> 15306683587 | L11: =L6-L9 -> 16990305000 | M11: =M6-M9 -> 16128457827 | O11: =M11/K11-1 -> 0.053687282 | P11: =P6-P9 -> 1342884042 | Q11: =Q6-Q9 -> 1459290000 | R11: =R6-R9 -> 1312124549 | T11: =R11/P11-1 -> -0.022905547 | U11: =U6-U9 -> 1190087422 | V11: =V6-V9 -> 1667760000 | W11: =W6-W9 -> 1525343217 | Y11: =W11/U11-1 -> 0.28170686 | Z11: =Z6-Z9 -> 1622320718 | AA11: =AA6-AA9 -> 1876230000 | AB11: =AB6-AB9 -> 1558681041 | AD11: =AB11/Z11-1 -> -0.039227556 | AE11: =AE6-AE9 -> 1649871072 | AF11: =AF6-AF9 -> 1667760000 | AG11: =AG6-AG9 -> 1736942396 | AI11: =AG11/AE11-1 -> 0.052774623 | AJ11: =AJ6-AJ9 -> 1469143065 | AK11: =AK6-AK9 -> 1667760000 | AL11: =AL6-AL9 -> 1772457235 | AN11: =AL11/AJ11-1 -> 0.20645652 | AO11: =AO6-AO9 -> 1523135844 | AP11: =AP6-AP9 -> 1667760000 | AQ11: =AQ6-AQ9 -> 1612371696 | AS11: =AQ11/AO11-1 -> 0.058586929 | AT11: =AT6-AT9 -> 1501867145 | AU11: =AU6-AU9 -> 1667760000 | AV11: =AV6-AV9 -> 1578968024 | AX11: =AV11/AT11-1 -> 0.051336684 | AY11: =AY6-AY9 -> 1514840514 | AZ11: =AZ6-AZ9 -> 1667760000 | BA11: =BA6-BA9 -> 1507705878 | BC11: =BA11/AY11-1 -> -0.0047098265 | BD11: =BD6-BD9 -> 1456808986 | BE11: =BE6-BE9 -> 1667760000 | BF11: =BF6-BF9 -> 1793962111 | BH11: =BF11/BD11-1 -> 0.23143262 | BI11: =BI6-BI9 -> 2035724779 | BJ11: =BJ6-BJ9 -> 1980465000 | BK11: =BK6-BK9 -> 1729901680 | BM11: =BK11/BI11-1 -> -0.15022812
I12: 남부-10% | J12: =I12/H12-1 -> #VALUE! | O12: =M12/K12-1 -> #DIV/0! | T12: =R12/P12-1 -> #DIV/0! | Y12: =W12/U12-1 -> #DIV/0! | AD12: =AB12/Z12-1 -> #DIV/0! | AI12: =AG12/AE12-1 -> #DIV/0! | AN12: =AL12/AJ12-1 -> #DIV/0! | AS12: =AQ12/AO12-1 -> #DIV/0! | AX12: =AV12/AT12-1 -> #DIV/0! | BC12: =BA12/AY12-1 -> #DIV/0! | BH12: =BF12/BD12-1 -> #DIV/0! | BM12: =BK12/BI12-1 -> #DIV/0!
C13: B2B AUTO | D13: 소계 | E13: =SUM(E14:E15) -> 0 | F13: =SUM(F14:F15) -> 0 | G13: =SUM(G14:G15) -> 7426170463 | H13: =SUM(H14:H15) -> 8432070528 | I13: =SUM(I14:I15) -> 9274000000 | J13: =I13/H13-1 -> 0.099848486 | K13: =SUM(K14:K15) -> 6944578793 | L13: =SUM(L14:L15) -> 7558310000 | M13: =SUM(M14:M15) -> 7599117644 | N13: =M13/L13 -> 1.005399 | O13: =M13/K13-1 -> 0.094251771 | P13: =SUM(P14:P15) -> 582656712 | Q13: =SUM(Q14:Q15) -> 649180000 | R13: =SUM(R14:R15) -> 536144383 | S13: =R13/Q13 -> 0.82587939 | T13: =R13/P13-1 -> -0.079828015 | U13: =SUM(U14:U15) -> 668995254 | V13: =SUM(V14:V15) -> 741920000 | W13: =SUM(W14:W15) -> 671292740 | X13: =W13/V13 -> 0.90480475 | Y13: =W13/U13-1 -> 0.0034342336 | Z13: =SUM(Z14:Z15) -> 714809552 | AA13: =SUM(AA14:AA15) -> 834660000 | AB13: =SUM(AB14:AB15) -> 570687501 | AC13: =AB13/AA13 -> 0.68373649 | AD13: =AB13/Z13-1 -> -0.20162301 | AE13: =SUM(AE14:AE15) -> 774953846 | AF13: =SUM(AF14:AF15) -> 741920000 | AG13: =SUM(AG14:AG15) -> 707862931 | AH13: =AG13/AF13 -> 0.95409604 | AI13: =AG13/AE13-1 -> -0.086574078 | AJ13: =SUM(AJ14:AJ15) -> 714127328 | AK13: =SUM(AK14:AK15) -> 741920000 | AL13: =SUM(AL14:AL15) -> 845470248 | AM13: =AL13/AK13 -> 1.1395706 | AN13: =AL13/AJ13-1 -> 0.18392087 | AO13: =SUM(AO14:AO15) -> 645861814 | AP13: =SUM(AP14:AP15) -> 741920000 | AQ13: =SUM(AQ14:AQ15) -> 789833041 | AR13: =AQ13/AP13 -> 1.0645798 | AS13: =AQ13/AO13-1 -> 0.22291336 | AT13: =SUM(AT14:AT15) -> 771706008 | AU13: =SUM(AU14:AU15) -> 741920000 | AV13: =SUM(AV14:AV15) -> 829675373 | AW13: =AV13/AU13 -> 1.1182814 | AX13: =AV13/AT13-1 -> 0.075118458 | AY13: =SUM(AY14:AY15) -> 672217134 | AZ13: =SUM(AZ14:AZ15) -> 741920000 | BA13: =SUM(BA14:BA15) -> 953966605 | BB13: =BA13/AZ13 -> 1.2858079 | BC13: =BA13/AY13-1 -> 0.41913462 | BD13: =SUM(BD14:BD15) -> 579870430 | BE13: =SUM(BE14:BE15) -> 741920000 | BF13: =SUM(BF14:BF15) -> 894311385 | BG13: =BF13/BE13 -> 1.2054014 | BH13: =BF13/BD13-1 -> 0.54226072 | BI13: =SUM(BI14:BI15) -> 819380715 | BJ13: =SUM(BJ14:BJ15) -> 881030000 | BK13: =SUM(BK14:BK15) -> 799873437 | BL13: =BK13/BJ13 -> 0.90788445 | BM13: =BK13/BI13-1 -> -0.023807343
D14: b2b | G14: 5992342262 | H14: 7182953919 | I14: 7844000000 | J14: =I14/H14-1 -> 0.092029837 | K14: =P14+U14+Z14+AE14+AJ14+AO14+AT14+AY14+BD14+BI14+BN14+BS14 -> 5989000704 | L14: =Q14+V14+AA14+AF14+AK14+AP14+AU14+AZ14+BE14+BJ14+BO14+BT14 -> 6392860000 | M14: =R14+W14+AB14+AG14+AL14+AQ14+AV14+BA14+BF14+BK14+BP14+BU14 -> 5283980579 | N14: =M14/L14 -> 0.82654408 | O14: =M14/K14-1 -> -0.11771916 | P14: 521847058 | Q14: 549080000 | R14: 411381844 | S14: =R14/Q14 -> 0.74922023 | T14: =R14/P14-1 -> -0.2116812 | U14: 603124879 | V14: 627520000 | W14: 503387362 | X14: =W14/V14 -> 0.80218537 | Y14: =W14/U14-1 -> -0.16536794 | Z14: 607255978 | AA14: 705960000 | AB14: 463028086 | AC14: =AB14/AA14 -> 0.65588431 | AD14: =AB14/Z14-1 -> -0.23750757 | AE14: 657817507 | AF14: 627520000 | AG14: 549649984 | AH14: =AG14/AF14 -> 0.87590831 | AI14: =AG14/AE14-1 -> -0.16443394 | AJ14: 632909707 | AK14: 627520000 | AL14: 662455178 | AM14: =AL14/AK14 -> 1.0556718 | AN14: =AL14/AJ14-1 -> 0.046681968 | AO14: 578087556 | AP14: 627520000 | AQ14: 466697103 | AR14: =AQ14/AP14 -> 0.7437167 | AS14: =AQ14/AO14-1 -> -0.19268786 | AT14: 628763488 | AU14: 627520000 | AV14: 533768166 | AW14: =AV14/AU14 -> 0.85059945 | AX14: =AV14/AT14-1 -> -0.15108276 | AY14: 583251943 | AZ14: 627520000 | BA14: 563807486 | BB14: =BA14/AZ14 -> 0.89846935 | BC14: =BA14/AY14-1 -> -0.033338006 | BD14: 461274839 | BE14: 627520000 | BF14: 558152441 | BG14: =BF14/BE14 -> 0.88945761 | BH14: =BF14/BD14-1 -> 0.21002143 | BI14: 714667749 | BJ14: 745180000 | BK14: 571652929 | BL14: =BK14/BJ14 -> 0.76713402 | BM14: =BK14/BI14-1 -> -0.20011372
D15: 기타 | G15: 1433828201 | H15: 1249116609 | I15: 1430000000 | J15: =I15/H15-1 -> 0.14480905 | K15: =P15+U15+Z15+AE15+AJ15+AO15+AT15+AY15+BD15+BI15+BN15+BS15 -> 955578089 | L15: =Q15+V15+AA15+AF15+AK15+AP15+AU15+AZ15+BE15+BJ15+BO15+BT15 -> 1165450000 | M15: =R15+W15+AB15+AG15+AL15+AQ15+AV15+BA15+BF15+BK15+BP15+BU15 -> 2315137065 | N15: =M15/L15 -> 1.9864748 | O15: =M15/K15-1 -> 1.4227607 | P15: 60809654 | Q15: 1.001e+08 | R15: 124762539 | S15: =R15/Q15 -> 1.246379 | T15: =R15/P15-1 -> 1.0516897 | U15: 65870375 | V15: 114400000 | W15: 167905378 | X15: =W15/V15 -> 1.4677044 | Y15: =W15/U15-1 -> 1.5490272 | Z15: 107553574 | AA15: 128700000 | AB15: 107659415 | AC15: =AB15/AA15 -> 0.83651449 | AD15: =AB15/Z15-1 -> 0.00098407701 | AE15: 117136339 | AF15: 114400000 | AG15: 158212947 | AH15: =AG15/AF15 -> 1.3829803 | AI15: =AG15/AE15-1 -> 0.35067348 | AJ15: 81217621 | AK15: 114400000 | AL15: 183015070 | AM15: =AL15/AK15 -> 1.5997821 | AN15: =AL15/AJ15-1 -> 1.2533912 | AO15: 67774258 | AP15: 114400000 | AQ15: 323135938 | AR15: =AQ15/AP15 -> 2.8246148 | AS15: =AQ15/AO15-1 -> 3.767827 | AT15: 142942520 | AU15: 114400000 | AV15: 295907207 | AW15: =AV15/AU15 -> 2.5866015 | AX15: =AV15/AT15-1 -> 1.0701133 | AY15: 88965191 | AZ15: 114400000 | BA15: 390159119 | BB15: =BA15/AZ15 -> 3.4104818 | BC15: =BA15/AY15-1 -> 3.3855256 | BD15: 118595591 | BE15: 114400000 | BF15: 336158944 | BG15: =BF15/BE15 -> 2.9384523 | BH15: =BF15/BD15-1 -> 1.8344978 | BI15: 104712966 | BJ15: 135850000 | BK15: 228220508 | BL15: =BK15/BJ15 -> 1.6799449 | BM15: =BK15/BI15-1 -> 1.1794866
B18: 구 분 (PVL,CVL,IL,AVI,기타) | E18: 전체 거래처수 | F18: 거래처수 | G18: 2023년 실적 | H18: 2024년 실적 | I18: 2025년 계획 | J18: 증감율 | K18: 누적실적 | P18: 1월 | U18: 2월 | Z18: 3월 | AE18: 4월 | AJ18: 5월 | AO18: 6월 | AT18: 7월 | AY18: 8월 | BD18: 9월 | BI18: 10월
K19: 2024년 | L19: 목표 | M19: 2025년 | N19: 달성율 | O19: 증감율 | P19: 2024년 | Q19: 목표 | R19: 2025년 | S19: 달성율 | T19: 증감율 | U19: 2024년 | V19: 목표 | W19: 2025년 | X19: 달성율 | Y19: 증감율 | Z19: 2024년 | AA19: 목표 | AB19: 2025년 | AC19: 달성율 | AD19: 증감율 | AE19: 2024년 | AF19: 목표 | AG19: 2025년 | AH19: 달성율 | AI19: 증감율 | AJ19: 2024년 | AK19: 목표 | AL19: 2025년 | AM19: 달성율 | AN19: 증감율 | AO19: 2024년 | AP19: 목표 | AQ19: 2025년 | AR19: 달성율 | AS19: 증감율 | AT19: 2024년 | AU19: 목표 | AV19: 2025년 | AW19: 달성율 | AX19: 증감율 | AY19: 2024년 | AZ19: 목표 | BA19: 2025년 | BB19: 달성율 | BC19: 증감율 | BD19: 2024년 | BE19: 목표 | BF19: 2025년 | BG19: 달성율 | BH19: 증감율 | BI19: 2024년 | BJ19: 목표 | BK19: 2025년 | BL19: 달성율 | BM19: 증감율
B20: B2C 총 계 | E20: =+E21+E24+E28+E31+E34+E37+E41+E43+E47 -> 1348 | F20: =+F21+F24+F28+F31+F34+F37+F41+F43+F47 -> 1287 | G20: =+G21+G24+G28+G31+G34+G37+G41+G43+G47 -> 19860697110 | H20: =+H21+H24+H28+H31+H34+H37+H41+H43+H47 -> 20767615365 | I20: =+I21+I24+I28+I31+I34+I37+I41+I43+I47 -> 23412000000 | J20: =I20/H20-1 -> 0.12733213 | K20: =+K21+K24+K28+K31+K34+K37+K41+K43+K47 -> 17054283711 | L20: =+L21+L24+L28+L31+L34+L37+L41+L43+L47 -> 19080780000 | M20: =+M21+M24+M28+M31+M34+M37+M41+M43+M47 -> 18025131996 | N20: =M20/L20 -> 0.9446748 | O20: =M20/K20-1 -> 0.056926946 | P20: =+P21+P24+P28+P31+P34+P37+P41+P43+P47 -> 1444440218 | Q20: =+Q21+Q24+Q28+Q31+Q34+Q37+Q41+Q43+Q47 -> 1638840000 | R20: =+R21+R24+R28+R31+R34+R37+R41+R43+R47 -> 1451055994 | S20: =R20/Q20 -> 0.88541651 | T20: =R20/P20-1 -> 0.004580166 | U20: =+U21+U24+U28+U31+U34+U37+U41+U43+U47 -> 1361145626 | V20: =+V21+V24+V28+V31+V34+V37+V41+V43+V47 -> 1872960000 | W20: =+W21+W24+W28+W31+W34+W37+W41+W43+W47 -> 1699598170 | X20: =W20/V20 -> 0.90743965 | Y20: =W20/U20-1 -> 0.24865271 | Z20: =+Z21+Z24+Z28+Z31+Z34+Z37+Z41+Z43+Z47 -> 1787046396 | AA20: =+AA21+AA24+AA28+AA31+AA34+AA37+AA41+AA43+AA47 -> 2107080000 | AB20: =+AB21+AB24+AB28+AB31+AB34+AB37+AB41+AB43+AB47 -> 1779925569 | AC20: =AB20/AA20 -> 0.84473564 | AD20: =AB20/Z20-1 -> -0.0039846906 | AE20: =+AE21+AE24+AE28+AE31+AE34+AE37+AE41+AE43+AE47 -> 1867308715 | AF20: =+AF21+AF24+AF28+AF31+AF34+AF37+AF41+AF43+AF47 -> 1872960000 | AG20: =+AG21+AG24+AG28+AG31+AG34+AG37+AG41+AG43+AG47 -> 1920318178 | AH20: =AG20/AF20 -> 1.0252852 | AI20: =AG20/AE20-1 -> 0.028388162 | AJ20: =+AJ21+AJ24+AJ28+AJ31+AJ34+AJ37+AJ41+AJ43+AJ47 -> 1640478319 | AK20: =+AK21+AK24+AK28+AK31+AK34+AK37+AK41+AK43+AK47 -> 1872960000 | AL20: =+AL21+AL24+AL28+AL31+AL34+AL37+AL41+AL43+AL47 -> 1951093684 | AM20: =AL20/AK20 -> 1.0417167 | AN20: =AL20/AJ20-1 -> 0.18934439 | AO20: =+AO21+AO24+AO28+AO31+AO34+AO37+AO41+AO43+AO47 -> 1644551100 | AP20: =+AP21+AP24+AP28+AP31+AP34+AP37+AP41+AP43+AP47 -> 1872960000 | AQ20: =+AQ21+AQ24+AQ28+AQ31+AQ34+AQ37+AQ41+AQ43+AQ47 -> 1868875482 | AR20: =AQ20/AP20 -> 0.99781922 | AS20: =AQ20/AO20-1 -> 0.13640463 | AT20: =+AT21+AT24+AT28+AT31+AT34+AT37+AT41+AT43+AT47 -> 1746640783 | AU20: =+AU21+AU24+AU28+AU31+AU34+AU37+AU41+AU43+AU47 -> 1872960000 | AV20: =+AV21+AV24+AV28+AV31+AV34+AV37+AV41+AV43+AV47 -> 1744845643 | AW20: =AV20/AU20 -> 0.93159792 | AX20: =AV20/AT20-1 -> -0.0010277671 | AY20: =+AY21+AY24+AY28+AY31+AY34+AY37+AY41+AY43+AY47 -> 1656519094 | AZ20: =+AZ21+AZ24+AZ28+AZ31+AZ34+AZ37+AZ41+AZ43+AZ47 -> 1872960000 | BA20: =+BA21+BA24+BA28+BA31+BA34+BA37+BA41+BA43+BA47 -> 1682621724 | BB20: =BA20/AZ20 -> 0.89837569 | BC20: =BA20/AY20-1 -> 0.015757518 | BD20: =+BD21+BD24+BD28+BD31+BD34+BD37+BD41+BD43+BD47 -> 1618316179 | BE20: =+BE21+BE24+BE28+BE31+BE34+BE37+BE41+BE43+BE47 -> 1872960000 | BF20: =+BF21+BF24+BF28+BF31+BF34+BF37+BF41+BF43+BF47 -> 2010903241 | BG20: =BF20/BE20 -> 1.0736499 | BH20: =BF20/BD20-1 -> 0.24258984 | BI20: =+BI21+BI24+BI28+BI31+BI34+BI37+BI41+BI43+BI47 -> 2287837281 | BJ20: =+BJ21+BJ24+BJ28+BJ31+BJ34+BJ37+BJ41+BJ43+BJ47 -> 2224140000 | BK20: =+BK21+BK24+BK28+BK31+BK34+BK37+BK41+BK43+BK47 -> 1915894311 | BL20: =BK20/BJ20 -> 0.86140904 | BM20: =BK20/BI20-1 -> -0.16257405
B21: 맥심팀 | C21: 합계 | E21: =SUM(E22:E23) -> 232 | F21: =SUM(F22:F23) -> 226 | G21: =SUM(G22:G23) -> 2253100446 | H21: =SUM(H22:H23) -> 2293679687 | I21: =SUM(I22:I23) -> 2660000000 | J21: =I21/H21-1 -> 0.15970857 | K21: =SUM(K22:K23) -> 1866354256 | L21: =SUM(L22:L23) -> 2167900000 | M21: =SUM(M22:M23) -> 1796956438 | N21: =M21/L21 -> 0.82889268 | O21: =M21/K21-1 -> -0.037183626 | P21: =SUM(P22:P23) -> 187011870 | Q21: =SUM(Q22:Q23) -> 186200000 | R21: =SUM(R22:R23) -> 167693426 | S21: =R21/Q21 -> 0.90060916 | T21: =R21/P21-1 -> -0.10330063 | U21: =SUM(U22:U23) -> 163865119 | V21: =SUM(V22:V23) -> 212800000 | W21: =SUM(W22:W23) -> 186086181 | X21: =W21/V21 -> 0.87446514 | Y21: =W21/U21-1 -> 0.13560581 | Z21: =SUM(Z22:Z23) -> 199020618 | AA21: =SUM(AA22:AA23) -> 239400000 | AB21: =SUM(AB22:AB23) -> 174795586 | AC21: =AB21/AA21 -> 0.73014029 | AD21: =AB21/Z21-1 -> -0.12172122 | AE21: =SUM(AE22:AE23) -> 188647382 | AF21: =SUM(AF22:AF23) -> 212800000 | AG21: =SUM(AG22:AG23) -> 193888939 | AH21: =AG21/AF21 -> 0.91113223 | AI21: =AG21/AE21-1 -> 0.027784944 | AJ21: =SUM(AJ22:AJ23) -> 187786106 | AK21: =SUM(AK22:AK23) -> 212800000 | AL21: =SUM(AL22:AL23) -> 171364686 | AM21: =AL21/AK21 -> 0.80528518 | AN21: =AL21/AJ21-1 -> -0.087447471 | AO21: =SUM(AO22:AO23) -> 176684889 | AP21: =SUM(AP22:AP23) -> 212800000 | AQ21: =SUM(AQ22:AQ23) -> 186992839 | AR21: =AQ21/AP21 -> 0.87872575 | AS21: =AQ21/AO21-1 -> 0.058340869 | AT21: =SUM(AT22:AT23) -> 187507396 | AU21: =SUM(AU22:AU23) -> 212800000 | AV21: =SUM(AV22:AV23) -> 181886760 | AW21: =AV21/AU21 -> 0.85473102 | AX21: =AV21/AT21-1 -> -0.029975543 | AY21: =SUM(AY22:AY23) -> 191855160 | AZ21: =SUM(AZ22:AZ23) -> 212800000 | BA21: =SUM(BA22:BA23) -> 147340883 | BB21: =BA21/AZ21 -> 0.69239137 | BC21: =BA21/AY21-1 -> -0.23202022 | BD21: =SUM(BD22:BD23) -> 178210246 | BE21: =SUM(BE22:BE23) -> 212800000 | BF21: =SUM(BF22:BF23) -> 206875343 | BG21: =BF21/BE21 -> 0.97215857 | BH21: =BF21/BD21-1 -> 0.16084988 | BI21: =SUM(BI22:BI23) -> 205765470 | BJ21: =SUM(BJ22:BJ23) -> 252700000 | BK21: =SUM(BK22:BK23) -> 180031795 | BL21: =BK21/BJ21 -> 0.7124329 | BM21: =BK21/BI21-1 -> -0.12506314
C22: 심경섭 | D22: 소계 | E22: 123 | F22: 122 | G22: 1138579447 | H22: 1164658806 | I22: 1351000000 | J22: =I22/H22-1 -> 0.15999638 | K22: =P22+U22+Z22+AE22+AJ22+AO22+AT22+AY22+BD22+BI22+BN22+BS22 -> 945879516 | L22: =Q22+V22+AA22+AF22+AK22+AP22+AU22+AZ22+BE22+BJ22+BO22+BT22 -> 1101065000 | M22: =R22+W22+AB22+AG22+AL22+AQ22+AV22+BA22+BF22+BK22+BP22+BU22 -> 913256341 | N22: =M22/L22 -> 0.82943 | O22: =M22/K22-1 -> -0.034489779 | P22: 100297110 | Q22: 94570000 | R22: 81822517 | S22: =R22/Q22 -> 0.86520585 | T22: =R22/P22-1 -> -0.18419866 | U22: 75797533 | V22: 108080000 | W22: 87306587 | X22: =W22/V22 -> 0.80779596 | Y22: =W22/U22-1 -> 0.15183943 | Z22: 94489313 | AA22: 121590000 | AB22: 92464631 | AC22: =AB22/AA22 -> 0.76046246 | AD22: =AB22/Z22-1 -> -0.02142763 | AE22: 92401126 | AF22: 108080000 | AG22: 99758432 | AH22: =AG22/AF22 -> 0.92300548 | AI22: =AG22/AE22-1 -> 0.079623554 | AJ22: 98289971 | AK22: 108080000 | AL22: 89651130 | AM22: =AL22/AK22 -> 0.82948862 | AN22: =AL22/AJ22-1 -> -0.087891378 | AO22: 85048392 | AP22: 108080000 | AQ22: 100025690 | AR22: =AQ22/AP22 -> 0.92547826 | AS22: =AQ22/AO22-1 -> 0.17610325 | AT22: 100866124 | AU22: 108080000 | AV22: 93057893 | AW22: =AV22/AU22 -> 0.86100937 | AX22: =AV22/AT22-1 -> -0.077411828 | AY22: 99438714 | AZ22: 108080000 | BA22: 78962036 | BB22: =BA22/AZ22 -> 0.73058879 | BC22: =BA22/AY22-1 -> -0.20592259 | BD22: 87407756 | BE22: 108080000 | BF22: 102624507 | BG22: =BF22/BE22 -> 0.94952357 | BH22: =BF22/BD22-1 -> 0.17408925 | BI22: 111843477 | BJ22: 128345000 | BK22: 87582918 | BL22: =BK22/BJ22 -> 0.68240226 | BM22: =BK22/BI22-1 -> -0.21691528
C23: 이상욱 | D23: 소계 | E23: 109 | F23: 104 | G23: 1114520999 | H23: 1129020881 | I23: 1309000000 | J23: =I23/H23-1 -> 0.15941168 | K23: =P23+U23+Z23+AE23+AJ23+AO23+AT23+AY23+BD23+BI23+BN23+BS23 -> 920474740 | L23: =Q23+V23+AA23+AF23+AK23+AP23+AU23+AZ23+BE23+BJ23+BO23+BT23 -> 1066835000 | M23: =R23+W23+AB23+AG23+AL23+AQ23+AV23+BA23+BF23+BK23+BP23+BU23 -> 883700097 | N23: =M23/L23 -> 0.82833812 | O23: =M23/K23-1 -> -0.039951822 | P23: 86714760 | Q23: 91630000 | R23: 85870909 | S23: =R23/Q23 -> 0.93714841 | T23: =R23/P23-1 -> -0.0097313422 | U23: 88067586 | V23: 104720000 | W23: 98779594 | X23: =W23/V23 -> 0.94327343 | Y23: =W23/U23-1 -> 0.12163395 | Z23: 104531305 | AA23: 117810000 | AB23: 82330955 | AC23: =AB23/AA23 -> 0.69884522 | AD23: =AB23/Z23-1 -> -0.21237992 | AE23: 96246256 | AF23: 104720000 | AG23: 94130507 | AH23: =AG23/AF23 -> 0.89887803 | AI23: =AG23/AE23-1 -> -0.021982663 | AJ23: 89496135 | AK23: 104720000 | AL23: 81713556 | AM23: =AL23/AK23 -> 0.78030516 | AN23: =AL23/AJ23-1 -> -0.086959945 | AO23: 91636497 | AP23: 104720000 | AQ23: 86967149 | AR23: =AQ23/AP23 -> 0.83047316 | AS23: =AQ23/AO23-1 -> -0.050955112 | AT23: 86641272 | AU23: 104720000 | AV23: 88828867 | AW23: =AV23/AU23 -> 0.84825121 | AX23: =AV23/AT23-1 -> 0.025248879 | AY23: 92416446 | AZ23: 104720000 | BA23: 68378847 | BB23: =BA23/AZ23 -> 0.65296836 | BC23: =BA23/AY23-1 -> -0.26010088 | BD23: 90802490 | BE23: 104720000 | BF23: 104250836 | BG23: =BF23/BE23 -> 0.99551982 | BH23: =BF23/BD23-1 -> 0.14810548 | BI23: 93921993 | BJ23: 124355000 | BK23: 92448877 | BL23: =BK23/BJ23 -> 0.7434271 | BM23: =BK23/BI23-1 -> -0.015684463
B24: 솔개팀 | C24: 합계 | E24: =SUM(E25:E27) -> 174 | F24: =SUM(F25:F27) -> 150 | G24: =SUM(G25:G27) -> 2293658495 | H24: =SUM(H25:H27) -> 2189768297 | I24: =SUM(I25:I27) -> 2692000000 | J24: =I24/H24-1 -> 0.22935381 | K24: =SUM(K25:K27) -> 1781458277 | L24: =SUM(L25:L27) -> 2193980000 | M24: =SUM(M25:M27) -> 1938703500 | N24: =M24/L24 -> 0.88364684 | O24: =M24/K24-1 -> 0.088267699 | P24: =SUM(P25:P27) -> 124548539 | Q24: =SUM(Q25:Q27) -> 188440000 | R24: =SUM(R25:R27) -> 139282249 | S24: =R24/Q24 -> 0.73913314 | T24: =R24/P24-1 -> 0.11829693 | U24: =SUM(U25:U27) -> 119432535 | V24: =SUM(V25:V27) -> 215360000 | W24: =SUM(W25:W27) -> 167979759 | X24: =W24/V24 -> 0.77999517 | Y24: =W24/U24-1 -> 0.4064824 | Z24: =SUM(Z25:Z27) -> 164640843 | AA24: =SUM(AA25:AA27) -> 242280000 | AB24: =SUM(AB25:AB27) -> 185659361 | AC24: =AB24/AA24 -> 0.76630081 | AD24: =AB24/Z24-1 -> 0.12766284 | AE24: =SUM(AE25:AE27) -> 207187699 | AF24: =SUM(AF25:AF27) -> 215360000 | AG24: =SUM(AG25:AG27) -> 203973178 | AH24: =AG24/AF24 -> 0.94712657 | AI24: =AG24/AE24-1 -> -0.015515019 | AJ24: =SUM(AJ25:AJ27) -> 147988533 | AK24: =SUM(AK25:AK27) -> 215360000 | AL24: =SUM(AL25:AL27) -> 227664776 | AM24: =AL24/AK24 -> 1.0571358 | AN24: =AL24/AJ24-1 -> 0.53839471 | AO24: =SUM(AO25:AO27) -> 161708769 | AP24: =SUM(AP25:AP27) -> 215360000 | AQ24: =SUM(AQ25:AQ27) -> 188917977 | AR24: =AQ24/AP24 -> 0.87721943 | AS24: =AQ24/AO24-1 -> 0.16826056 | AT24: =SUM(AT25:AT27) -> 168339944 | AU24: =SUM(AU25:AU27) -> 215360000 | AV24: =SUM(AV25:AV27) -> 201417063 | AW24: =AV24/AU24 -> 0.93525754 | AX24: =AV24/AT24-1 -> 0.19649002 | AY24: =SUM(AY25:AY27) -> 169574538 | AZ24: =SUM(AZ25:AZ27) -> 215360000 | BA24: =SUM(BA25:BA27) -> 183345241 | BB24: =BA24/AZ24 -> 0.85134306 | BC24: =BA24/AY24-1 -> 0.081207374 | BD24: =SUM(BD25:BD27) -> 171714717 | BE24: =SUM(BE25:BE27) -> 215360000 | BF24: =SUM(BF25:BF27) -> 226480350 | BG24: =BF24/BE24 -> 1.0516361 | BH24: =BF24/BD24-1 -> 0.31893383 | BI24: =SUM(BI25:BI27) -> 346322160 | BJ24: =SUM(BJ25:BJ27) -> 255740000 | BK24: =SUM(BK25:BK27) -> 213983546 | BL24: =BK24/BJ24 -> 0.83672302 | BM24: =BK24/BI24-1 -> -0.38212575
C25: 박태원 | D25: 소계 | E25: 45 | F25: 45 | G25: 935518240 | H25: 780005823 | I25: 959000000 | J25: =I25/H25-1 -> 0.229478 | K25: =P25+U25+Z25+AE25+AJ25+AO25+AT25+AY25+BD25+BI25+BN25+BS25 -> 633558927 | L25: =Q25+V25+AA25+AF25+AK25+AP25+AU25+AZ25+BE25+BJ25+BO25+BT25 -> 781585000 | M25: =R25+W25+AB25+AG25+AL25+AQ25+AV25+BA25+BF25+BK25+BP25+BU25 -> 712730923 | N25: =M25/L25 -> 0.91190456 | O25: =M25/K25-1 -> 0.1249639 | P25: 41913180 | Q25: 67130000 | R25: 50954088 | S25: =R25/Q25 -> 0.75903602 | T25: =R25/P25-1 -> 0.21570561 | U25: 53440393 | V25: 76720000 | W25: 65167039 | X25: =W25/V25 -> 0.84941396 | Y25: =W25/U25-1 -> 0.21943413 | Z25: 66699081 | AA25: 86310000 | AB25: 73909313 | AC25: =AB25/AA25 -> 0.85632387 | AD25: =AB25/Z25-1 -> 0.10810092 | AE25: 70849162 | AF25: 76720000 | AG25: 76433173 | AH25: =AG25/AF25 -> 0.99626138 | AI25: =AG25/AE25-1 -> 0.078815484 | AJ25: 56373171 | AK25: 76720000 | AL25: 73261134 | AM25: =AL25/AK25 -> 0.95491572 | AN25: =AL25/AJ25-1 -> 0.29957447 | AO25: 72714085 | AP25: 76720000 | AQ25: 74278864 | AR25: =AQ25/AP25 -> 0.96818123 | AS25: =AQ25/AO25-1 -> 0.021519613 | AT25: 54849725 | AU25: 76720000 | AV25: 69412494 | AW25: =AV25/AU25 -> 0.90475096 | AX25: =AV25/AT25-1 -> 0.26550304 | AY25: 61328634 | AZ25: 76720000 | BA25: 74324771 | BB25: =BA25/AZ25 -> 0.9687796 | BC25: =BA25/AY25-1 -> 0.21190977 | BD25: 52390455 | BE25: 76720000 | BF25: 75369466 | BG25: =BF25/BE25 -> 0.98239659 | BH25: =BF25/BD25-1 -> 0.43861064 | BI25: 103001041 | BJ25: 91105000 | BK25: 79620581 | BL25: =BK25/BJ25 -> 0.87394304 | BM25: =BK25/BI25-1 -> -0.22699246
C26: 박경식 | D26: 소계 | E26: 61 | F26: 59 | G26: 843123053 | H26: 868307621 | I26: 1068000000 | J26: =I26/H26-1 -> 0.22997884 | K26: =P26+U26+Z26+AE26+AJ26+AO26+AT26+AY26+BD26+BI26+BN26+BS26 -> 720505655 | L26: =Q26+V26+AA26+AF26+AK26+AP26+AU26+AZ26+BE26+BJ26+BO26+BT26 -> 870420000 | M26: =R26+W26+AB26+AG26+AL26+AQ26+AV26+BA26+BF26+BK26+BP26+BU26 -> 686216602 | N26: =M26/L26 -> 0.78837412 | O26: =M26/K26-1 -> -0.047590262 | P26: 43182857 | Q26: 74760000 | R26: 47317249 | S26: =R26/Q26 -> 0.632922 | T26: =R26/P26-1 -> 0.095741512 | U26: 36163051 | V26: 85440000 | W26: 57940126 | X26: =W26/V26 -> 0.67813818 | Y26: =W26/U26-1 -> 0.60219131 | Z26: 59724946 | AA26: 96120000 | AB26: 55661641 | AC26: =AB26/AA26 -> 0.5790849 | AD26: =AB26/Z26-1 -> -0.068033632 | AE26: 95388537 | AF26: 85440000 | AG26: 67692501 | AH26: =AG26/AF26 -> 0.79228114 | AI26: =AG26/AE26-1 -> -0.29034973 | AJ26: 45160813 | AK26: 85440000 | AL26: 99160910 | AM26: =AL26/AK26 -> 1.1605912 | AN26: =AL26/AJ26-1 -> 1.1957291 | AO26: 50128313 | AP26: 85440000 | AQ26: 67632056 | AR26: =AQ26/AP26 -> 0.79157369 | AS26: =AQ26/AO26-1 -> 0.34917878 | AT26: 64261132 | AU26: 85440000 | AV26: 68413646 | AW26: =AV26/AU26 -> 0.80072151 | AX26: =AV26/AT26-1 -> 0.064619372 | AY26: 65636131 | AZ26: 85440000 | BA26: 58730917 | BB26: =BA26/AZ26 -> 0.68739369 | BC26: =BA26/AY26-1 -> -0.10520446 | BD26: 69108305 | BE26: 85440000 | BF26: 88883872 | BG26: =BF26/BE26 -> 1.0403075 | BH26: =BF26/BD26-1 -> 0.28615326 | BI26: 191751570 | BJ26: 101460000 | BK26: 74783684 | BL26: =BK26/BJ26 -> 0.73707554 | BM26: =BK26/BI26-1 -> -0.60999702
C27: 김태일 | D27: 소계 | E27: 68 | F27: 46 | G27: 515017202 | H27: 541454853 | I27: 665000000 | J27: =I27/H27-1 -> 0.22817257 | K27: =P27+U27+Z27+AE27+AJ27+AO27+AT27+AY27+BD27+BI27+BN27+BS27 -> 427393695 | L27: =Q27+V27+AA27+AF27+AK27+AP27+AU27+AZ27+BE27+BJ27+BO27+BT27 -> 541975000 | M27: =R27+W27+AB27+AG27+AL27+AQ27+AV27+BA27+BF27+BK27+BP27+BU27 -> 539755975 | N27: =M27/L27 -> 0.99590567 | O27: =M27/K27-1 -> 0.26290112 | P27: 39452502 | Q27: 46550000 | R27: 41010912 | S27: =R27/Q27 -> 0.88100778 | T27: =R27/P27-1 -> 0.039500917 | U27: 29829091 | V27: 53200000 | W27: 44872594 | X27: =W27/V27 -> 0.84346981 | Y27: =W27/U27-1 -> 0.50432321 | Z27: 38216816 | AA27: 59850000 | AB27: 56088407 | AC27: =AB27/AA27 -> 0.93714966 | AD27: =AB27/Z27-1 -> 0.46763684 | AE27: 40950000 | AF27: 53200000 | AG27: 59847504 | AH27: =AG27/AF27 -> 1.1249531 | AI27: =AG27/AE27-1 -> 0.46147751 | AJ27: 46454549 | AK27: 53200000 | AL27: 55242732 | AM27: =AL27/AK27 -> 1.0383972 | AN27: =AL27/AJ27-1 -> 0.18917809 | AO27: 38866371 | AP27: 53200000 | AQ27: 47007057 | AR27: =AQ27/AP27 -> 0.8835913 | AS27: =AQ27/AO27-1 -> 0.20945321 | AT27: 49229087 | AU27: 53200000 | AV27: 63590923 | AW27: =AV27/AU27 -> 1.1953181 | AX27: =AV27/AT27-1 -> 0.29173476 | AY27: 42609773 | AZ27: 53200000 | BA27: 50289553 | BB27: =BA27/AZ27 -> 0.94529235 | BC27: =BA27/AY27-1 -> 0.18023518 | BD27: 50215957 | BE27: 53200000 | BF27: 62227012 | BG27: =BF27/BE27 -> 1.1696807 | BH27: =BF27/BD27-1 -> 0.23918801 | BI27: 51569549 | BJ27: 63175000 | BK27: 59579281 | BL27: =BK27/BJ27 -> 0.9430832 | BM27: =BK27/BI27-1 -> 0.15531902
B28: 아리안팀 | C28: 합계 | E28: =SUM(E29:E30) -> 164 | F28: =SUM(F29:F30) -> 163 | G28: =SUM(G29:G30) -> 2097985286 | H28: =SUM(H29:H30) -> 2401829779 | I28: =SUM(I29:I30) -> 2713000000 | J28: =I28/H28-1 -> 0.12955548 | K28: =SUM(K29:K30) -> 1964586642 | L28: =SUM(L29:L30) -> 2211095000 | M28: =SUM(M29:M30) -> 2150718239 | N28: =M28/L28 -> 0.97269373 | O28: =M28/K28-1 -> 0.094743389 | P28: =SUM(P29:P30) -> 170490438 | Q28: =SUM(Q29:Q30) -> 189910000 | R28: =SUM(R29:R30) -> 192934302 | S28: =R28/Q28 -> 1.0159249 | T28: =R28/P28-1 -> 0.13164295 | U28: =SUM(U29:U30) -> 179969741 | V28: =SUM(V29:V30) -> 217040000 | W28: =SUM(W29:W30) -> 206087632 | X28: =W28/V28 -> 0.94953756 | Y28: =W28/U28-1 -> 0.14512379 | Z28: =SUM(Z29:Z30) -> 185814786 | AA28: =SUM(AA29:AA30) -> 244170000 | AB28: =SUM(AB29:AB30) -> 213843000 | AC28: =AB28/AA28 -> 0.87579555 | AD28: =AB28/Z28-1 -> 0.15083952 | AE28: =SUM(AE29:AE30) -> 208373341 | AF28: =SUM(AF29:AF30) -> 217040000 | AG28: =SUM(AG29:AG30) -> 222023698 | AH28: =AG28/AF28 -> 1.0229621 | AI28: =AG28/AE28-1 -> 0.065509133 | AJ28: =SUM(AJ29:AJ30) -> 201981639 | AK28: =SUM(AK29:AK30) -> 217040000 | AL28: =SUM(AL29:AL30) -> 218843718 | AM28: =AL28/AK28 -> 1.0083105 | AN28: =AL28/AJ28-1 -> 0.083483227 | AO28: =SUM(AO29:AO30) -> 193173059 | AP28: =SUM(AP29:AP30) -> 217040000 | AQ28: =SUM(AQ29:AQ30) -> 206129886 | AR28: =AQ28/AP28 -> 0.94973224 | AS28: =AQ28/AO28-1 -> 0.067073675 | AT28: =SUM(AT29:AT30) -> 208774744 | AU28: =SUM(AU29:AU30) -> 217040000 | AV28: =SUM(AV29:AV30) -> 235864133 | AW28: =AV28/AU28 -> 1.0867312 | AX28: =AV28/AT28-1 -> 0.12975415 | AY28: =SUM(AY29:AY30) -> 195539225 | AZ28: =SUM(AZ29:AZ30) -> 217040000 | BA28: =SUM(BA29:BA30) -> 213000826 | BB28: =BA28/AZ28 -> 0.98138973 | BC28: =BA28/AY28-1 -> 0.089299735 | BD28: =SUM(BD29:BD30) -> 187728536 | BE28: =SUM(BE29:BE30) -> 217040000 | BF28: =SUM(BF29:BF30) -> 224277292 | BG28: =BF28/BE28 -> 1.0333454 | BH28: =BF28/BD28-1 -> 0.1946894 | BI28: =SUM(BI29:BI30) -> 232741133 | BJ28: =SUM(BJ29:BJ30) -> 257735000 | BK28: =SUM(BK29:BK30) -> 217713752 | BL28: =BK28/BJ28 -> 0.84471939 | BM28: =BK28/BI28-1 -> -0.064566932
C29: 안천수 | D29: 소계 | E29: 80 | F29: 80 | G29: 1495122272 | H29: 1607579167 | I29: 1816000000 | J29: =I29/H29-1 -> 0.12964888 | K29: =P29+U29+Z29+AE29+AJ29+AO29+AT29+AY29+BD29+BI29+BN29+BS29 -> 1316468487 | L29: =Q29+V29+AA29+AF29+AK29+AP29+AU29+AZ29+BE29+BJ29+BO29+BT29 -> 1480040000 | M29: =R29+W29+AB29+AG29+AL29+AQ29+AV29+BA29+BF29+BK29+BP29+BU29 -> 1462424944 | N29: =M29/L29 -> 0.98809826 | O29: =M29/K29-1 -> 0.11086969 | P29: 121046359 | Q29: 1.2712e+08 | R29: 127220401 | S29: =R29/Q29 -> 1.0007898 | T29: =R29/P29-1 -> 0.051005599 | U29: 132446790 | V29: 145280000 | W29: 135299923 | X29: =W29/V29 -> 0.93130454 | Y29: =W29/U29-1 -> 0.02154173 | Z29: 121682158 | AA29: 163440000 | AB29: 147493659 | AC29: =AB29/AA29 -> 0.90243306 | AD29: =AB29/Z29-1 -> 0.21212231 | AE29: 129353184 | AF29: 145280000 | AG29: 148584164 | AH29: =AG29/AF29 -> 1.0227434 | AI29: =AG29/AE29-1 -> 0.14867033 | AJ29: 140164386 | AK29: 145280000 | AL29: 143607787 | AM29: =AL29/AK29 -> 0.98848972 | AN29: =AL29/AJ29-1 -> 0.024566875 | AO29: 131172257 | AP29: 145280000 | AQ29: 147592627 | AR29: =AQ29/AP29 -> 1.0159184 | AS29: =AQ29/AO29-1 -> 0.12518173 | AT29: 135194189 | AU29: 145280000 | AV29: 159245065 | AW29: =AV29/AU29 -> 1.0961252 | AX29: =AV29/AT29-1 -> 0.17789874 | AY29: 126898518 | AZ29: 145280000 | BA29: 149032657 | BB29: =BA29/AZ29 -> 1.0258305 | BC29: =BA29/AY29-1 -> 0.17442394 | BD29: 122581593 | BE29: 145280000 | BF29: 155737622 | BG29: =BF29/BE29 -> 1.0719825 | BH29: =BF29/BD29-1 -> 0.2704813 | BI29: 155929053 | BJ29: 172520000 | BK29: 148611039 | BL29: =BK29/BJ29 -> 0.8614134 | BM29: =BK29/BI29-1 -> -0.04693169
C30: 문경복 | D30: 소계 | E30: 84 | F30: 83 | G30: 602863014 | H30: 794250612 | I30: 897000000 | J30: =I30/H30-1 -> 0.12936646 | K30: =P30+U30+Z30+AE30+AJ30+AO30+AT30+AY30+BD30+BI30+BN30+BS30 -> 648118155 | L30: =Q30+V30+AA30+AF30+AK30+AP30+AU30+AZ30+BE30+BJ30+BO30+BT30 -> 731055000 | M30: =R30+W30+AB30+AG30+AL30+AQ30+AV30+BA30+BF30+BK30+BP30+BU30 -> 688293295 | N30: =M30/L30 -> 0.94150686 | O30: =M30/K30-1 -> 0.06198737 | P30: 49444079 | Q30: 62790000 | R30: 65713901 | S30: =R30/Q30 -> 1.0465663 | T30: =R30/P30-1 -> 0.32905501 | U30: 47522951 | V30: 71760000 | W30: 70787709 | X30: =W30/V30 -> 0.98645079 | Y30: =W30/U30-1 -> 0.48954784 | Z30: 64132628 | AA30: 80730000 | AB30: 66349341 | AC30: =AB30/AA30 -> 0.82186722 | AD30: =AB30/Z30-1 -> 0.034564512 | AE30: 79020157 | AF30: 71760000 | AG30: 73439534 | AH30: =AG30/AF30 -> 1.0234049 | AI30: =AG30/AE30-1 -> -0.070622778 | AJ30: 61817253 | AK30: 71760000 | AL30: 75235931 | AM30: =AL30/AK30 -> 1.0484383 | AN30: =AL30/AJ30-1 -> 0.21707011 | AO30: 62000802 | AP30: 71760000 | AQ30: 58537259 | AR30: =AQ30/AP30 -> 0.81573661 | AS30: =AQ30/AO30-1 -> -0.055862874 | AT30: 73580555 | AU30: 71760000 | AV30: 76619068 | AW30: =AV30/AU30 -> 1.0677128 | AX30: =AV30/AT30-1 -> 0.041295054 | AY30: 68640707 | AZ30: 71760000 | BA30: 63968169 | BB30: =BA30/AZ30 -> 0.89141819 | BC30: =BA30/AY30-1 -> -0.068072405 | BD30: 65146943 | BE30: 71760000 | BF30: 68539670 | BG30: =BF30/BE30 -> 0.95512361 | BH30: =BF30/BD30-1 -> 0.052078069 | BI30: 76812080 | BJ30: 85215000 | BK30: 69102713 | BL30: =BK30/BJ30 -> 0.81092194 | BM30: =BK30/BI30-1 -> -0.1003666
B31: 미추홀팀 | C31: 합계 | E31: =SUM(E32:E33) -> 170 | F31: =SUM(F32:F33) -> 162 | G31: =SUM(G32:G33) -> 2430400532 | H31: =SUM(H32:H33) -> 2761835010 | I31: =SUM(I32:I33) -> 3037000000 | J31: =I31/H31-1 -> 0.099631219 | K31: =SUM(K32:K33) -> 2329207174 | L31: =SUM(L32:L33) -> 2475155000 | M31: =SUM(M32:M33) -> 2426252208 | N31: =M31/L31 -> 0.98024253 | O31: =M31/K31-1 -> 0.041664406 | P31: =SUM(P32:P33) -> 206975161 | Q31: =SUM(Q32:Q33) -> 212590000 | R31: =SUM(R32:R33) -> 170853215 | S31: =R31/Q31 -> 0.80367475 | T31: =R31/P31-1 -> -0.1745231 | U31: =SUM(U32:U33) -> 164499332 | V31: =SUM(V32:V33) -> 242960000 | W31: =SUM(W32:W33) -> 208665333 | X31: =W31/V31 -> 0.85884645 | Y31: =W31/U31-1 -> 0.26848742 | Z31: =SUM(Z32:Z33) -> 390815977 | AA31: =SUM(AA32:AA33) -> 273330000 | AB31: =SUM(AB32:AB33) -> 250811582 | AC31: =AB31/AA31 -> 0.91761454 | AD31: =AB31/Z31-1 -> -0.35823611 | AE31: =SUM(AE32:AE33) -> 193388813 | AF31: =SUM(AF32:AF33) -> 242960000 | AG31: =SUM(AG32:AG33) -> 269900714 | AH31: =AG31/AF31 -> 1.1108854 | AI31: =AG31/AE31-1 -> 0.39563768 | AJ31: =SUM(AJ32:AJ33) -> 199798711 | AK31: =SUM(AK32:AK33) -> 242960000 | AL31: =SUM(AL32:AL33) -> 336836169 | AM31: =AL31/AK31 -> 1.3863853 | AN31: =AL31/AJ31-1 -> 0.68587759 | AO31: =SUM(AO32:AO33) -> 233296424 | AP31: =SUM(AP32:AP33) -> 242960000 | AQ31: =SUM(AQ32:AQ33) -> 289240068 | AR31: =AQ31/AP31 -> 1.1904843 | AS31: =AQ31/AO31-1 -> 0.23979641 | AT31: =SUM(AT32:AT33) -> 191615449 | AU31: =SUM(AU32:AU33) -> 242960000 | AV31: =SUM(AV32:AV33) -> 185968791 | AW31: =AV31/AU31 -> 0.76542966 | AX31: =AV31/AT31-1 -> -0.029468699 | AY31: =SUM(AY32:AY33) -> 202544306 | AZ31: =SUM(AZ32:AZ33) -> 242960000 | BA31: =SUM(BA32:BA33) -> 205790288 | BB31: =BA31/AZ31 -> 0.84701304 | BC31: =BA31/AY31-1 -> 0.016026034 | BD31: =SUM(BD32:BD33) -> 192626086 | BE31: =SUM(BE32:BE33) -> 242960000 | BF31: =SUM(BF32:BF33) -> 249723688 | BG31: =BF31/BE31 -> 1.0278387 | BH31: =BF31/BD31-1 -> 0.29641677 | BI31: =SUM(BI32:BI33) -> 353646915 | BJ31: =SUM(BJ32:BJ33) -> 288515000 | BK31: =SUM(BK32:BK33) -> 258462360 | BL31: =BK31/BJ31 -> 0.89583682 | BM31: =BK31/BI31-1 -> -0.26915138
C32: 정승윤 | D32: 소계 | E32: 64 | F32: 56 | G32: 1464288816 | H32: 1617856798 | I32: 1779000000 | J32: =I32/H32-1 -> 0.099602883 | K32: =P32+U32+Z32+AE32+AJ32+AO32+AT32+AY32+BD32+BI32+BN32+BS32 -> 1364558890 | L32: =Q32+V32+AA32+AF32+AK32+AP32+AU32+AZ32+BE32+BJ32+BO32+BT32 -> 1449885000 | M32: =R32+W32+AB32+AG32+AL32+AQ32+AV32+BA32+BF32+BK32+BP32+BU32 -> 1367925926 | N32: =M32/L32 -> 0.94347202 | O32: =M32/K32-1 -> 0.0024674904 | P32: 113466744 | Q32: 1.2453e+08 | R32: 79245270 | S32: =R32/Q32 -> 0.63635485 | T32: =R32/P32-1 -> -0.30159915 | U32: 87652424 | V32: 142320000 | W32: 109352523 | X32: =W32/V32 -> 0.76835668 | Y32: =W32/U32-1 -> 0.24756987 | Z32: 163944758 | AA32: 160110000 | AB32: 150435300 | AC32: =AB32/AA32 -> 0.93957467 | AD32: =AB32/Z32-1 -> -0.0824025 | AE32: 119041448 | AF32: 142320000 | AG32: 153307504 | AH32: =AG32/AF32 -> 1.0772028 | AI32: =AG32/AE32-1 -> 0.28784979 | AJ32: 128288920 | AK32: 142320000 | AL32: 222660441 | AM32: =AL32/AK32 -> 1.5645056 | AN32: =AL32/AJ32-1 -> 0.73561708 | AO32: 157210651 | AP32: 142320000 | AQ32: 148324185 | AR32: =AQ32/AP32 -> 1.0421879 | AS32: =AQ32/AO32-1 -> -0.056525852 | AT32: 120657978 | AU32: 142320000 | AV32: 96385335 | AW32: =AV32/AU32 -> 0.67724378 | AX32: =AV32/AT32-1 -> -0.20116899 | AY32: 120799558 | AZ32: 142320000 | BA32: 117686705 | BB32: =BA32/AZ32 -> 0.82691614 | BC32: =BA32/AY32-1 -> -0.025768745 | BD32: 108068158 | BE32: 142320000 | BF32: 142306050 | BG32: =BF32/BE32 -> 0.99990198 | BH32: =BF32/BD32-1 -> 0.31681758 | BI32: 245428251 | BJ32: 169005000 | BK32: 148222613 | BL32: =BK32/BJ32 -> 0.87703093 | BM32: =BK32/BI32-1 -> -0.3960654
C33: 이병훈 | D33: 소계 | E33: 106 | F33: 106 | G33: 966111716 | H33: 1143978212 | I33: 1258000000 | J33: =I33/H33-1 -> 0.099671293 | K33: =P33+U33+Z33+AE33+AJ33+AO33+AT33+AY33+BD33+BI33+BN33+BS33 -> 964648284 | L33: =Q33+V33+AA33+AF33+AK33+AP33+AU33+AZ33+BE33+BJ33+BO33+BT33 -> 1025270000 | M33: =R33+W33+AB33+AG33+AL33+AQ33+AV33+BA33+BF33+BK33+BP33+BU33 -> 1058326282 | N33: =M33/L33 -> 1.0322415 | O33: =M33/K33-1 -> 0.09711104 | P33: 93508417 | Q33: 88060000 | R33: 91607945 | S33: =R33/Q33 -> 1.0402901 | T33: =R33/P33-1 -> -0.020324074 | U33: 76846908 | V33: 100640000 | W33: 99312810 | X33: =W33/V33 -> 0.9868125 | Y33: =W33/U33-1 -> 0.29234621 | Z33: 226871219 | AA33: 113220000 | AB33: 100376282 | AC33: =AB33/AA33 -> 0.88655964 | AD33: =AB33/Z33-1 -> -0.55756273 | AE33: 74347365 | AF33: 100640000 | AG33: 116593210 | AH33: =AG33/AF33 -> 1.1585176 | AI33: =AG33/AE33-1 -> 0.56822249 | AJ33: 71509791 | AK33: 100640000 | AL33: 114175728 | AM33: =AL33/AK33 -> 1.1344965 | AN33: =AL33/AJ33-1 -> 0.59664469 | AO33: 76085773 | AP33: 100640000 | AQ33: 140915883 | AR33: =AQ33/AP33 -> 1.4001976 | AS33: =AQ33/AO33-1 -> 0.85206613 | AT33: 70957471 | AU33: 100640000 | AV33: 89583456 | AW33: =AV33/AU33 -> 0.89013768 | AX33: =AV33/AT33-1 -> 0.26249505 | AY33: 81744748 | AZ33: 100640000 | BA33: 88103583 | BB33: =BA33/AZ33 -> 0.87543306 | BC33: =BA33/AY33-1 -> 0.077788912 | BD33: 84557928 | BE33: 100640000 | BF33: 107417638 | BG33: =BF33/BE33 -> 1.0673454 | BH33: =BF33/BD33-1 -> 0.27034378 | BI33: 108218664 | BJ33: 119510000 | BK33: 110239747 | BL33: =BK33/BJ33 -> 0.92243115 | BM33: =BK33/BI33-1 -> 0.018675919
B34: 랜더스팀 | C34: 합계 | E34: =SUM(E35:E36) -> 144 | F34: =SUM(F35:F36) -> 141 | G34: =SUM(G35:G36) -> 1206955297 | H34: =SUM(H35:H36) -> 1383103910 | I34: =SUM(I35:I36) -> 1561000000 | J34: =I34/H34-1 -> 0.12862091 | K34: =SUM(K35:K36) -> 1132221033 | L34: =SUM(L35:L36) -> 1272215000 | M34: =SUM(M35:M36) -> 1201888860 | N34: =M34/L34 -> 0.9447215 | O34: =M34/K34-1 -> 0.061532002 | P34: =SUM(P35:P36) -> 111980809 | Q34: =SUM(Q35:Q36) -> 109270000 | R34: =SUM(R35:R36) -> 85487559 | S34: =R34/Q34 -> 0.7823516 | T34: =R34/P34-1 -> -0.23658741 | U34: =SUM(U35:U36) -> 102215322 | V34: =SUM(V35:V36) -> 124880000 | W34: =SUM(W35:W36) -> 106183797 | X34: =W34/V34 -> 0.85028665 | Y34: =W34/U34-1 -> 0.038824659 | Z34: =SUM(Z35:Z36) -> 106433260 | AA34: =SUM(AA35:AA36) -> 140490000 | AB34: =SUM(AB35:AB36) -> 115839529 | AC34: =AB34/AA34 -> 0.82453932 | AD34: =AB34/Z34-1 -> 0.088377158 | AE34: =SUM(AE35:AE36) -> 114158665 | AF34: =SUM(AF35:AF36) -> 124880000 | AG34: =SUM(AG35:AG36) -> 122948669 | AH34: =AG34/AF34 -> 0.98453451 | AI34: =AG34/AE34-1 -> 0.076998132 | AJ34: =SUM(AJ35:AJ36) -> 115828248 | AK34: =SUM(AK35:AK36) -> 124880000 | AL34: =SUM(AL35:AL36) -> 135404674 | AM34: =AL34/AK34 -> 1.0842783 | AN34: =AL34/AJ34-1 -> 0.16901254 | AO34: =SUM(AO35:AO36) -> 110175206 | AP34: =SUM(AP35:AP36) -> 124880000 | AQ34: =SUM(AQ35:AQ36) -> 112312703 | AR34: =AQ34/AP34 -> 0.89936501 | AS34: =AQ34/AO34-1 -> 0.01940089 | AT34: =SUM(AT35:AT36) -> 113946021 | AU34: =SUM(AU35:AU36) -> 124880000 | AV34: =SUM(AV35:AV36) -> 125758795 | AW34: =AV34/AU34 -> 1.0070371 | AX34: =AV34/AT34-1 -> 0.10366991 | AY34: =SUM(AY35:AY36) -> 118154587 | AZ34: =SUM(AZ35:AZ36) -> 124880000 | BA34: =SUM(BA35:BA36) -> 114887202 | BB34: =BA34/AZ34 -> 0.9199808 | BC34: =BA34/AY34-1 -> -0.027653476 | BD34: =SUM(BD35:BD36) -> 109998756 | BE34: =SUM(BE35:BE36) -> 124880000 | BF34: =SUM(BF35:BF36) -> 143344788 | BG34: =BF34/BE34 -> 1.1478602 | BH34: =BF34/BD34-1 -> 0.30314917 | BI34: =SUM(BI35:BI36) -> 129330159 | BJ34: =SUM(BJ35:BJ36) -> 148295000 | BK34: =SUM(BK35:BK36) -> 139721144 | BL34: =BK34/BJ34 -> 0.94218378 | BM34: =BK34/BI34-1 -> 0.080344639
C35: 주우철 | D35: 소계 | E35: 63 | F35: 60 | G35: 690455457 | H35: 821032791 | I35: 926000000 | J35: =I35/H35-1 -> 0.12784777 | K35: =P35+U35+Z35+AE35+AJ35+AO35+AT35+AY35+BD35+BI35+BN35+BS35 -> 669866595 | L35: =Q35+V35+AA35+AF35+AK35+AP35+AU35+AZ35+BE35+BJ35+BO35+BT35 -> 754690000 | M35: =R35+W35+AB35+AG35+AL35+AQ35+AV35+BA35+BF35+BK35+BP35+BU35 -> 745326767 | N35: =M35/L35 -> 0.98759327 | O35: =M35/K35-1 -> 0.11264955 | P35: 62275359 | Q35: 64820000 | R35: 52593524 | S35: =R35/Q35 -> 0.81137803 | T35: =R35/P35-1 -> -0.15546815 | U35: 59287272 | V35: 74080000 | W35: 59291302 | X35: =W35/V35 -> 0.80036855 | Y35: =W35/U35-1 -> 6.7974118e-05 | Z35: 63125539 | AA35: 83340000 | AB35: 71728808 | AC35: =AB35/AA35 -> 0.86067684 | AD35: =AB35/Z35-1 -> 0.13628825 | AE35: 67322994 | AF35: 74080000 | AG35: 76965036 | AH35: =AG35/AF35 -> 1.0389449 | AI35: =AG35/AE35-1 -> 0.14322064 | AJ35: 68330804 | AK35: 74080000 | AL35: 86328543 | AM35: =AL35/AK35 -> 1.1653421 | AN35: =AL35/AJ35-1 -> 0.2633913 | AO35: 66587540 | AP35: 74080000 | AQ35: 67459709 | AR35: =AQ35/AP35 -> 0.91063322 | AS35: =AQ35/AO35-1 -> 0.013098081 | AT35: 65678176 | AU35: 74080000 | AV35: 79770487 | AW35: =AV35/AU35 -> 1.0768154 | AX35: =AV35/AT35-1 -> 0.21456611 | AY35: 70331177 | AZ35: 74080000 | BA35: 73715304 | BB35: =BA35/AZ35 -> 0.995077 | BC35: =BA35/AY35-1 -> 0.048117025 | BD35: 65475386 | BE35: 74080000 | BF35: 91619523 | BG35: =BF35/BE35 -> 1.2367646 | BH35: =BF35/BD35-1 -> 0.39929718 | BI35: 81452348 | BJ35: 87970000 | BK35: 85854531 | BL35: =BK35/BJ35 -> 0.97595238 | BM35: =BK35/BI35-1 -> 0.054046115
C36: 김중호 | D36: 소계 | E36: 81 | F36: 81 | G36: 516499840 | H36: 562071119 | I36: 635000000 | J36: =I36/H36-1 -> 0.12975027 | K36: =P36+U36+Z36+AE36+AJ36+AO36+AT36+AY36+BD36+BI36+BN36+BS36 -> 462354438 | L36: =Q36+V36+AA36+AF36+AK36+AP36+AU36+AZ36+BE36+BJ36+BO36+BT36 -> 517525000 | M36: =R36+W36+AB36+AG36+AL36+AQ36+AV36+BA36+BF36+BK36+BP36+BU36 -> 456562093 | N36: =M36/L36 -> 0.88220297 | O36: =M36/K36-1 -> -0.012527932 | P36: 49705450 | Q36: 44450000 | R36: 32894035 | S36: =R36/Q36 -> 0.74002328 | T36: =R36/P36-1 -> -0.33822076 | U36: 42928050 | V36: 50800000 | W36: 46892495 | X36: =W36/V36 -> 0.92308061 | Y36: =W36/U36-1 -> 0.092350922 | Z36: 43307721 | AA36: 57150000 | AB36: 44110721 | AC36: =AB36/AA36 -> 0.77184114 | AD36: =AB36/Z36-1 -> 0.018541728 | AE36: 46835671 | AF36: 50800000 | AG36: 45983633 | AH36: =AG36/AF36 -> 0.90518963 | AI36: =AG36/AE36-1 -> -0.018192074 | AJ36: 47497444 | AK36: 50800000 | AL36: 49076131 | AM36: =AL36/AK36 -> 0.96606557 | AN36: =AL36/AJ36-1 -> 0.033237304 | AO36: 43587666 | AP36: 50800000 | AQ36: 44852994 | AR36: =AQ36/AP36 -> 0.88293295 | AS36: =AQ36/AO36-1 -> 0.029029497 | AT36: 48267845 | AU36: 50800000 | AV36: 45988308 | AW36: =AV36/AU36 -> 0.90528165 | AX36: =AV36/AT36-1 -> -0.047226824 | AY36: 47823410 | AZ36: 50800000 | BA36: 41171898 | BB36: =BA36/AZ36 -> 0.81047043 | BC36: =BA36/AY36-1 -> -0.13908485 | BD36: 44523370 | BE36: 50800000 | BF36: 51725265 | BG36: =BF36/BE36 -> 1.0182139 | BH36: =BF36/BD36-1 -> 0.16175539 | BI36: 47877811 | BJ36: 60325000 | BK36: 53866613 | BL36: =BK36/BJ36 -> 0.89294012 | BM36: =BK36/BI36-1 -> 0.12508513
B37: 클라쓰팀 | C37: 합계 | E37: =SUM(E38:E40) -> 334 | F37: =SUM(F38:F40) -> 324 | G37: =SUM(G38:G40) -> 2806942461 | H37: =SUM(H38:H40) -> 3179940149 | I37: =SUM(I38:I40) -> 3592000000 | J37: =I37/H37-1 -> 0.12958101 | K37: =SUM(K38:K40) -> 2638998298 | L37: =SUM(L38:L40) -> 2927480000 | M37: =SUM(M38:M40) -> 2817838045 | N37: =M37/L37 -> 0.96254733 | O37: =M37/K37-1 -> 0.067768042 | P37: =SUM(P38:P40) -> 225646992 | Q37: =SUM(Q38:Q40) -> 251440000 | R37: =SUM(R38:R40) -> 192364324 | S37: =R37/Q37 -> 0.7650506 | T37: =R37/P37-1 -> -0.14749883 | U37: =SUM(U38:U40) -> 192572173 | V37: =SUM(V38:V40) -> 287360000 | W37: =SUM(W38:W40) -> 243606996 | X37: =W37/V37 -> 0.84774149 | Y37: =W37/U37-1 -> 0.2650166 | Z37: =SUM(Z38:Z40) -> 247174107 | AA37: =SUM(AA38:AA40) -> 323280000 | AB37: =SUM(AB38:AB40) -> 263798510 | AC37: =AB37/AA37 -> 0.81600628 | AD37: =AB37/Z37-1 -> 0.067257866 | AE37: =SUM(AE38:AE40) -> 322193012 | AF37: =SUM(AF38:AF40) -> 287360000 | AG37: =SUM(AG38:AG40) -> 321310295 | AH37: =AG37/AF37 -> 1.1181455 | AI37: =AG37/AE37-1 -> -0.0027397149 | AJ37: =SUM(AJ38:AJ40) -> 237242483 | AK37: =SUM(AK38:AK40) -> 287360000 | AL37: =SUM(AL38:AL40) -> 340108647 | AM37: =AL37/AK37 -> 1.1835629 | AN37: =AL37/AJ37-1 -> 0.43359083 | AO37: =SUM(AO38:AO40) -> 255691877 | AP37: =SUM(AP38:AP40) -> 287360000 | AQ37: =SUM(AQ38:AQ40) -> 245747296 | AR37: =AQ37/AP37 -> 0.85518964 | AS37: =AQ37/AO37-1 -> -0.038892831 | AT37: =SUM(AT38:AT40) -> 240841810 | AU37: =SUM(AU38:AU40) -> 287360000 | AV37: =SUM(AV38:AV40) -> 273809971 | AW37: =AV37/AU37 -> 0.9528465 | AX37: =AV37/AT37-1 -> 0.1368872 | AY37: =SUM(AY38:AY40) -> 257309787 | AZ37: =SUM(AZ38:AZ40) -> 287360000 | BA37: =SUM(BA38:BA40) -> 238819998 | BB37: =BA37/AZ37 -> 0.83108296 | BC37: =BA37/AY37-1 -> -0.071858087 | BD37: =SUM(BD38:BD40) -> 265039110 | BE37: =SUM(BE38:BE40) -> 287360000 | BF37: =SUM(BF38:BF40) -> 337388185 | BG37: =BF37/BE37 -> 1.1740959 | BH37: =BF37/BD37-1 -> 0.27297509 | BI37: =SUM(BI38:BI40) -> 395286947 | BJ37: =SUM(BJ38:BJ40) -> 341240000 | BK37: =SUM(BK38:BK40) -> 360883823 | BL37: =BK37/BJ37 -> 1.057566 | BM37: =BK37/BI37-1 -> -0.087033291
C38: 송주탁 | D38: 소계 | E38: 120 | F38: 114 | G38: 1490764875 | H38: 1733066805 | I38: 1958000000 | J38: =I38/H38-1 -> 0.12978911 | K38: =P38+U38+Z38+AE38+AJ38+AO38+AT38+AY38+BD38+BI38+BN38+BS38 -> 1417493576 | L38: =Q38+V38+AA38+AF38+AK38+AP38+AU38+AZ38+BE38+BJ38+BO38+BT38 -> 1595770000 | M38: =R38+W38+AB38+AG38+AL38+AQ38+AV38+BA38+BF38+BK38+BP38+BU38 -> 1487004506 | N38: =M38/L38 -> 0.93184137 | O38: =M38/K38-1 -> 0.049037915 | P38: 124125083 | Q38: 137060000 | R38: 104594273 | S38: =R38/Q38 -> 0.76312763 | T38: =R38/P38-1 -> -0.15734781 | U38: 103000537 | V38: 156640000 | W38: 142768811 | X38: =W38/V38 -> 0.91144542 | Y38: =W38/U38-1 -> 0.38609773 | Z38: 137325151 | AA38: 176220000 | AB38: 136655875 | AC38: =AB38/AA38 -> 0.77548448 | AD38: =AB38/Z38-1 -> -0.0048736593 | AE38: 184373877 | AF38: 156640000 | AG38: 160113153 | AH38: =AG38/AF38 -> 1.0221728 | AI38: =AG38/AE38-1 -> -0.13158439 | AJ38: 120292576 | AK38: 156640000 | AL38: 193282192 | AM38: =AL38/AK38 -> 1.2339261 | AN38: =AL38/AJ38-1 -> 0.60676742 | AO38: 130205240 | AP38: 156640000 | AQ38: 134214752 | AR38: =AQ38/AP38 -> 0.85683575 | AS38: =AQ38/AO38-1 -> 0.030793784 | AT38: 134484810 | AU38: 156640000 | AV38: 145330235 | AW38: =AV38/AU38 -> 0.92779772 | AX38: =AV38/AT38-1 -> 0.080644238 | AY38: 142036145 | AZ38: 156640000 | BA38: 124620270 | BB38: =BA38/AZ38 -> 0.79558395 | BC38: =BA38/AY38-1 -> -0.1226158 | BD38: 134368301 | BE38: 156640000 | BF38: 197475675 | BG38: =BF38/BE38 -> 1.2606976 | BH38: =BF38/BD38-1 -> 0.46965969 | BI38: 207281856 | BJ38: 186010000 | BK38: 147949270 | BL38: =BK38/BJ38 -> 0.79538342 | BM38: =BK38/BI38-1 -> -0.2862411
C39: 임희영 | D39: 소계 | E39: 107 | F39: 105 | G39: 1316177586 | H39: 1362584245 | I39: 1539000000 | J39: =I39/H39-1 -> 0.12947145 | K39: =P39+U39+Z39+AE39+AJ39+AO39+AT39+AY39+BD39+BI39+BN39+BS39 -> 1157643353 | L39: =Q39+V39+AA39+AF39+AK39+AP39+AU39+AZ39+BE39+BJ39+BO39+BT39 -> 1254285000 | M39: =R39+W39+AB39+AG39+AL39+AQ39+AV39+BA39+BF39+BK39+BP39+BU39 -> 1122529278 | N39: =M39/L39 -> 0.89495551 | O39: =M39/K39-1 -> -0.030332377 | P39: 96017361 | Q39: 1.0773e+08 | R39: 78156320 | S39: =R39/Q39 -> 0.72548334 | T39: =R39/P39-1 -> -0.18601887 | U39: 87594363 | V39: 123120000 | W39: 87981817 | X39: =W39/V39 -> 0.71460215 | Y39: =W39/U39-1 -> 0.0044232755 | Z39: 104220773 | AA39: 138510000 | AB39: 110729404 | AC39: =AB39/AA39 -> 0.79943256 | AD39: =AB39/Z39-1 -> 0.06245042 | AE39: 132494772 | AF39: 123120000 | AG39: 138738275 | AH39: =AG39/AF39 -> 1.1268541 | AI39: =AG39/AE39-1 -> 0.047122637 | AJ39: 112289725 | AK39: 123120000 | AL39: 125753910 | AM39: =AL39/AK39 -> 1.021393 | AN39: =AL39/AJ39-1 -> 0.11990576 | AO39: 115324910 | AP39: 123120000 | AQ39: 93376453 | AR39: =AQ39/AP39 -> 0.75841823 | AS39: =AQ39/AO39-1 -> -0.19031844 | AT39: 101905182 | AU39: 123120000 | AV39: 108772823 | AW39: =AV39/AU39 -> 0.88346997 | AX39: =AV39/AT39-1 -> 0.067392461 | AY39: 107153551 | AZ39: 123120000 | BA39: 94106863 | BB39: =BA39/AZ39 -> 0.76435074 | BC39: =BA39/AY39-1 -> -0.12175694 | BD39: 126014446 | BE39: 123120000 | BF39: 110569548 | BG39: =BF39/BE39 -> 0.89806326 | BH39: =BF39/BD39-1 -> -0.1225645 | BI39: 174628270 | BJ39: 146205000 | BK39: 174343865 | BL39: =BK39/BJ39 -> 1.1924617 | BM39: =BK39/BI39-1 -> -0.0016286309
C40: 황종석 | D40: 소계 | E40: 107 | F40: 105 | H40: 84289099 | I40: 95000000 | J40: =I40/H40-1 -> 0.12707338 | K40: =P40+U40+Z40+AE40+AJ40+AO40+AT40+AY40+BD40+BI40+BN40+BS40 -> 63861369 | L40: =Q40+V40+AA40+AF40+AK40+AP40+AU40+AZ40+BE40+BJ40+BO40+BT40 -> 77425000 | M40: =R40+W40+AB40+AG40+AL40+AQ40+AV40+BA40+BF40+BK40+BP40+BU40 -> 208304261 | N40: =M40/L40 -> 2.6904005 | O40: =M40/K40-1 -> 2.2618195 | P40: 5504548 | Q40: 6650000 | R40: 9613731 | S40: =R40/Q40 -> 1.4456738 | T40: =R40/P40-1 -> 0.74650689 | U40: 1977273 | V40: 7600000 | W40: 12856368 | X40: =W40/V40 -> 1.6916274 | Y40: =W40/U40-1 -> 5.5020703 | Z40: 5628183 | AA40: 8550000 | AB40: 16413231 | AC40: =AB40/AA40 -> 1.9196761 | AD40: =AB40/Z40-1 -> 1.9162575 | AE40: 5324363 | AF40: 7600000 | AG40: 22458867 | AH40: =AG40/AF40 -> 2.9551141 | AI40: =AG40/AE40-1 -> 3.2181322 | AJ40: 4660182 | AK40: 7600000 | AL40: 21072545 | AM40: =AL40/AK40 -> 2.7727033 | AN40: =AL40/AJ40-1 -> 3.5218288 | AO40: 10161727 | AP40: 7600000 | AQ40: 18156091 | AR40: =AQ40/AP40 -> 2.3889593 | AS40: =AQ40/AO40-1 -> 0.78671312 | AT40: 4451818 | AU40: 7600000 | AV40: 19706913 | AW40: =AV40/AU40 -> 2.5930149 | AX40: =AV40/AT40-1 -> 3.4267113 | AY40: 8120091 | AZ40: 7600000 | BA40: 20092865 | BB40: =BA40/AZ40 -> 2.643798 | BC40: =BA40/AY40-1 -> 1.474463 | BD40: 4656363 | BE40: 7600000 | BF40: 29342962 | BG40: =BF40/BE40 -> 3.8609161 | BH40: =BF40/BD40-1 -> 5.3016913 | BI40: 13376821 | BJ40: 9025000 | BK40: 38590688 | BL40: =BK40/BJ40 -> 4.2759765 | BM40: =BK40/BI40-1 -> 1.8848923
B41: 삼다도팀 | C41: 합계 | E41: =E42 -> 46 | F41: =F42 -> 42 | G41: =G42 -> 383445218 | H41: =H42 -> 410956989 | I41: =I42 -> 484000000 | J41: =I41/H41-1 -> 0.17773882 | K41: =K42 -> 336341614 | L41: =L42 -> 394460000 | M41: =M42 -> 393159188 | N41: =M41/L41 -> 0.9967023 | O41: =M41/K41-1 -> 0.16892817 | P41: =P42 -> 27464461 | Q41: =Q42 -> 33880000 | R41: =R42 -> 37285915 | S41: =R41/Q41 -> 1.1005288 | T41: =R41/P41-1 -> 0.35760593 | U41: =U42 -> 41142827 | V41: =V42 -> 38720000 | W41: =W42 -> 39918645 | X41: =W41/V41 -> 1.0309567 | Y41: =W41/U41-1 -> -0.029754445 | Z41: =Z42 -> 27321007 | AA41: =AA42 -> 43560000 | AB41: =AB42 -> 43922008 | AC41: =AB41/AA41 -> 1.0083106 | AD41: =AB41/Z41-1 -> 0.60762771 | AE41: =AE42 -> 33166365 | AF41: =AF42 -> 38720000 | AG41: =AG42 -> 43984460 | AH41: =AG41/AF41 -> 1.1359623 | AI41: =AG41/AE41-1 -> 0.32617669 | AJ41: =AJ42 -> 32750189 | AK41: =AK42 -> 38720000 | AL41: =AL42 -> 32642005 | AM41: =AL41/AK41 -> 0.84302699 | AN41: =AL41/AJ41-1 -> -0.0033033092 | AO41: =AO42 -> 31699374 | AP41: =AP42 -> 38720000 | AQ41: =AQ42 -> 41463187 | AR41: =AQ41/AP41 -> 1.0708468 | AS41: =AQ41/AO41-1 -> 0.3080128 | AT41: =AT42 -> 38758188 | AU41: =AU42 -> 38720000 | AV41: =AV42 -> 36416638 | AW41: =AV41/AU41 -> 0.94051235 | AX41: =AV41/AT41-1 -> -0.060414331 | AY41: =AY42 -> 27672372 | AZ41: =AZ42 -> 38720000 | BA41: =BA42 -> 35595593 | BB41: =BA41/AZ41 -> 0.91930767 | BC41: =BA41/AY41-1 -> 0.28632244 | BD41: =BD42 -> 30700098 | BE41: =BE42 -> 38720000 | BF41: =BF42 -> 41265186 | BG41: =BF41/BE41 -> 1.0657331 | BH41: =BF41/BD41-1 -> 0.34413858 | BI41: =BI42 -> 45666733 | BJ41: =BJ42 -> 45980000 | BK41: =BK42 -> 40665551 | BL41: =BK41/BJ41 -> 0.88441825 | BM41: =BK41/BI41-1 -> -0.10951478
