Workbook

Sheet 미출
A1: Sales_Document | B1: Name_1 | C1: Ship-to | D1: Material | E1: Description | F1: Open_orders_quantity | G1: Created_On | H1: Requested_delivdate | I1: Remark
A2: 2102721484 | B2: YOUNGIL O & C-GP | C2: YOUNGIL O&C-DP | D2: 142288 | E2: M-PYROTEC HFD 46B DRUM-R 230KG | F2: 20 | G2: 45399 | H2: 45497 | I2: 수입일정확인
A3: 2102721484 | B3: YOUNGIL O & C-GP | C3: YOUNGIL O&C-DP | D3: 140259 | E3: MOBILUX EP 023 DRUM 180KG:SG | F3: 7 | G3: 45399 | H3: 45497 | I3: 수입일정확인
A4: 2102718592 | B4: YOUNGIL O & C-GP | C4: YOUNGIL O&C-DP | D4: 134997 | E4: MOBILTEMP SHC 32,35LB PAIL | F4: 7 | G4: 45393 | H4: 45491 | I4: 수입일정확인
A5: 2102713865 | B5: YOUNGIL O & C-GP | C5: YOUNGIL O&C-DP | D5: 134997 | E5: MOBILTEMP SHC 32,35LB PAIL | F5: 3 | G5: 45384 | H5: 45483 | I5: 수입일정확인
A6: 2102725749 | B6: YOUNGIL O & C-GP | C6: YOUNGIL O&C-DP | D6: 123336 | E6: MOBIL VELOCITE NO 3 PAIL 20L | F6: 28 | G6: 45406 | H6: 45411 | I6: re-packing예정
A7: 2102724847 | B7: YOUNGIL O & C-GP | C7: YOUNGIL O&C-DP | D7: 139041 | E7: MOBIL DTE 732 PAIL 20L:KR | F7: 2 | G7: 45405 | H7: 45408 | I7: re-packing예정
A8: 2102724847 | B8: YOUNGIL O & C-GP | C8: YOUNGIL O&C-DP | D8: 135542 | E8: MOBIL VACUO 533-PL20L | F8: 10 | G8: 45405 | H8: 45408 | I8: re-packing예정
A9: 2102724068 | B9: YOUNGIL O & C-GP | C9: YOUNGIL O&C-DP | D9: 140200 | E9: MOBILITH SHC 100 PAIL 16KG:SG | F9: 11 | G9: 45404 | H9: 45407 | I9: 수입일정확인
A10: 2102722228 | B10: YOUNGIL O & C-GP | C10: YOUNGIL O&C-DP | D10: 141741 | E10: MOBIL DTE 24 ULTRA PAIL 20L:KR | F10: 28 | G10: 45400 | H10: 45405 | I10: 04/25(목)생산예상
A11: 2102721485 | B11: YOUNGIL O & C-GP | C11: YOUNGIL O&C-DP | D11: 135016 | E11: MOBIL GLYGOYLE 460, 20LT PAIL | F11: 4 | G11: 45399 | H11: 45404 | I11: 수입일정확인
A12: 2102721485 | B12: YOUNGIL O & C-GP | C12: YOUNGIL O&C-DP | D12: 122837 | E12: MOBIL RARUS 424 PAIL 20L | F12: 28 | G12: 45399 | H12: 45404 | I12: 생산대기
A13: 2102721485 | B13: YOUNGIL O & C-GP | C13: YOUNGIL O&C-DP | D13: 139070 | E13: MOBIL GLYGOYLE 30 PAIL 20L:KR | F13: 5 | G13: 45399 | H13: 45404 | I13: re-packing예정
... A20: 2102709230 | B20: YOUNGIL O & C-GP | C20: YOUNGIL O&C-DP | D20: 135016 | E20: MOBIL GLYGOYLE 460, 20LT PAIL | F20: 3 | G20: 45376 | H20: 45379 | I20: 수입일정확인
A22: 2102725749 | B22: YOUNGIL O & C-GP | C22: YOUNGIL O&C-DP | D22: 123330 | E22: VACUUM PUMP OIL, 20LT, PAIL | F22: 14 | G22: 24.04.2024 | H22: 29.04.2024 | I22: HW20240424
A23: 2102685012 | B23: YOUNGIL O & C-GP | C23: YOUNGIL O&C-DP | D23: 135152 | E23: MOBIL SHC CIBUS 220, 20LT PAIL | F23: 1 | G23: 13.02.2024 | H23: 22.05.2024 | I23: HW20240213

Sheet 양식
B2: 발 주 서 | M2: 발주 접수처 (엑슨모빌 중국 상하이 고객지원팀)
M3: · 부서메일주소 : koreadcp@exxonmobil.com
M4: · 수신부담팩스 : 00798 8521 8501
M5: · 수신부담전화 : 00798 8521 8503
B7: 대리점명 | D7: (주)영일오엔씨 | F7: 대리점코드 | G7: 모빌(194637) | K7: 발주일 | L7: =TODAY() -> 45981 | N7: 납기일 | O7: =TODAY()+1 -> 45982
B8: 전화번호 | D8: 02-2693-5189 | F8: 팩스번호 | G8: 02-2693-5902 | K8: 담당자 | L8: 조윤석 팀장 | N8: 연락처 | O8: 031-8059-5151
B9: 주소 | K9: 납 지 | L9: 영일-화성 | M9: =IF($L9<>0,VLOOKUP($L9,$G$54:$K$76,2,FALSE),"") -> 경기도 화성시 향남읍 구문천1길 43-9
B11: 순번 (No.) | C11: 발주처 | D11: 거래처명 (Ship to) | E11: 코드번호 (Child Code) | F11: 제품코드 (P-Code) | G11: 제품명 (Product Name) | J11: 규격 (Package) | K11: 제품군 (Lob) | L11: 수량 (Quanty) | M11: 물량/리터 (Volume) | N11: 단가 (Unit Price) | O11: 금액(별도) (Amounts) | P11: 오더번호 | R11: 발주단위 | U11: 금액(포함) | V11: 미출수량 | W11: 중복 | X11: 전일발주수량 | Y11: 단가 | Z11: 확인
B12: 1 | D12: 화성창고-일반가 | E12: =IF($D12<>0,VLOOKUP($D12,$D$54:$E$77,2,FALSE),"") -> 194667 | G12: =IF($F12<>0,VLOOKUP($F12,$E$79:$M$535,2,FALSE),"") | J12: =IF($F12<>0,VLOOKUP($F12,$E$79:$M$535,7,FALSE),"") | K12: =IF($F12<>0,VLOOKUP($F12,$E$79:$M$535,8,FALSE),"") | M12: =IF($L12<>0,VLOOKUP($F12,$E$79:$M$535,9,FALSE)*$L12,"") | N12: =IF($F12<>0,VLOOKUP($F12,$E$62:$L$543,5,FALSE),"") | O12: =IF(L12<>0,$L12*$N12,"") | R12: =VLOOKUP(F12,'파레트 제품 리스트'!$B:$F,4,0) -> #N/A | S12: =VLOOKUP(F12,'파레트 제품 리스트'!$B:$F,5,0) -> #N/A | U12: =O12*1.1 -> #VALUE! | V12: =VLOOKUP(F12,미출!$D:$F,3,0) -> #N/A | W12: =COUNTIF($F$11:$F$13,F12) -> 0 | X12: =VLOOKUP(F12,#REF!,7,0) -> #REF! | Z12: =N12=Y12 -> TRUE
B13: 2 | D13: 화성창고-일반가 | E13: =IF($D13<>0,VLOOKUP($D13,$D$54:$E$77,2,FALSE),"") -> 194667 | G13: =IF($F13<>0,VLOOKUP($F13,$E$79:$M$535,2,FALSE),"") | J13: =IF($F13<>0,VLOOKUP($F13,$E$79:$M$535,7,FALSE),"") | K13: =IF($F13<>0,VLOOKUP($F13,$E$79:$M$535,8,FALSE),"") | M13: =IF($L13<>0,VLOOKUP($F13,$E$79:$M$535,9,FALSE)*$L13,"") | N13: =IF($F13<>0,VLOOKUP($F13,$E$62:$L$543,5,FALSE),"") | O13: =IF(L13<>0,$L13*$N13,"") | R13: =VLOOKUP(F13,'파레트 제품 리스트'!$B:$F,4,0) -> #N/A | S13: =VLOOKUP(F13,'파레트 제품 리스트'!$B:$F,5,0) -> #N/A | U13: =O13*1.1 -> #VALUE! | V13: =VLOOKUP(F13,미출!$D:$F,3,0) -> #N/A | W13: =COUNTIF($F$11:$F$13,F13) -> 0 | X13: =VLOOKUP(F13,#REF!,7,0) -> #REF! | Z13: =N13=Y13 -> TRUE
B14: 3 | D14: 화성창고-일반가 | E14: =IF($D14<>0,VLOOKUP($D14,$D$54:$E$77,2,FALSE),"") -> 194667 | G14: =IF($F14<>0,VLOOKUP($F14,$E$79:$M$535,2,FALSE),"") | J14: =IF($F14<>0,VLOOKUP($F14,$E$79:$M$535,7,FALSE),"") | K14: =IF($F14<>0,VLOOKUP($F14,$E$79:$M$535,8,FALSE),"") | M14: =IF($L14<>0,VLOOKUP($F14,$E$79:$M$535,9,FALSE)*$L14,"") | N14: =IF($F14<>0,VLOOKUP($F14,$E$62:$L$543,5,FALSE),"") | O14: =IF(L14<>0,$L14*$N14,"") | R14: =VLOOKUP(F14,'파레트 제품 리스트'!$B:$F,4,0) -> #N/A | S14: =VLOOKUP(F14,'파레트 제품 리스트'!$B:$F,5,0) -> #N/A | U14: =O14*1.1 -> #VALUE! | V14: =VLOOKUP(F14,미출!$D:$F,3,0) -> #N/A | W14: =COUNTIF($F$11:$F$13,F14) -> 0 | X14: =VLOOKUP(F14,#REF!,7,0) -> #REF! | Z14: =N14=Y14 -> TRUE
B15: 4 | D15: 화성창고-일반가 | E15: =IF($D15<>0,VLOOKUP($D15,$D$54:$E$77,2,FALSE),"") -> 194667 | G15: =IF($F15<>0,VLOOKUP($F15,$E$79:$M$535,2,FALSE),"") | J15: =IF($F15<>0,VLOOKUP($F15,$E$79:$M$535,7,FALSE),"") | K15: =IF($F15<>0,VLOOKUP($F15,$E$79:$M$535,8,FALSE),"") | M15: =IF($L15<>0,VLOOKUP($F15,$E$79:$M$535,9,FALSE)*$L15,"") | N15: =IF($F15<>0,VLOOKUP($F15,$E$62:$L$543,5,FALSE),"") | O15: =IF(L15<>0,$L15*$N15,"") | R15: =VLOOKUP(F15,'파레트 제품 리스트'!$B:$F,4,0) -> #N/A | S15: =VLOOKUP(F15,'파레트 제품 리스트'!$B:$F,5,0) -> #N/A | U15: =O15*1.1 -> #VALUE! | V15: =VLOOKUP(F15,미출!$D:$F,3,0) -> #N/A | W15: =COUNTIF($F$11:$F$13,F15) -> 0 | X15: =VLOOKUP(F15,#REF!,7,0) -> #REF! | Z15: =N15=Y15 -> TRUE
B16: 5 | D16: 화성창고-일반가 | E16: =IF($D16<>0,VLOOKUP($D16,$D$54:$E$77,2,FALSE),"") -> 194667 | G16: =IF($F16<>0,VLOOKUP($F16,$E$79:$M$535,2,FALSE),"") | J16: =IF($F16<>0,VLOOKUP($F16,$E$79:$M$535,7,FALSE),"") | K16: =IF($F16<>0,VLOOKUP($F16,$E$79:$M$535,8,FALSE),"") | M16: =IF($L16<>0,VLOOKUP($F16,$E$79:$M$535,9,FALSE)*$L16,"") | N16: =IF($F16<>0,VLOOKUP($F16,$E$62:$L$543,5,FALSE),"") | O16: =IF(L16<>0,$L16*$N16,"") | R16: =VLOOKUP(F16,'파레트 제품 리스트'!$B:$F,4,0) -> #N/A | S16: =VLOOKUP(F16,'파레트 제품 리스트'!$B:$F,5,0) -> #N/A | U16: =O16*1.1 -> #VALUE! | V16: =VLOOKUP(F16,미출!$D:$F,3,0) -> #N/A | W16: =COUNTIF($F$11:$F$13,F16) -> 0 | X16: =VLOOKUP(F16,#REF!,7,0) -> #REF! | Z16: =N16=Y16 -> TRUE
B17: 6 | D17: 화성창고-일반가 | E17: =IF($D17<>0,VLOOKUP($D17,$D$54:$E$77,2,FALSE),"") -> 194667 | G17: =IF($F17<>0,VLOOKUP($F17,$E$79:$M$535,2,FALSE),"") | J17: =IF($F17<>0,VLOOKUP($F17,$E$79:$M$535,7,FALSE),"") | K17: =IF($F17<>0,VLOOKUP($F17,$E$79:$M$535,8,FALSE),"") | M17: =IF($L17<>0,VLOOKUP($F17,$E$79:$M$535,9,FALSE)*$L17,"") | N17: =IF($F17<>0,VLOOKUP($F17,$E$62:$L$543,5,FALSE),"") | O17: =IF(L17<>0,$L17*$N17,"") | R17: =VLOOKUP(F17,'파레트 제품 리스트'!$B:$F,4,0) -> #N/A | S17: =VLOOKUP(F17,'파레트 제품 리스트'!$B:$F,5,0) -> #N/A | U17: =O17*1.1 -> #VALUE! | V17: =VLOOKUP(F17,미출!$D:$F,3,0) -> #N/A | W17: =COUNTIF($F$11:$F$13,F17) -> 0 | X17: =VLOOKUP(F17,#REF!,7,0) -> #REF! | Z17: =N17=Y17 -> TRUE
B18: 7 | D18: 화성창고-일반가 | E18: =IF($D18<>0,VLOOKUP($D18,$D$54:$E$77,2,FALSE),"") -> 194667 | G18: =IF($F18<>0,VLOOKUP($F18,$E$79:$M$535,2,FALSE),"") | J18: =IF($F18<>0,VLOOKUP($F18,$E$79:$M$535,7,FALSE),"") | K18: =IF($F18<>0,VLOOKUP($F18,$E$79:$M$535,8,FALSE),"") | M18: =IF($L18<>0,VLOOKUP($F18,$E$79:$M$535,9,FALSE)*$L18,"") | N18: =IF($F18<>0,VLOOKUP($F18,$E$62:$L$543,5,FALSE),"") | O18: =IF(L18<>0,$L18*$N18,"") | R18: =VLOOKUP(F18,'파레트 제품 리스트'!$B:$F,4,0) -> #N/A | S18: =VLOOKUP(F18,'파레트 제품 리스트'!$B:$F,5,0) -> #N/A | U18: =O18*1.1 -> #VALUE! | V18: =VLOOKUP(F18,미출!$D:$F,3,0) -> #N/A | W18: =COUNTIF($F$11:$F$13,F18) -> 0 | X18: =VLOOKUP(F18,#REF!,7,0) -> #REF! | Z18: =N18=Y18 -> TRUE
B19: 8 | D19: 화성창고-일반가 | E19: =IF($D19<>0,VLOOKUP($D19,$D$54:$E$77,2,FALSE),"") -> 194667 | F19: 139137 | G19: =IF($F19<>0,VLOOKUP($F19,$E$79:$M$535,2,FALSE),"") -> MOBILGEAR 600 XP 320 PAIL 20L:KR | J19: =IF($F19<>0,VLOOKUP($F19,$E$79:$M$535,7,FALSE),"") -> PAIL | K19: =IF($F19<>0,VLOOKUP($F19,$E$79:$M$535,8,FALSE),"") -> IND | L19: 28 | M19: =IF($L19<>0,VLOOKUP($F19,$E$79:$M$535,9,FALSE)*$L19,"") -> 560 | N19: =IF($F19<>0,VLOOKUP($F19,$E$62:$L$543,5,FALSE),"") -> 80900 | O19: =IF(L19<>0,$L19*$N19,"") -> 2265200 | R19: =VLOOKUP(F19,'파레트 제품 리스트'!$B:$F,4,0) -> MIX (28) | S19: =VLOOKUP(F19,'파레트 제품 리스트'!$B:$F,5,0) -> 1 | U19: =O19*1.1 -> 2491720 | V19: =VLOOKUP(F19,미출!$D:$F,3,0) -> #N/A | W19: =COUNTIF($F$11:$F$13,F19) -> 0 | X19: =VLOOKUP(F19,#REF!,7,0) -> #REF! | Z19: =N19=Y19 -> FALSE
B20: 9 | D20: 화성창고-일반가 | E20: =IF($D20<>0,VLOOKUP($D20,$D$54:$E$77,2,FALSE),"") -> 194667 | F20: 140141 | G20: =IF($F20<>0,VLOOKUP($F20,$E$79:$M$535,2,FALSE),"") -> MOBILGREASE XHP 222 SPECIAL PAIL 16KG:SG | J20: =IF($F20<>0,VLOOKUP($F20,$E$79:$M$535,7,FALSE),"") -> PAIL | K20: =IF($F20<>0,VLOOKUP($F20,$E$79:$M$535,8,FALSE),"") -> IND | L20: 14 | M20: =IF($L20<>0,VLOOKUP($F20,$E$79:$M$535,9,FALSE)*$L20,"") -> 224 | N20: =IF($F20<>0,VLOOKUP($F20,$E$62:$L$543,5,FALSE),"") -> 188000 | O20: =IF(L20<>0,$L20*$N20,"") -> 2632000 | P20: 26 | R20: =VLOOKUP(F20,'파레트 제품 리스트'!$B:$F,4,0) -> MIX (28) | S20: =VLOOKUP(F20,'파레트 제품 리스트'!$B:$F,5,0) -> 1 | U20: =O20*1.1 -> 2895200 | V20: =VLOOKUP(F20,미출!$D:$F,3,0) -> #N/A | W20: =COUNTIF($F$11:$F$13,F20) -> 0 | X20: =VLOOKUP(F20,#REF!,7,0) -> #REF! | Z20: =N20=Y20 -> FALSE
B21: 10 | D21: 화성창고-일반가 | E21: =IF($D21<>0,VLOOKUP($D21,$D$54:$E$77,2,FALSE),"") -> 194667 | F21: 139143 | G21: =IF($F21<>0,VLOOKUP($F21,$E$79:$M$535,2,FALSE),"") -> NUTO H 32 PAIL 20L:KR | J21: =IF($F21<>0,VLOOKUP($F21,$E$79:$M$535,7,FALSE),"") -> PAIL | K21: =IF($F21<>0,VLOOKUP($F21,$E$79:$M$535,8,FALSE),"") -> IND | L21: 14 | M21: =IF($L21<>0,VLOOKUP($F21,$E$79:$M$535,9,FALSE)*$L21,"") -> 280 | N21: =IF($F21<>0,VLOOKUP($F21,$E$62:$L$543,5,FALSE),"") -> 44000 | O21: =IF(L21<>0,$L21*$N21,"") -> 616000 | P21: 22 | R21: =VLOOKUP(F21,'파레트 제품 리스트'!$B:$F,4,0) -> MIX (28) | S21: =VLOOKUP(F21,'파레트 제품 리스트'!$B:$F,5,0) -> 1 | U21: =O21*1.1 -> 677600 | V21: =VLOOKUP(F21,미출!$D:$F,3,0) -> #N/A | W21: =COUNTIF($F$11:$F$13,F21) -> 0 | X21: =VLOOKUP(F21,#REF!,7,0) -> #REF! | Z21: =N21=Y21 -> FALSE
B22: 11 | D22: 화성창고-일반가 | E22: =IF($D22<>0,VLOOKUP($D22,$D$54:$E$77,2,FALSE),"") -> 194667 | F22: 139145 | G22: =IF($F22<>0,VLOOKUP($F22,$E$79:$M$535,2,FALSE),"") -> NUTO H 46 PAIL 20L:KR | J22: =IF($F22<>0,VLOOKUP($F22,$E$79:$M$535,7,FALSE),"") -> PAIL | K22: =IF($F22<>0,VLOOKUP($F22,$E$79:$M$535,8,FALSE),"") -> IND | L22: 42 | M22: =IF($L22<>0,VLOOKUP($F22,$E$79:$M$535,9,FALSE)*$L22,"") -> 840 | N22: =IF($F22<>0,VLOOKUP($F22,$E$62:$L$543,5,FALSE),"") -> 44000 | O22: =IF(L22<>0,$L22*$N22,"") -> 1848000 | P22: 124 | R22: =VLOOKUP(F22,'파레트 제품 리스트'!$B:$F,4,0) -> Full | S22: =VLOOKUP(F22,'파레트 제품 리스트'!$B:$F,5,0) -> 42 | U22: =O22*1.1 -> 2032800 | V22: =VLOOKUP(F22,미출!$D:$F,3,0) -> #N/A | W22: =COUNTIF($F$11:$F$13,F22) -> 0 | X22: =VLOOKUP(F22,#REF!,7,0) -> #REF! | Z22: =N22=Y22 -> FALSE
B23: 12 | D23: 화성창고-일반가 | E23: =IF($D23<>0,VLOOKUP($D23,$D$54:$E$77,2,FALSE),"") -> 194667 | F23: 140854 | G23: =IF($F23<>0,VLOOKUP($F23,$E$79:$M$535,2,FALSE),"") -> MOBIL SHC 630 PAIL 20L:SG | J23: =IF($F23<>0,VLOOKUP($F23,$E$79:$M$535,7,FALSE),"") -> PAIL | K23: =IF($F23<>0,VLOOKUP($F23,$E$79:$M$535,8,FALSE),"") -> IND | L23: 28 | M23: =IF($L23<>0,VLOOKUP($F23,$E$79:$M$535,9,FALSE)*$L23,"") -> 560 | N23: =IF($F23<>0,VLOOKUP($F23,$E$62:$L$543,5,FALSE),"") -> 287000 | O23: =IF(L23<>0,$L23*$N23,"") -> 8036000 | P23: 425 | R23: =VLOOKUP(F23,'파레트 제품 리스트'!$B:$F,4,0) -> MIX (28) | S23: =VLOOKUP(F23,'파레트 제품 리스트'!$B:$F,5,0) -> 1 | U23: =O23*1.1 -> 8839600 | V23: =VLOOKUP(F23,미출!$D:$F,3,0) -> #N/A | W23: =COUNTIF($F$11:$F$13,F23) -> 0 | X23: =VLOOKUP(F23,#REF!,7,0) -> #REF! | Z23: =N23=Y23 -> FALSE
B24: 13 | D24: 화성창고-일반가 | E24: =IF($D24<>0,VLOOKUP($D24,양식0!$D$44:$E$92,2,FALSE),"") -> 194667 | F24: 139152 | G24: =IF($F24<>0,VLOOKUP($F24,양식0!$E$74:$M$539,2,FALSE),"") -> SPARTAN EP 220 PAIL 20L:KR | J24: =IF($F24<>0,VLOOKUP($F24,양식0!$E$74:$M$539,7,FALSE),"") -> PAIL | K24: =IF($F24<>0,VLOOKUP($F24,양식0!$E$74:$M$539,8,FALSE),"") -> IND | L24: 28 | M24: =IF($L24<>0,VLOOKUP($F24,양식0!$E$74:$M$539,9,FALSE)*$L24,"") -> 560 | N24: =IF($F24<>0,VLOOKUP($F24,양식0!$E$53:$L$547,5,FALSE),"") -> 56700 | O24: =IF(L24<>0,$L24*$N24,"") -> 1587600 | P24: 100 | R24: =VLOOKUP(F24,'파레트 제품 리스트'!$B:$F,4,0) -> MIX (28) | S24: =VLOOKUP(F24,'파레트 제품 리스트'!$B:$F,5,0) -> 1 | U24: =O24*1.1 -> 1746360 | W24: =COUNTIF($F$24:$F$26,F24) -> 1
B25: 2 | D25: 화성창고-일반가 | E25: =IF($D25<>0,VLOOKUP($D25,양식0!$D$44:$E$92,2,FALSE),"") -> 194667 | F25: 139156 | G25: =IF($F25<>0,VLOOKUP($F25,양식0!$E$74:$M$539,2,FALSE),"") -> SPARTAN EP 460 PAIL 20L:KR | J25: =IF($F25<>0,VLOOKUP($F25,양식0!$E$74:$M$539,7,FALSE),"") -> PAIL | K25: =IF($F25<>0,VLOOKUP($F25,양식0!$E$74:$M$539,8,FALSE),"") -> IND | L25: 28 | M25: =IF($L25<>0,VLOOKUP($F25,양식0!$E$74:$M$539,9,FALSE)*$L25,"") -> 560 | N25: =IF($F25<>0,VLOOKUP($F25,양식0!$E$53:$L$547,5,FALSE),"") -> 64600 | O25: =IF(L25<>0,$L25*$N25,"") -> 1808800 | P25: 0 | R25: =VLOOKUP(F25,'파레트 제품 리스트'!$B:$F,4,0) -> MIX (28) | S25: =VLOOKUP(F25,'파레트 제품 리스트'!$B:$F,5,0) -> 1 | U25: =O25*1.1 -> 1989680 | W25: =COUNTIF($F$24:$F$26,F25) -> 1
B26: 3 | D26: 화성창고-일반가 | E26: =IF($D26<>0,VLOOKUP($D26,양식0!$D$44:$E$92,2,FALSE),"") -> 194667 | F26: 148688 | G26: =IF($F26<>0,VLOOKUP($F26,양식0!$E$74:$M$539,2,FALSE),"") -> MOBIL VACUO 533-PL20L | J26: =IF($F26<>0,VLOOKUP($F26,양식0!$E$74:$M$539,7,FALSE),"") -> PAIL | K26: =IF($F26<>0,VLOOKUP($F26,양식0!$E$74:$M$539,8,FALSE),"") -> IND | L26: 28 | M26: =IF($L26<>0,VLOOKUP($F26,양식0!$E$74:$M$539,9,FALSE)*$L26,"") -> 560 | N26: =IF($F26<>0,VLOOKUP($F26,양식0!$E$53:$L$547,5,FALSE),"") -> 69500 | O26: =IF(L26<>0,$L26*$N26,"") -> 1946000 | P26: 125 | R26: =VLOOKUP(F26,'파레트 제품 리스트'!$B:$F,4,0) -> MIX (28) | S26: =VLOOKUP(F26,'파레트 제품 리스트'!$B:$F,5,0) -> 1 | U26: =O26*1.1 -> 2140600 | V26: =VLOOKUP(F26,미출!$D:$F,3,0) -> #N/A | W26: =COUNTIF($F$24:$F$26,F26) -> 1 | X26: =VLOOKUP(F26,#REF!,7,0) -> #REF! | Z26: =N26=Y26 -> FALSE
B27: 4 | D27: 화성창고-일반가 | E27: =IF($D27<>0,VLOOKUP($D27,양식0!$D$44:$E$92,2,FALSE),"") -> 194667 | F27: 148661 | G27: =IF($F27<>0,VLOOKUP($F27,양식0!$E$74:$M$539,2,FALSE),"") -> MOBIL VELOCITE NO 3 PAIL 20L | J27: =IF($F27<>0,VLOOKUP($F27,양식0!$E$74:$M$539,7,FALSE),"") -> PAIL | K27: =IF($F27<>0,VLOOKUP($F27,양식0!$E$74:$M$539,8,FALSE),"") -> IND | L27: 42 | M27: =IF($L27<>0,VLOOKUP($F27,양식0!$E$74:$M$539,9,FALSE)*$L27,"") -> 840 | N27: =IF($F27<>0,VLOOKUP($F27,양식0!$E$53:$L$547,5,FALSE),"") -> 63400 | O27: =IF(L27<>0,$L27*$N27,"") -> 2662800 | P27: 0 | R27: =VLOOKUP(F27,'파레트 제품 리스트'!$B:$F,4,0) -> Full | S27: =VLOOKUP(F27,'파레트 제품 리스트'!$B:$F,5,0) -> 42 | U27: =O27*1.1 -> 2929080 | W27: =COUNTIF($F$24:$F$26,F27) -> 0
B28: 5 | D28: 화성창고-일반가 | E28: =IF($D28<>0,VLOOKUP($D28,양식0!$D$44:$E$92,2,FALSE),"") -> 194667 | F28: 148662 | G28: =IF($F28<>0,VLOOKUP($F28,양식0!$E$74:$M$539,2,FALSE),"") -> MOBIL VELOCITE 6, 20LT, PAIL | J28: =IF($F28<>0,VLOOKUP($F28,양식0!$E$74:$M$539,7,FALSE),"") -> PAIL | K28: =IF($F28<>0,VLOOKUP($F28,양식0!$E$74:$M$539,8,FALSE),"") -> IND | L28: 42 | M28: =IF($L28<>0,VLOOKUP($F28,양식0!$E$74:$M$539,9,FALSE)*$L28,"") -> 840 | N28: =IF($F28<>0,VLOOKUP($F28,양식0!$E$53:$L$547,5,FALSE),"") -> 55400 | O28: =IF(L28<>0,$L28*$N28,"") -> 2326800 | P28: 0 | R28: =VLOOKUP(F28,'파레트 제품 리스트'!$B:$F,4,0) -> Full | S28: =VLOOKUP(F28,'파레트 제품 리스트'!$B:$F,5,0) -> 42 | U28: =O28*1.1 -> 2559480 | W28: =COUNTIF($F$24:$F$26,F28) -> 0
B29: 6 | D29: 화성창고-일반가 | E29: =IF($D29<>0,VLOOKUP($D29,양식0!$D$44:$E$92,2,FALSE),"") -> 194667 | F29: 140252 | G29: =IF($F29<>0,VLOOKUP($F29,양식0!$E$74:$M$539,2,FALSE),"") -> MOBILUX EP 0 PAIL 16KG:SG | J29: =IF($F29<>0,VLOOKUP($F29,양식0!$E$74:$M$539,7,FALSE),"") -> PAIL | K29: =IF($F29<>0,VLOOKUP($F29,양식0!$E$74:$M$539,8,FALSE),"") -> IND | L29: 28 | M29: =IF($L29<>0,VLOOKUP($F29,양식0!$E$74:$M$539,9,FALSE)*$L29,"") -> 448 | N29: =IF($F29<>0,VLOOKUP($F29,양식0!$E$53:$L$547,5,FALSE),"") -> 81000 | O29: =IF(L29<>0,$L29*$N29,"") -> 2268000 | P29: 78 | R29: =VLOOKUP(F29,'파레트 제품 리스트'!$B:$F,4,0) -> MIX (28) | S29: =VLOOKUP(F29,'파레트 제품 리스트'!$B:$F,5,0) -> 1 | U29: =O29*1.1 -> 2494800 | W29: =COUNTIF($F$24:$F$26,F29) -> 0
B30: 7 | D30: 화성창고-일반가 | E30: =IF($D30<>0,VLOOKUP($D30,양식0!$D$44:$E$92,2,FALSE),"") -> 194667 | F30: 140255 | G30: =IF($F30<>0,VLOOKUP($F30,양식0!$E$74:$M$539,2,FALSE),"") -> MOBILUX EP 1 PAIL 16KG:SG | J30: =IF($F30<>0,VLOOKUP($F30,양식0!$E$74:$M$539,7,FALSE),"") -> PAIL | K30: =IF($F30<>0,VLOOKUP($F30,양식0!$E$74:$M$539,8,FALSE),"") -> IND | L30: 28 | M30: =IF($L30<>0,VLOOKUP($F30,양식0!$E$74:$M$539,9,FALSE)*$L30,"") -> 448 | N30: =IF($F30<>0,VLOOKUP($F30,양식0!$E$53:$L$547,5,FALSE),"") -> 81000 | O30: =IF(L30<>0,$L30*$N30,"") -> 2268000 | P30: 71 | R30: =VLOOKUP(F30,'파레트 제품 리스트'!$B:$F,4,0) -> MIX (28) | S30: =VLOOKUP(F30,'파레트 제품 리스트'!$B:$F,5,0) -> 1 | U30: =O30*1.1 -> 2494800 | V30: =VLOOKUP(F30,미출!$D:$F,3,0) -> #N/A | W30: =COUNTIF($F$24:$F$26,F30) -> 0 | X30: =VLOOKUP(F30,#REF!,7,0) -> #REF! | Z30: =N30=Y30 -> FALSE
B31: 8 | D31: 화성창고-일반가 | E31: =IF($D31<>0,VLOOKUP($D31,양식0!$D$44:$E$92,2,FALSE),"") -> 194667 | F31: 140263 | G31: =IF($F31<>0,VLOOKUP($F31,양식0!$E$74:$M$539,2,FALSE),"") -> MOBILUX EP 2 PAIL 16KG:SG | J31: =IF($F31<>0,VLOOKUP($F31,양식0!$E$74:$M$539,7,FALSE),"") -> PAIL | K31: =IF($F31<>0,VLOOKUP($F31,양식0!$E$74:$M$539,8,FALSE),"") -> IND | L31: 56 | M31: =IF($L31<>0,VLOOKUP($F31,양식0!$E$74:$M$539,9,FALSE)*$L31,"") -> 896 | N31: =IF($F31<>0,VLOOKUP($F31,양식0!$E$53:$L$547,5,FALSE),"") -> 81000 | O31: =IF(L31<>0,$L31*$N31,"") -> 4536000 | P31: 576 | R31: =VLOOKUP(F31,'파레트 제품 리스트'!$B:$F,4,0) -> MIX (28) | S31: =VLOOKUP(F31,'파레트 제품 리스트'!$B:$F,5,0) -> 1 | U31: =O31*1.1 -> 4989600 | W31: =COUNTIF($F$24:$F$26,F31) -> 0
B32: 9 | D32: 화성창고-일반가 | E32: =IF($D32<>0,VLOOKUP($D32,양식0!$D$44:$E$92,2,FALSE),"") -> 194667 | F32: 140256 | G32: =IF($F32<>0,VLOOKUP($F32,양식0!$E$74:$M$539,2,FALSE),"") -> MOBILUX EP 3 PAIL 16KG:SG | J32: =IF($F32<>0,VLOOKUP($F32,양식0!$E$74:$M$539,7,FALSE),"") -> PAIL | K32: =IF($F32<>0,VLOOKUP($F32,양식0!$E$74:$M$539,8,FALSE),"") -> IND | L32: 28 | M32: =IF($L32<>0,VLOOKUP($F32,양식0!$E$74:$M$539,9,FALSE)*$L32,"") -> 448 | N32: =IF($F32<>0,VLOOKUP($F32,양식0!$E$53:$L$547,5,FALSE),"") -> 81000 | O32: =IF(L32<>0,$L32*$N32,"") -> 2268000 | P32: 43 | R32: =VLOOKUP(F32,'파레트 제품 리스트'!$B:$F,4,0) -> MIX (28) | S32: =VLOOKUP(F32,'파레트 제품 리스트'!$B:$F,5,0) -> 1 | U32: =O32*1.1 -> 2494800 | W32: =COUNTIF($F$24:$F$26,F32) -> 0
B33: 13 | D33: 화성창고-일반가 | E33: =IF($D33<>0,VLOOKUP($D33,양식0!$D$44:$E$92,2,FALSE),"") -> 194667 | F33: 144277 | G33: =IF($F33<>0,VLOOKUP($F33,양식0!$E$74:$M$539,2,FALSE),"") -> MOBIL VACUOLINE 1409 PAIL 20L | J33: =IF($F33<>0,VLOOKUP($F33,양식0!$E$74:$M$539,7,FALSE),"") -> PAIL | K33: =IF($F33<>0,VLOOKUP($F33,양식0!$E$74:$M$539,8,FALSE),"") -> IND | L33: 42 | M33: =IF($L33<>0,VLOOKUP($F33,양식0!$E$74:$M$539,9,FALSE)*$L33,"") -> 840 | N33: =IF($F33<>0,VLOOKUP($F33,양식0!$E$53:$L$547,5,FALSE),"") -> 46600 | O33: =IF(L33<>0,$L33*$N33,"") -> 1957200 | W33: =COUNTIF($F$24:$F$26,F33) -> 0
B34: 14 | E34: =IF($D34<>0,VLOOKUP($D34,양식0!$D$44:$E$92,2,FALSE),"") | G34: =IF($F34<>0,VLOOKUP($F34,양식0!$E$74:$M$539,2,FALSE),"") | J34: =IF($F34<>0,VLOOKUP($F34,양식0!$E$74:$M$539,7,FALSE),"") | K34: =IF($F34<>0,VLOOKUP($F34,양식0!$E$74:$M$539,8,FALSE),"") | M34: =IF($L34<>0,VLOOKUP($F34,양식0!$E$74:$M$539,9,FALSE)*$L34,"") | N34: =IF($F34<>0,VLOOKUP($F34,양식0!$E$53:$L$547,5,FALSE),"") | O34: =IF(L34<>0,$L34*$N34,"") | R34: =VLOOKUP(F34,'파레트 제품 리스트'!$B:$F,4,0) -> #N/A | S34: =VLOOKUP(F34,'파레트 제품 리스트'!$B:$F,5,0) -> #N/A | U34: =O34*1.1 -> #VALUE! | V34: =VLOOKUP(F34,미출!$D:$F,3,0) -> #N/A | W34: =COUNTIF($F$11:$F$13,F34) -> 0 | X34: =VLOOKUP(F34,#REF!,7,0) -> #REF! | Z34: =N34=Y34 -> TRUE
B35: 15 | E35: =IF($D35<>0,VLOOKUP($D35,$D$54:$E$76,2,FALSE),"") | G35: =IF($F35<>0,VLOOKUP($F35,$E$79:$M$544,2,FALSE),"") | J35: =IF($F35<>0,VLOOKUP($F35,$E$79:$M$544,7,FALSE),"") | K35: =IF($F35<>0,VLOOKUP($F35,$E$79:$M$544,8,FALSE),"") | M35: =IF($L35<>0,VLOOKUP($F35,$E$79:$M$527,9,FALSE)*$L35,"") | N35: =IF($F35<>0,VLOOKUP($F35,$E$62:$L$543,5,FALSE),"") | O35: =IF(L35<>0,$L35*$N35,"") | R35: =VLOOKUP(F35,'파레트 제품 리스트'!$B:$F,4,0) -> #N/A | S35: =VLOOKUP(F35,'파레트 제품 리스트'!$B:$F,5,0) -> #N/A | U35: =O35*1.1 -> #VALUE! | V35: =VLOOKUP(F35,미출!$D:$F,3,0) -> #N/A | W35: =COUNTIF($F$11:$F$13,F35) -> 0 | X35: =VLOOKUP(F35,#REF!,7,0) -> #REF! | Z35: =N35=Y35 -> TRUE
J36: =IF($F36<>0,VLOOKUP($F36,$E$88:$M$457,7,FALSE),"") | K36: =IF($F36<>0,VLOOKUP($F36,$E$88:$M$457,8,FALSE),"") | M36: =IF($L36<>0,VLOOKUP($F36,$E$88:$M$457,9,FALSE)*$L36,"") | N36: =IF($F36<>0,VLOOKUP($F36,$E$88:$M$457,5,FALSE),"") | O36: =IF(L36<>0,$L36*$N36,"")
I37: 발주물량 | J37: 리터(Liter) | K37: =SUM(M12:M35) -> 8904 | M37: 발주 금액 | N37: 부가세별도 | O37: =SUM(O12:O35) -> 39026400
J38: 드럼(Drum) | K38: =$K$37/200 -> 44.52 | N38: 부가세포함 | O38: =O37*1.1 -> 42929040
L41: =#REF!+#REF!+#REF!+#REF! -> #REF!
L42: =+#REF!+#REF!+#REF!+#REF! -> #REF!
L43: =L42-L41 -> #REF!
B50: 발주서 기초자료
D53: 거래처명 | E53: 거래처코드 | G53: 배송지 | H53: 주소 | M53: 담당자 | N53: 연락처
D54: 화성창고-일반가 | E54: 194667 | G54: 영일-화성 | H54: 경기도 화성시 향남읍 구문천1길 43-9
D55: 화성창고-화성에너지 | E55: 200584 | G55: 영일 - 화성(에너지) | H55: 경기도 화성시 향남읍 구문천1길 43-9
D56: 화성창고-하이스코 | E56: 194729 | G56: 영일-현대제철(화성창고) | H56: 경기도 화성시 향남읍 구문천1길 43-9
D57: 화성창고-티센 | E57: 194638 | G57: 티센크루프엘리베이터코리아(주) | H57: 경기도 화성시 향남읍 구문천1길 43-9
D58: 화성창고-아주지오텍 | E58: 202724 | G58: 영일 - 아주지오텍(화성창고) | H58: 경기도 화성시 향남읍 구문천1길 43-9
D59: 화성창고-위아 | E59: 203805 | G59: 영일 - 위아(화성창고) | H59: 경기도 화성시 향남읍 구문천1길 43-9
D60: 화성창고-SEW | E60: 215691 | G60: 영일-SEW-화성창고 | H60: 경기도 화성시 향남읍 구문천1길 43-9
D61: 화성창고-SHILLA | E61: 208008 | G61: 영일-신라정밀-화성창고 | H61: 경기도 화성시 향남읍 구문천1길 43-9
D62: 화성창고-KORAIL-iL | E62: 207998 | G62: 영일-코레일-화성창고 | H62: 경기도 화성시 향남읍 구문천1길 43-9 | R62: `
D63: 화성창고-LG화학 | E63: 194819 | G63: 영일-(주)엘지화학 | H63: 충청남도 서산시 대산읍 독곶1로 54
D64: 화성창고-HYUNDAI E&C | E64: 229113 | G64: 영일-현대건설-화성 | H64: 경기도 화성시 향남읍 구문천1길 43-9
D65: 화성창고- LG Chemical | E65: 237074 | G65: 영일 - LG 화학 - 화성 | H65: 향남읍 구문천1길 43-9
D66: 화성창고-롯데케미칼 | E66: 231778 | G66: 영일 - 롯데케미칼 화성창고 | H66: 경기도 화성시 향남읍 구문천1길 43-9
D67: 화성창고-B2B MOP | E67: 272022
D68: 화성창고-MBK | E68: 211914
D69: 화성창고-롯데엠씨씨 | E69: 238419 | G69: 롯데엠씨씨(238419) | H69: 향남읍 구문천1길 43-9
D70: 화성창고-심팩 | E70: 273231
D71: 화성창고-보창 | E71: 272022
D72: 화성창고-AW(SP1) | E72: 273458
D73: 영일-세아창원특수강 WH | E73: 239950
D74: 화성창고-AW(SP1) | E74: 273458
D75: 화성창고-AW(SP2) | E75: 273459
D76: 영일-현대건설 | E76: 222604
D79: 거래처구분 | E79: 거래처코드 | F79: 제품명 | G79: 제품명 | H79: 제품명 | I79: 가격 | J79: 제품코드 | K79: 포장단위 | L79: 제품라인 | M79: 단위물량
E80: 135916 | F80: MOBIL VACTRA NO.1 - DR200L | I80: 520000 | J80: 135916 | K80: DRUM | L80: IND | M80: 200 | N80: 547000 | O80: TRUE
E81: 139029 | F81: MOBIL VACTRA NO 2 SLC DRUM 200L:KR | I81: 508000 | J81: 139029 | K81: DRUM | L81: IND | M81: 200 | N81: 535000 | O81: TRUE
E82: 139030 | F82: MOBIL VACTRA NO 2 SLC PAIL 20L:KR | I82: 54300 | J82: 139030 | K82: PAIL | L82: IND | M82: 20 | N82: 54500 | O82: TRUE
E83: 139084 | F83: MOBIL VACTRA OIL NO 1 PAIL 20L:KR | I83: 55700 | J83: 139084 | K83: PAIL | L83: IND | M83: 20 | N83: 58600 | O83: TRUE
E84: 139085 | F84: MOBIL VACTRA OIL NO 2 DRUM 200L:KR | I84: 508000 | J84: 139085 | K84: DRUM | L84: IND | M84: 200 | N84: 535000 | O84: TRUE
E85: 139086 | F85: MOBIL VACTRA OIL NO 2 PAIL 20L:KR | I85: 54300 | J85: 139086 | K85: PAIL | L85: IND | M85: 20 | N85: 54500 | O85: TRUE
E86: 139087 | F86: MOBIL VACTRA OIL NO 4 DRUM 200L:KR | I86: 520000 | J86: 139087 | K86: DRUM | L86: IND | M86: 200 | N86: 547000 | O86: TRUE
E87: 139088 | F87: MOBIL VACTRA OIL NO 4 PAIL 20L:KR | I87: 55700 | J87: 139088 | K87: PAIL | L87: IND | M87: 20 | N87: 58600 | O87: TRUE
E88: 120645 | F88: MOBILUBE 1 SHC 75W-90 DRUM 208L | I88: 2213000 | J88: 120645 | K88: DRUM | L88: CVL | M88: 200 | N88: 2213000 | O88: =I88=N88 -> TRUE
E89: 122916 | F89: MOBILUBE 1 SHC 75W-90 CTN 12X1L | I89: 140000 | J89: 122916 | K89: BOLG | L89: CVL | M89: 12 | N89: 140000 | O89: =I89=N89 -> TRUE
E90: 129171 | F90: MOBILUBE HD 80W-90 PAIL 20L | I90: 59700 | J90: 129171 | K90: PAIL | L90: CVL | M90: 20 | N90: 59700 | O90: =I90=N90 -> TRUE
E91: 129174 | F91: MOBILUBE HD 85W-140 PAIL 20L | I91: 70200 | J91: 129174 | K91: PAIL | L91: CVL | M91: 20 | N91: 70200 | O91: =I91=N91 -> TRUE
E92: 134989 | F92: MOBILUBE GX-A 80W PAIL 20L | I92: 90900 | J92: 134989 | K92: PAIL | L92: CVL | M92: 20 | N92: 90900 | O92: =I92=N92 -> TRUE
E93: 135691 | F93: MOBILUBE LS 85W-90 PAIL 20L | I93: 91100 | J93: 135691 | K93: PAIL | L93: CVL | M93: 20 | N93: 91100 | O93: =I93=N93 -> TRUE
E94: 138838 | F94: MOBIL HYDRAULIC 10W DRUM 200L | I94: 615000 | J94: 138838 | K94: DRUM | L94: CVL | M94: 200 | N94: 615000 | O94: =I94=N94 -> TRUE
E95: 138840 | F95: Mobil Delvac Hydraulic 10W 20L | I95: 65600 | J95: 138840 | K95: PAIL | L95: CVL | M95: 20 | N95: 65600 | O95: =I95=N95 -> TRUE
E96: 138851 | F96: MOBIL FLUID LT DRUM 208L | I96: 1193000 | J96: 138851 | K96: DRUM | L96: CVL | M96: 208 | N96: 1193000 | O96: =I96=N96 -> TRUE
E97: 138889 | F97: MOBILUBE GX 80W-90 DRUM 200L | I97: 520000 | J97: 138889 | K97: DRUM | L97: CVL | M97: 200 | N97: 520000 | O97: =I97=N97 -> TRUE
E98: 138890 | F98: MOBILUBE GX 80W-90 PAIL 20L | I98: 54000 | J98: 138890 | K98: PAIL | L98: CVL | M98: 20 | N98: 54000 | O98: =I98=N98 -> TRUE
E99: 138893 | F99: MOBILUBE HD 80W-90 DRUM 200L | I99: 552000 | J99: 138893 | K99: DRUM | L99: CVL | M99: 200 | N99: 552000 | O99: =I99=N99 -> TRUE
... E109: 143240 | F109: M DV ULTRA 5W-40 UP V1 CTN 4X4L | I109: 107800 | J109: 143240 | K109: BOSM | L109: CVL | M109: 16 | N109: 107800 | O109: =I109=N109 -> TRUE
E110: 138583 | F110: MOBIL ATF 220 CTN 12X1L:TW | I110: 44600 | J110: 138583 | K110: BOSM | L110: MBK | M110: 12 | N110: #N/A | O110: =I110=N110 -> #N/A
E111: 123205 | F111: MOBIL BRAKE FLUID DOT4 CTN 12X0.5L | I111: 60300 | J111: 123205 | K111: BOSM | L111: PVL | M111: 6 | N111: 60300 | O111: =I111=N111 -> TRUE
E112: 124476 | F112: MOBIL MULTIPURPOSE ATF PAIL 20L | I112: 63200 | J112: 124476 | K112: PAIL | L112: PVL | M112: 20 | N112: 63200 | O112: =I112=N112 -> TRUE
E113: 135080 | F113: MOBIL ANTIFREEZE EXTRA CTN 12X1L | I113: 110000 | J113: 135080 | K113: BOSM | L113: PVL | M113: 12 | N113: 110000 | O113: =I113=N113 -> TRUE
E114: 138806 | F114: MOBIL OUTBOARD PLUS CTN 24X0.414L | I114: 148600 | J114: 138806 | K114: BOLG | L114: PVL | M114: 9.94 | N114: 148600 | O114: =I114=N114 -> TRUE
E115: 138827 | F115: MOBIL MULTIPURPOSE ATF DRUM 200L | I115: 595000 | J115: 138827 | K115: DRUM | L115: PVL | M115: 200 | N115: 595000 | O115: =I115=N115 -> TRUE
E116: 138888 | F116: MOBILUBE 1 SHC 75W-90 PAIL 20L:KR | I116: 233000 | J116: 138888 | K116: PAIL | L116: PVL | M116: 20 | N116: 233000 | O116: =I116=N116 -> TRUE
E117: 138892 | F117: MOBILUBE GX 80W-90 CTN 4X4 | I117: 46500 | J117: 138892 | K117: BOLG | L117: PVL | M117: 16 | N117: 46500 | O117: =I117=N117 -> TRUE
E118: 142227 | F118: MOBIL DELVAC XHP ESP S 10W-40 DM 200L:KR | I118: 853000 | J118: 142227 | K118: DRUM | L118: PVL | M118: 200 | N118: #N/A | O118: =I118=N118 -> #N/A
E119: 140169 | F119: MOBIL Super 3000 FP 0W30 CTN 12X1L | I119: 62400 | J119: 140169 | K119: BOSM | L119: PVL | M119: 12 | N119: #N/A | O119: =I119=N119 -> #N/A
E120: 140657 | F120: MOBIL 1 5W30(SN) CTN 12X1L | I120: 118000 | J120: 140657 | K120: BOSM | L120: PVL | M120: 12 | N120: 118000 | O120: =I120=N120 -> TRUE
E121: 140660 | F121: MOBIL 1 0W-40(SN) CTN 12X1L | I121: 118000 | J121: 140660 | K121: BOSM | L121: PVL | M121: 12 | N121: 118000 | O121: =I121=N121 -> TRUE
E122: 140661 | F122: MOBIL 1 0W-40 DRUM 200L: KR | I122: 1789000 | J122: 140661 | K122: DRUM | L122: PVL | M122: 200 | N122: 1789000 | O122: =I122=N122 -> TRUE
E123: 141593 | F123: MOBIL SPECIAL PLUS 5W-30 DRUM 200L | I123: 479000 | J123: 141593 | K123: DRUM | L123: PVL | M123: 200 | N123: 479000 | O123: =I123=N123 -> TRUE
E124: 120082 | F124: MOBILGREASE 28, 16KG/35.2LB | I124: 605000 | J124: 120082 | K124: PAIL | L124: AVI | M124: 16 | N124: 605000 | O124: =I124=N124 -> TRUE
...

Sheet 양식0
B2: 발 주 서 | F2: 파레트요청 | M2: 발주 접수처 (엑슨모빌 중국 상하이 고객지원팀)
M3: · 부서메일주소 : koreadcp@exxonmobil.com
M4: · 수신부담팩스 : 00798 8521 8501
M5: · 수신부담전화 : 00798 8521 8503
B7: 대리점명 | D7: (주)영일오엔씨 | F7: 대리점코드 | G7: 모빌(194637) | K7: 발주일 | L7: =TODAY() -> 45981 | N7: 납기일
B8: 전화번호 | D8: 02-2693-5189 | F8: 팩스번호 | G8: 02-2693-5902 | K8: 담당자 | L8: 조윤석 팀장 | N8: 연락처 | O8: 031-8059-5151
B9: 주소 | K9: 납 지 | L9: 영일-화성 | M9: =IF($L9<>0,VLOOKUP($L9,$G$45:$K$70,2,FALSE),"") -> 경기도 화성시 향남읍 구문천1길 43-9
B11: 순번 (No.) | C11: 발주처 | D11: 거래처명 (Ship to) | E11: 코드번호 (Child Code) | F11: 제품코드 (P-Code) | G11: 제품명 (Product Name) | J11: 규격 (Package) | K11: 제품군 (Lob) | L11: 수량 (Quanty) | M11: 물량/리터 (Volume) | N11: 단가 (Unit Price) | O11: 금액(별도) (Amounts) | P11: 오더번호 | R11: 발주단위 | U11: 금액(포함) | V11: 미출수량 | W11: 중복 | X11: 전일발주수량 | Y11: 단가 | Z11: 확인
B12: 1 | C12: 소분 | D12: 화성창고-티센 | E12: =IF($D12<>0,VLOOKUP($D12,$D$45:$E$72,2,FALSE),"") -> 194638 | F12: 132835 | G12: =IF($F12<>0,VLOOKUP($F12,$E$74:$M$539,2,FALSE),"") -> MOBIL GLYGOYLE 460, 208LT DRUM | J12: =IF($F12<>0,VLOOKUP($F12,$E$74:$M$539,7,FALSE),"") -> DRUM | K12: =IF($F12<>0,VLOOKUP($F12,$E$74:$M$539,8,FALSE),"") -> IND | L12: 5 | M12: =IF($L12<>0,VLOOKUP($F12,$E$74:$M$539,9,FALSE)*$L12,"") -> 1040 | N12: 1755000 | O12: =IF(L12<>0,$L12*$N12,"") -> 8775000 | P12: 101 | R12: =VLOOKUP(F12,'파레트 제품 리스트'!$B:$F,4,0) -> DRUM | S12: =VLOOKUP(F12,'파레트 제품 리스트'!$B:$F,5,0) -> 1 | U12: =O12*1.1 -> 9652500 | V12: =VLOOKUP(F12,미출!$D:$F,3,0) -> #N/A | W12: =COUNTIF($F$11:$F$11,F12) -> 0 | X12: =VLOOKUP(F12,#REF!,7,0) -> #REF! | Z12: =N12=Y12 -> FALSE
B13: 2 | C13: 석문에너지 | D13: 화성창고-일반가 | E13: =IF($D13<>0,VLOOKUP($D13,$D$45:$E$72,2,FALSE),"") -> 194667 | F13: 139040 | G13: =IF($F13<>0,VLOOKUP($F13,$E$74:$M$539,2,FALSE),"") -> MOBIL DTE 732 DRUM 200L:KR | J13: =IF($F13<>0,VLOOKUP($F13,$E$74:$M$539,7,FALSE),"") -> DRUM | K13: =IF($F13<>0,VLOOKUP($F13,$E$74:$M$539,8,FALSE),"") -> IND | L13: 4 | M13: =IF($L13<>0,VLOOKUP($F13,$E$74:$M$539,9,FALSE)*$L13,"") -> 800 | N13: =IF($F13<>0,VLOOKUP($F13,$E$53:$L$546,5,FALSE),"") -> 575000 | O13: =IF(L13<>0,$L13*$N13,"") -> 2300000 | P13: 0 | R13: =VLOOKUP(F13,'파레트 제품 리스트'!$B:$F,4,0) -> DRUM | S13: =VLOOKUP(F13,'파레트 제품 리스트'!$B:$F,5,0) -> 1 | U13: =O13*1.1 -> 2530000 | V13: =VLOOKUP(F13,미출!$D:$F,3,0) -> #N/A | W13: =COUNTIF($F$11:$F$11,F13) -> 0 | X13: =VLOOKUP(F13,#REF!,7,0) -> #REF! | Z13: =N13=Y13 -> FALSE
B14: 3 | C14: 극동오일 | D14: 화성창고-일반가 | E14: =IF($D14<>0,VLOOKUP($D14,$D$45:$E$72,2,FALSE),"") -> 194667 | F14: 139059 | G14: =IF($F14<>0,VLOOKUP($F14,$E$74:$M$539,2,FALSE),"") -> MOBIL DTE OIL HEAVY MEDIUM DRUM 200L:KR | J14: =IF($F14<>0,VLOOKUP($F14,$E$74:$M$539,7,FALSE),"") -> DRUM | K14: =IF($F14<>0,VLOOKUP($F14,$E$74:$M$539,8,FALSE),"") -> IND | L14: 1 | M14: =IF($L14<>0,VLOOKUP($F14,$E$74:$M$539,9,FALSE)*$L14,"") -> 200 | N14: =IF($F14<>0,VLOOKUP($F14,$E$53:$L$546,5,FALSE),"") -> 691000 | O14: =IF(L14<>0,$L14*$N14,"") -> 691000 | P14: 50 | R14: =VLOOKUP(F14,'파레트 제품 리스트'!$B:$F,4,0) -> DRUM | S14: =VLOOKUP(F14,'파레트 제품 리스트'!$B:$F,5,0) -> 1 | U14: =O14*1.1 -> 760100 | V14: =VLOOKUP(F14,미출!$D:$F,3,0) -> #N/A | W14: =COUNTIF($F$11:$F$11,F14) -> 0 | X14: =VLOOKUP(F14,#REF!,7,0) -> #REF! | Z14: =N14=Y14 -> FALSE
B15: 4 | D15: 화성창고-일반가 | E15: =IF($D15<>0,VLOOKUP($D15,$D$45:$E$72,2,FALSE),"") -> 194667 | F15: 144167 | G15: =IF($F15<>0,VLOOKUP($F15,$E$74:$M$539,2,FALSE),"") -> MOBIL HYDRAULIC AW 46 PAIL 20L:KR | J15: =IF($F15<>0,VLOOKUP($F15,$E$74:$M$539,7,FALSE),"") -> PAIL | K15: =IF($F15<>0,VLOOKUP($F15,$E$74:$M$539,8,FALSE),"") -> IND | L15: 42 | M15: =IF($L15<>0,VLOOKUP($F15,$E$74:$M$539,9,FALSE)*$L15,"") -> 840 | N15: =IF($F15<>0,VLOOKUP($F15,$E$53:$L$546,5,FALSE),"") -> 31200 | O15: =IF(L15<>0,$L15*$N15,"") -> 1310400 | P15: 577 | R15: =VLOOKUP(F15,'파레트 제품 리스트'!$B:$F,4,0) -> Full | S15: =VLOOKUP(F15,'파레트 제품 리스트'!$B:$F,5,0) -> 42 | U15: =O15*1.1 -> 1441440 | V15: =VLOOKUP(F15,미출!$D:$F,3,0) -> #N/A | W15: =COUNTIF($F$11:$F$11,F15) -> 0 | X15: =VLOOKUP(F15,#REF!,7,0) -> #REF! | Z15: =N15=Y15 -> FALSE
B16: 5 | D16: 화성창고-일반가 | E16: =IF($D16<>0,VLOOKUP($D16,$D$45:$E$72,2,FALSE),"") -> 194667 | F16: 144170 | G16: =IF($F16<>0,VLOOKUP($F16,$E$74:$M$539,2,FALSE),"") -> MOBIL HYDRAULIC AW 68 DRUM 200L:KR | J16: =IF($F16<>0,VLOOKUP($F16,$E$74:$M$539,7,FALSE),"") -> DRUM | K16: =IF($F16<>0,VLOOKUP($F16,$E$74:$M$539,8,FALSE),"") -> IND | L16: 2 | M16: =IF($L16<>0,VLOOKUP($F16,$E$74:$M$539,9,FALSE)*$L16,"") -> 400 | N16: =IF($F16<>0,VLOOKUP($F16,$E$53:$L$546,5,FALSE),"") -> 314000 | O16: =IF(L16<>0,$L16*$N16,"") -> 628000 | P16: 309 | R16: =VLOOKUP(F16,'파레트 제품 리스트'!$B:$F,4,0) -> #N/A | S16: =VLOOKUP(F16,'파레트 제품 리스트'!$B:$F,5,0) -> #N/A | U16: =O16*1.1 -> 690800 | V16: =VLOOKUP(F16,미출!$D:$F,3,0) -> #N/A | W16: =COUNTIF($F$11:$F$11,F16) -> 0 | X16: =VLOOKUP(F16,#REF!,7,0) -> #REF! | Z16: =N16=Y16 -> FALSE
B17: 6 | D17: 화성창고-일반가 | E17: =IF($D17<>0,VLOOKUP($D17,$D$45:$E$72,2,FALSE),"") -> 194667 | F17: 139144 | G17: =IF($F17<>0,VLOOKUP($F17,$E$74:$M$539,2,FALSE),"") -> NUTO H 46 DRUM 200L:KR | J17: =IF($F17<>0,VLOOKUP($F17,$E$74:$M$539,7,FALSE),"") -> DRUM | K17: =IF($F17<>0,VLOOKUP($F17,$E$74:$M$539,8,FALSE),"") -> IND | L17: 4 | M17: =IF($L17<>0,VLOOKUP($F17,$E$74:$M$539,9,FALSE)*$L17,"") -> 800 | N17: =IF($F17<>0,VLOOKUP($F17,$E$53:$L$546,5,FALSE),"") -> 423000 | O17: =IF(L17<>0,$L17*$N17,"") -> 1692000 | P17: 49 | R17: =VLOOKUP(F17,'파레트 제품 리스트'!$B:$F,4,0) -> DRUM | S17: =VLOOKUP(F17,'파레트 제품 리스트'!$B:$F,5,0) -> 1 | U17: =O17*1.1 -> 1861200 | V17: =VLOOKUP(F17,미출!$D:$F,3,0) -> #N/A | W17: =COUNTIF($F$11:$F$11,F17) -> 0 | X17: =VLOOKUP(F17,#REF!,7,0) -> #REF! | Z17: =N17=Y17 -> FALSE
B18: 7 | D18: 화성창고-일반가 | E18: =IF($D18<>0,VLOOKUP($D18,$D$45:$E$72,2,FALSE),"") -> 194667 | F18: 139145 | G18: =IF($F18<>0,VLOOKUP($F18,$E$74:$M$539,2,FALSE),"") -> NUTO H 46 PAIL 20L:KR | J18: =IF($F18<>0,VLOOKUP($F18,$E$74:$M$539,7,FALSE),"") -> PAIL | K18: =IF($F18<>0,VLOOKUP($F18,$E$74:$M$539,8,FALSE),"") -> IND | L18: 42 | M18: =IF($L18<>0,VLOOKUP($F18,$E$74:$M$539,9,FALSE)*$L18,"") -> 840 | N18: =IF($F18<>0,VLOOKUP($F18,$E$53:$L$546,5,FALSE),"") -> 44000 | O18: =IF(L18<>0,$L18*$N18,"") -> 1848000 | P18: 231 | R18: =VLOOKUP(F18,'파레트 제품 리스트'!$B:$F,4,0) -> Full | S18: =VLOOKUP(F18,'파레트 제품 리스트'!$B:$F,5,0) -> 42 | U18: =O18*1.1 -> 2032800 | V18: =VLOOKUP(F18,미출!$D:$F,3,0) -> #N/A | W18: =COUNTIF($F$11:$F$11,F18) -> 0 | X18: =VLOOKUP(F18,#REF!,7,0) -> #REF! | Z18: =N18=Y18 -> FALSE
B19: 8 | D19: 화성창고-일반가 | E19: =IF($D19<>0,VLOOKUP($D19,$D$45:$E$72,2,FALSE),"") -> 194667 | F19: 148662 | G19: =IF($F19<>0,VLOOKUP($F19,$E$74:$M$539,2,FALSE),"") -> MOBIL VELOCITE 6, 20LT, PAIL | J19: =IF($F19<>0,VLOOKUP($F19,$E$74:$M$539,7,FALSE),"") -> PAIL | K19: =IF($F19<>0,VLOOKUP($F19,$E$74:$M$539,8,FALSE),"") -> IND | L19: 42 | M19: =IF($L19<>0,VLOOKUP($F19,$E$74:$M$539,9,FALSE)*$L19,"") -> 840 | N19: =IF($F19<>0,VLOOKUP($F19,$E$53:$L$546,5,FALSE),"") -> 55400 | O19: =IF(L19<>0,$L19*$N19,"") -> 2326800 | P19: 309 | R19: =VLOOKUP(F19,'파레트 제품 리스트'!$B:$F,4,0) -> Full | S19: =VLOOKUP(F19,'파레트 제품 리스트'!$B:$F,5,0) -> 42 | U19: =O19*1.1 -> 2559480 | V19: =VLOOKUP(F19,미출!$D:$F,3,0) -> #N/A | W19: =COUNTIF($F$11:$F$11,F19) -> 0 | X19: =VLOOKUP(F19,#REF!,7,0) -> #REF! | Z19: =N19=Y19 -> FALSE
B20: 9 | C20: 아이마켓 | D20: 화성창고-일반가 | E20: =IF($D20<>0,VLOOKUP($D20,$D$45:$E$72,2,FALSE),"") -> 194667 | F20: 132528 | G20: =IF($F20<>0,VLOOKUP($F20,$E$74:$M$539,2,FALSE),"") -> MOBILGREASE FM 222, 16KG/35.2LB | J20: =IF($F20<>0,VLOOKUP($F20,$E$74:$M$539,7,FALSE),"") -> PAIL | K20: =IF($F20<>0,VLOOKUP($F20,$E$74:$M$539,8,FALSE),"") -> IND | L20: 10 | M20: =IF($L20<>0,VLOOKUP($F20,$E$74:$M$539,9,FALSE)*$L20,"") -> 160 | N20: =IF($F20<>0,VLOOKUP($F20,$E$53:$L$546,5,FALSE),"") -> 269000 | O20: =IF(L20<>0,$L20*$N20,"") -> 2690000 | P20: 0 | R20: =VLOOKUP(F20,'파레트 제품 리스트'!$B:$F,4,0) -> MIX (28) | S20: =VLOOKUP(F20,'파레트 제품 리스트'!$B:$F,5,0) -> 1 | U20: =O20*1.1 -> 2959000 | V20: =VLOOKUP(F20,미출!$D:$F,3,0) -> #N/A | W20: =COUNTIF($F$11:$F$11,F20) -> 0 | X20: =VLOOKUP(F20,#REF!,7,0) -> #REF! | Z20: =N20=Y20 -> FALSE
B21: 10 | D21: 화성창고-하이스코 | E21: =IF($D21<>0,VLOOKUP($D21,$D$45:$E$72,2,FALSE),"") -> 194729 | F21: 139135 | G21: =IF($F21<>0,VLOOKUP($F21,$E$74:$M$539,2,FALSE),"") -> MOBILGEAR 600 XP 320 DRUM 200L:KR | J21: =IF($F21<>0,VLOOKUP($F21,$E$74:$M$539,7,FALSE),"") -> DRUM | K21: =IF($F21<>0,VLOOKUP($F21,$E$74:$M$539,8,FALSE),"") -> IND | L21: 8 | M21: =IF($L21<>0,VLOOKUP($F21,$E$74:$M$539,9,FALSE)*$L21,"") -> 1600 | N21: 502920 | O21: =IF(L21<>0,$L21*$N21,"") -> 4023360 | P21: 33 | R21: =VLOOKUP(F21,'파레트 제품 리스트'!$B:$F,4,0) -> DRUM | S21: =VLOOKUP(F21,'파레트 제품 리스트'!$B:$F,5,0) -> 1 | U21: =O21*1.1 -> 4425696 | V21: =VLOOKUP(F21,미출!$D:$F,3,0) -> #N/A | W21: =COUNTIF($F$11:$F$11,F21) -> 0 | X21: =VLOOKUP(F21,#REF!,7,0) -> #REF! | Z21: =N21=Y21 -> FALSE
B22: 11 | D22: 화성창고-화성에너지 | E22: =IF($D22<>0,VLOOKUP($D22,$D$45:$E$72,2,FALSE),"") -> 200584 | F22: 141746 | G22: =IF($F22<>0,VLOOKUP($F22,$E$74:$M$539,2,FALSE),"") -> MOBIL DTE 25 ULTRA DRUM 200L:KR | J22: =IF($F22<>0,VLOOKUP($F22,$E$74:$M$539,7,FALSE),"") -> DRUM | K22: =IF($F22<>0,VLOOKUP($F22,$E$74:$M$539,8,FALSE),"") -> IND | L22: 12 | M22: =IF($L22<>0,VLOOKUP($F22,$E$74:$M$539,9,FALSE)*$L22,"") -> 2400 | N22: 433000 | O22: =IF(L22<>0,$L22*$N22,"") -> 5196000 | P22: 300 | R22: =VLOOKUP(F22,'파레트 제품 리스트'!$B:$F,4,0) -> DRUM | S22: =VLOOKUP(F22,'파레트 제품 리스트'!$B:$F,5,0) -> 1 | U22: =O22*1.1 -> 5715600 | V22: =VLOOKUP(F22,미출!$D:$F,3,0) -> #N/A | W22: =COUNTIF($F$11:$F$11,F22) -> 0 | X22: =VLOOKUP(F22,#REF!,7,0) -> #REF! | Z22: =N22=Y22 -> FALSE
B23: 12 | D23: 화성창고-화성에너지 | E23: =IF($D23<>0,VLOOKUP($D23,$D$45:$E$72,2,FALSE),"") -> 200584 | F23: 139134 | G23: =IF($F23<>0,VLOOKUP($F23,$E$74:$M$539,2,FALSE),"") -> MOBILGEAR 600 XP 220 PAIL 20L:KR | J23: =IF($F23<>0,VLOOKUP($F23,$E$74:$M$539,7,FALSE),"") -> PAIL | K23: =IF($F23<>0,VLOOKUP($F23,$E$74:$M$539,8,FALSE),"") -> IND | L23: 42 | M23: =IF($L23<>0,VLOOKUP($F23,$E$74:$M$539,9,FALSE)*$L23,"") -> 840 | N23: 70500 | O23: =IF(L23<>0,$L23*$N23,"") -> 2961000 | P23: 52 | R23: =VLOOKUP(F23,'파레트 제품 리스트'!$B:$F,4,0) -> Full | S23: =VLOOKUP(F23,'파레트 제품 리스트'!$B:$F,5,0) -> 42 | U23: =O23*1.1 -> 3257100 | V23: =VLOOKUP(F23,미출!$D:$F,3,0) -> #N/A | W23: =COUNTIF($F$11:$F$11,F23) -> 0 | X23: =VLOOKUP(F23,#REF!,7,0) -> #REF! | Z23: =N23=Y23 -> FALSE
B24: 13 | D24: 화성창고-화성에너지 | E24: =IF($D24<>0,VLOOKUP($D24,$D$45:$E$72,2,FALSE),"") -> 200584 | F24: 140263 | G24: =IF($F24<>0,VLOOKUP($F24,$E$74:$M$539,2,FALSE),"") -> MOBILUX EP 2 PAIL 16KG:SG | J24: =IF($F24<>0,VLOOKUP($F24,$E$74:$M$539,7,FALSE),"") -> PAIL | K24: =IF($F24<>0,VLOOKUP($F24,$E$74:$M$539,8,FALSE),"") -> IND | L24: 42 | M24: =IF($L24<>0,VLOOKUP($F24,$E$74:$M$539,9,FALSE)*$L24,"") -> 672 | N24: 71800 | O24: =IF(L24<>0,$L24*$N24,"") -> 3015600 | P24: 483 | R24: =VLOOKUP(F24,'파레트 제품 리스트'!$B:$F,4,0) -> MIX (28) | S24: =VLOOKUP(F24,'파레트 제품 리스트'!$B:$F,5,0) -> 1 | U24: =O24*1.1 -> 3317160 | V24: =VLOOKUP(F24,미출!$D:$F,3,0) -> #N/A | W24: =COUNTIF($F$11:$F$11,F24) -> 0 | X24: =VLOOKUP(F24,#REF!,7,0) -> #REF! | Z24: =N24=Y24 -> FALSE
B25: 14 | D25: 화성창고-일반가 | E25: =IF($D25<>0,VLOOKUP($D25,$D$45:$E$72,2,FALSE),"") -> 194667 | F25: 144169 | G25: =IF($F25<>0,VLOOKUP($F25,$E$74:$M$539,2,FALSE),"") -> MOBIL HYDRAULIC AW 68 PAIL 20L:KR | J25: =IF($F25<>0,VLOOKUP($F25,$E$74:$M$539,7,FALSE),"") -> PAIL | K25: =IF($F25<>0,VLOOKUP($F25,$E$74:$M$539,8,FALSE),"") -> IND | L25: 28 | M25: =IF($L25<>0,VLOOKUP($F25,$E$74:$M$539,9,FALSE)*$L25,"") -> 560 | N25: =IF($F25<>0,VLOOKUP($F25,$E$53:$L$546,5,FALSE),"") -> 33900 | O25: =IF(L25<>0,$L25*$N25,"") -> 949200 | R25: =VLOOKUP(F25,'파레트 제품 리스트'!$B:$F,4,0) -> #N/A | S25: =VLOOKUP(F25,'파레트 제품 리스트'!$B:$F,5,0) -> #N/A | U25: =O25*1.1 -> 1044120 | V25: =VLOOKUP(F25,미출!$D:$F,3,0) -> #N/A | W25: =COUNTIF($F$11:$F$11,F25) -> 0 | X25: =VLOOKUP(F25,#REF!,7,0) -> #REF! | Z25: =N25=Y25 -> FALSE
B26: 15 | E26: =IF($D26<>0,VLOOKUP($D26,$D$44:$E$92,2,FALSE),"") | G26: =IF($F26<>0,VLOOKUP($F26,$E$74:$M$539,2,FALSE),"") | J26: =IF($F26<>0,VLOOKUP($F26,$E$74:$M$539,7,FALSE),"") | K26: =IF($F26<>0,VLOOKUP($F26,$E$74:$M$539,8,FALSE),"") | M26: =IF($L26<>0,VLOOKUP($F26,$E$74:$M$539,9,FALSE)*$L26,"") | O26: =IF(L26<>0,$L26*$N26,"") | R26: =VLOOKUP(F26,'파레트 제품 리스트'!$B:$F,4,0) -> #N/A | S26: =VLOOKUP(F26,'파레트 제품 리스트'!$B:$F,5,0) -> #N/A | U26: =O26*1.1 -> #VALUE! | V26: =VLOOKUP(F26,미출!$D:$F,3,0) -> #N/A | W26: =COUNTIF($F$11:$F$11,F26) -> 0 | X26: =VLOOKUP(F26,#REF!,7,0) -> #REF! | Z26: =N26=Y26 -> TRUE
J27: =IF($F27<>0,VLOOKUP($F27,$E$91:$M$460,7,FALSE),"") | K27: =IF($F27<>0,VLOOKUP($F27,$E$91:$M$460,8,FALSE),"") | M27: =IF($L27<>0,VLOOKUP($F27,$E$91:$M$460,9,FALSE)*$L27,"") | N27: =IF($F27<>0,VLOOKUP($F27,$E$91:$M$460,5,FALSE),"") | O27: =IF(L27<>0,$L27*$N27,"")
I28: 발주물량 | J28: 리터(Liter) | K28: =SUM(M12:M26) -> 11992 | M28: 발주 금액 | N28: 부가세별도 | O28: =SUM(O12:O26) -> 38406360
J29: 드럼(Drum) | K29: =$K$28/200 -> 59.96 | N29: 부가세포함 | O29: =O28*1.1 -> 42246996
L32: =#REF!+#REF!+#REF!+#REF! -> #REF!
L33: =+#REF!+#REF!+#REF!+#REF! -> #REF!
L34: =L33-L32 -> #REF!
B41: 발주서 기초자료
D44: 거래처명 | E44: 거래처코드 | G44: 배송지 | H44: 주소 | M44: 담당자 | N44: 연락처
D45: 화성창고-일반가 | E45: 194667 | G45: 영일-화성 | H45: 경기도 화성시 향남읍 구문천1길 43-9
D46: 화성창고-화성에너지 | E46: 200584 | G46: 영일 - 화성(에너지) | H46: 경기도 화성시 향남읍 구문천1길 43-9
D47: 화성창고-하이스코 | E47: 194729 | G47: 영일-현대제철(화성창고) | H47: 경기도 화성시 향남읍 구문천1길 43-9
D48: 화성창고-티센 | E48: 194638 | G48: 티센크루프엘리베이터코리아(주) | H48: 경기도 화성시 향남읍 구문천1길 43-9
D49: 화성창고-아주지오텍 | E49: 202724 | G49: 영일 - 아주지오텍(화성창고) | H49: 경기도 화성시 향남읍 구문천1길 43-9
D50: 화성창고-위아 | E50: 203805 | G50: 영일 - 위아(화성창고) | H50: 경기도 화성시 향남읍 구문천1길 43-9
D51: 화성창고-SEW | E51: 215691 | G51: 영일-SEW-화성창고 | H51: 경기도 화성시 향남읍 구문천1길 43-9
D52: 화성창고-SHILLA | E52: 208008 | G52: 영일-신라정밀-화성창고 | H52: 경기도 화성시 향남읍 구문천1길 43-9
D53: 화성창고-KORAIL-iL | E53: 207998 | G53: 영일-코레일-화성창고 | H53: 경기도 화성시 향남읍 구문천1길 43-9 | R53: `
D54: 화성창고-LG화학 | E54: 194819 | G54: 영일-(주)엘지화학 | H54: 충청남도 서산시 대산읍 독곶1로 54
D55: 화성창고-HYUNDAI E&C | E55: 229113 | G55: 영일-현대건설-화성 | H55: 경기도 화성시 향남읍 구문천1길 43-9
D56: 화성창고-일반가 | E56: 194667 | G56: 영일-화성 | H56: 경기도 화성시 향남읍 구문천1길 43-9
D57: 화성창고- LG Chemical | E57: 237074 | G57: 영일 - LG 화학 - 화성 | H57: 향남읍 구문천1길 43-9
D58: 화성창고-롯데케미칼 | E58: 231778 | G58: 영일 - 롯데케미칼 화성창고 | H58: 경기도 화성시 향남읍 구문천1길 43-9
D59: 화성창고-MBK | E59: 211914
D60: 화성창고-롯데엠씨씨 | E60: 238419 | G60: 롯데엠씨씨(238419) | H60: 향남읍 구문천1길 43-9
D61: 화성창고-B2B MOP | E61: 272022
D62: 영일-SK머티리얼즈 | E62: 238630
D63: 화성창고-심팩 | E63: 273231
D64: 영일-세아창원특수강 WH | E64: 239950
D65: 영일-세아특수강 WH | E65: 279329
D66: 화성창고-보창 | E66: 272022
D67: 화성창고-수산중공업 | E67: 278724
D68: 화성창고-AW(SP1) | E68: 273458
D69: 화성창고-AW(SP2) | E69: 273459
D70: 영일-현대건설 | E70: 222604
D74: 거래처구분 | E74: 거래처코드 | F74: 제품명 | G74: 제품명 | H74: 제품명 | I74: 가격 | J74: 제품코드 | K74: 포장단위 | L74: 제품라인 | M74: 단위물량
E75: 144165 | F75: MOBIL HYDRAULIC AW 32 PAIL 20L:KR | I75: 31200 | J75: 144165 | K75: PAIL | L75: IND | M75: 20 | N75: 34300 | O75: =I75=N75 -> FALSE
E76: 144166 | F76: MOBIL HYDRAULIC AW 32 DRUM 200L:KR | I76: 289000 | J76: 144166 | K76: DRUM | L76: IND | M76: 200 | N76: 318000 | O76: =I76=N76 -> FALSE
E77: 144167 | F77: MOBIL HYDRAULIC AW 46 PAIL 20L:KR | I77: 31200 | J77: 144167 | K77: PAIL | L77: IND | M77: 20 | N77: 34300 | O77: =I77=N77 -> FALSE
E78: 144168 | F78: MOBIL HYDRAULIC AW 46 DRUM 200L:KR | I78: 289000 | J78: 144168 | K78: DRUM | L78: IND | M78: 200 | N78: 318000 | O78: =I78=N78 -> FALSE
E79: 144169 | F79: MOBIL HYDRAULIC AW 68 PAIL 20L:KR | I79: 33900 | J79: 144169 | K79: PAIL | L79: IND | M79: 20 | N79: 35300 | O79: =I79=N79 -> FALSE
E80: 144170 | F80: MOBIL HYDRAULIC AW 68 DRUM 200L:KR | I80: 314000 | J80: 144170 | K80: DRUM | L80: IND | M80: 200 | N80: 328000 | O80: =I80=N80 -> FALSE
E81: 135916 | F81: MOBIL VACTRA NO.1 - DR200L | I81: 520000 | J81: 135916 | K81: DRUM | L81: IND | M81: 200 | N81: 547000 | O81: TRUE
E82: 139029 | F82: MOBIL VACTRA NO 2 SLC DRUM 200L:KR | I82: 508000 | J82: 139029 | K82: DRUM | L82: IND | M82: 200 | N82: 535000 | O82: TRUE
E83: 139030 | F83: MOBIL VACTRA NO 2 SLC PAIL 20L:KR | I83: 54300 | J83: 139030 | K83: PAIL | L83: IND | M83: 20 | N83: 54500 | O83: TRUE
E84: 139084 | F84: MOBIL VACTRA OIL NO 1 PAIL 20L:KR | I84: 55700 | J84: 139084 | K84: PAIL | L84: IND | M84: 20 | N84: 58600 | O84: TRUE
E85: 139085 | F85: MOBIL VACTRA OIL NO 2 DRUM 200L:KR | I85: 508000 | J85: 139085 | K85: DRUM | L85: IND | M85: 200 | N85: 535000 | O85: TRUE
E86: 139086 | F86: MOBIL VACTRA OIL NO 2 PAIL 20L:KR | I86: 54300 | J86: 139086 | K86: PAIL | L86: IND | M86: 20 | N86: 54500 | O86: TRUE
E87: 139087 | F87: MOBIL VACTRA OIL NO 4 DRUM 200L:KR | I87: 520000 | J87: 139087 | K87: DRUM | L87: IND | M87: 200 | N87: 547000 | O87: TRUE
E88: 139088 | F88: MOBIL VACTRA OIL NO 4 PAIL 20L:KR | I88: 55700 | J88: 139088 | K88: PAIL | L88: IND | M88: 20 | N88: 58600 | O88: TRUE
E89: 147133 | F89: MOBIL SHC 846 ULTRA DURM-M 200L | I89: 1198000 | J89: 147133 | K89: DRUM | L89: IND | M89: 200
E90: 142722 | F90: MOBIL UNIVIS N 46 HR E&I DR 200L:KR | I90: 430000 | J90: 142722 | K90: DRUM | L90: IND | M90: 200
E91: 120645 | F91: MOBILUBE 1 SHC 75W-90 DRUM 208L | I91: 2213000 | J91: 120645 | K91: DRUM | L91: CVL | M91: 200 | N91: 2213000 | O91: =I91=N91 -> TRUE
E92: 122916 | F92: MOBILUBE 1 SHC 75W-90 CTN 12X1L | I92: 140000 | J92: 122916 | K92: BOLG | L92: CVL | M92: 12 | N92: 140000 | O92: =I92=N92 -> TRUE
E93: 129171 | F93: MOBILUBE HD 80W-90 PAIL 20L | I93: 59700 | J93: 129171 | K93: PAIL | L93: CVL | M93: 20 | N93: 59700 | O93: =I93=N93 -> TRUE
E94: 129174 | F94: MOBILUBE HD 85W-140 PAIL 20L | I94: 70200 | J94: 129174 | K94: PAIL | L94: CVL | M94: 20 | N94: 70200 | O94: =I94=N94 -> TRUE
E95: 134989 | F95: MOBILUBE GX-A 80W PAIL 20L | I95: 90900 | J95: 134989 | K95: PAIL | L95: CVL | M95: 20 | N95: 90900 | O95: =I95=N95 -> TRUE
E96: 135691 | F96: MOBILUBE LS 85W-90 PAIL 20L | I96: 91100 | J96: 135691 | K96: PAIL | L96: CVL | M96: 20 | N96: 91100 | O96: =I96=N96 -> TRUE
E97: 138838 | F97: MOBIL HYDRAULIC 10W DRUM 200L | I97: 615000 | J97: 138838 | K97: DRUM | L97: CVL | M97: 200 | N97: 615000 | O97: =I97=N97 -> TRUE
E98: 138840 | F98: Mobil Delvac Hydraulic 10W 20L | I98: 65600 | J98: 138840 | K98: PAIL | L98: CVL | M98: 20 | N98: 65600 | O98: =I98=N98 -> TRUE
E99: 138851 | F99: MOBIL FLUID LT DRUM 208L | I99: 1193000 | J99: 138851 | K99: DRUM | L99: CVL | M99: 208 | N99: 1193000 | O99: =I99=N99 -> TRUE
E100: 138889 | F100: MOBILUBE GX 80W-90 DRUM 200L | I100: 520000 | J100: 138889 | K100: DRUM | L100: CVL | M100: 200 | N100: 520000 | O100: =I100=N100 -> TRUE
E101: 138890 | F101: MOBILUBE GX 80W-90 PAIL 20L | I101: 54000 | J101: 138890 | K101: PAIL | L101: CVL | M101: 20 | N101: 54000 | O101: =I101=N101 -> TRUE
E102: 138893 | F102: MOBILUBE HD 80W-90 DRUM 200L | I102: 552000 | J102: 138893 | K102: DRUM | L102: CVL | M102: 200 | N102: 552000 | O102: =I102=N102 -> TRUE
... E112: 143240 | F112: M DV ULTRA 5W-40 UP V1 CTN 4X4L | I112: 107800 | J112: 143240 | K112: BOSM | L112: CVL | M112: 16 | N112: 107800 | O112: =I112=N112 -> TRUE
E113: 138583 | F113: MOBIL ATF 220 CTN 12X1L:TW | I113: 44600 | J113: 138583 | K113: BOSM | L113: MBK | M113: 12 | N113: #N/A | O113: =I113=N113 -> #N/A
E114: 123205 | F114: MOBIL BRAKE FLUID DOT4 CTN 12X0.5L | I114: 60300 | J114: 123205 | K114: BOSM | L114: PVL | M114: 6 | N114: 60300 | O114: =I114=N114 -> TRUE
E115: 124476 | F115: MOBIL MULTIPURPOSE ATF PAIL 20L | I115: 63200 | J115: 124476 | K115: PAIL | L115: PVL | M115: 20 | N115: 63200 | O115: =I115=N115 -> TRUE
E116: 135080 | F116: MOBIL ANTIFREEZE EXTRA CTN 12X1L | I116: 110000 | J116: 135080 | K116: BOSM | L116: PVL | M116: 12 | N116: 110000 | O116: =I116=N116 -> TRUE
E117: 138806 | F117: MOBIL OUTBOARD PLUS CTN 24X0.414L | I117: 148600 | J117: 138806 | K117: BOLG | L117: PVL | M117: 9.94 | N117: 148600 | O117: =I117=N117 -> TRUE
E118: 138827 | F118: MOBIL MULTIPURPOSE ATF DRUM 200L | I118: 595000 | J118: 138827 | K118: DRUM | L118: PVL | M118: 200 | N118: 595000 | O118: =I118=N118 -> TRUE
E119: 138888 | F119: MOBILUBE 1 SHC 75W-90 PAIL 20L:KR | I119: 233000 | J119: 138888 | K119: PAIL | L119: PVL | M119: 20 | N119: 233000 | O119: =I119=N119 -> TRUE
E120: 138892 | F120: MOBILUBE GX 80W-90 CTN 4X4 | I120: 46500 | J120: 138892 | K120: BOLG | L120: PVL | M120: 16 | N120: 46500 | O120: =I120=N120 -> TRUE
E121: 142227 | F121: MOBIL DELVAC XHP ESP S 10W-40 DM 200L:KR | I121: 853000 | J121: 142227 | K121: DRUM | L121: PVL | M121: 200 | N121: #N/A | O121: =I121=N121 -> #N/A
E122: 140169 | F122: MOBIL Super 3000 FP 0W30 CTN 12X1L | I122: 62400 | J122: 140169 | K122: BOSM | L122: PVL | M122: 12 | N122: #N/A | O122: =I122=N122 -> #N/A
E123: 140657 | F123: MOBIL 1 5W30(SN) CTN 12X1L | I123: 118000 | J123: 140657 | K123: BOSM | L123: PVL | M123: 12 | N123: 118000 | O123: =I123=N123 -> TRUE
E124: 140660 | F124: MOBIL 1 0W-40(SN) CTN 12X1L | I124: 118000 | J124: 140660 | K124: BOSM | L124: PVL | M124: 12 | N124: 118000 | O124: =I124=N124 -> TRUE
E125: 140661 | F125: MOBIL 1 0W-40 DRUM 200L: KR | I125: 1789000 | J125: 140661 | K125: DRUM | L125: PVL | M125: 200 | N125: 1789000 | O125: =I125=N125 -> TRUE
...

Sheet 양식1 (2)
B2: 발 주 서 | M2: 발주 접수처 (엑슨모빌 중국 상하이 고객지원팀)
M3: · 부서메일주소 : koreadcp@exxonmobil.com
M4: · 수신부담팩스 : 00798 8521 8501
M5: · 수신부담전화 : 00798 8521 8503
B7: 대리점명 | D7: (주)영일오엔씨 | F7: 대리점코드 | G7: 모빌(194637) | K7: 발주일 | L7: =TODAY() -> 45981 | N7: 납기일 | O7: =TODAY()+1 -> 45982
B8: 전화번호 | D8: 02-2693-5189 | F8: 팩스번호 | G8: 02-2693-5902 | K8: 담당자 | L8: 조윤석 팀장 | N8: 연락처 | O8: 031-8059-5151
B9: 주소 | K9: 납 지 | L9: 영일-화성 | M9: =IF($L9<>0,VLOOKUP($L9,$G$45:$K$70,2,FALSE),"") -> 경기도 화성시 향남읍 구문천1길 43-9
B11: 순번 (No.) | C11: 발주처 | D11: 거래처명 (Ship to) | E11: 코드번호 (Child Code) | F11: 제품코드 (P-Code) | G11: 제품명 (Product Name) | J11: 규격 (Package) | K11: 제품군 (Lob) | L11: 수량 (Quanty) | M11: 물량/리터 (Volume) | N11: 단가 (Unit Price) | O11: 금액(별도) (Amounts) | P11: 오더번호 | R11: 발주단위 | U11: 금액(포함) | V11: 미출수량 | W11: 중복 | X11: 전일발주수량 | Y11: 단가 | Z11: 확인
B12: 1 | C12: 조성호 | D12: 화성창고-일반가 | E12: =IF($D12<>0,VLOOKUP($D12,$D$45:$E$71,2,FALSE),"") -> 194667 | F12: 140677 | G12: =IF($F12<>0,VLOOKUP($F12,$E$73:$M$535,2,FALSE),"") -> MOBIL RARUS 68 EXCEL 20LT:KR | J12: =IF($F12<>0,VLOOKUP($F12,$E$73:$M$535,7,FALSE),"") -> PAIL | K12: =IF($F12<>0,VLOOKUP($F12,$E$73:$M$535,8,FALSE),"") -> IND | L12: 20 | M12: =IF($L12<>0,VLOOKUP($F12,$E$73:$M$535,9,FALSE)*$L12,"") -> 400 | N12: =IF($F12<>0,VLOOKUP($F12,$E$53:$L$543,5,FALSE),"") -> 79200 | O12: =IF(L12<>0,$L12*$N12,"") -> 1584000 | R12: =VLOOKUP(F12,'파레트 제품 리스트'!$B:$F,4,0) -> MIX (28) | S12: =VLOOKUP(F12,'파레트 제품 리스트'!$B:$F,5,0) -> 1 | U12: =O12*1.1 -> 1742400
B13: 2 | D13: 화성창고-일반가 | E13: =IF($D13<>0,VLOOKUP($D13,$D$45:$E$71,2,FALSE),"") -> 194667 | G13: =IF($F13<>0,VLOOKUP($F13,$E$73:$M$535,2,FALSE),"") | J13: =IF($F13<>0,VLOOKUP($F13,$E$73:$M$535,7,FALSE),"") | K13: =IF($F13<>0,VLOOKUP($F13,$E$73:$M$535,8,FALSE),"") | M13: =IF($L13<>0,VLOOKUP($F13,$E$73:$M$535,9,FALSE)*$L13,"") | N13: =IF($F13<>0,VLOOKUP($F13,$E$53:$L$543,5,FALSE),"") | O13: =IF(L13<>0,$L13*$N13,"") | R13: =VLOOKUP(F13,'파레트 제품 리스트'!$B:$F,4,0) -> #N/A | S13: =VLOOKUP(F13,'파레트 제품 리스트'!$B:$F,5,0) -> #N/A | U13: =O13*1.1 -> #VALUE!
B14: 3 | D14: 화성창고-일반가 | E14: =IF($D14<>0,VLOOKUP($D14,$D$45:$E$71,2,FALSE),"") -> 194667 | G14: =IF($F14<>0,VLOOKUP($F14,$E$73:$M$535,2,FALSE),"") | J14: =IF($F14<>0,VLOOKUP($F14,$E$73:$M$535,7,FALSE),"") | K14: =IF($F14<>0,VLOOKUP($F14,$E$73:$M$535,8,FALSE),"") | M14: =IF($L14<>0,VLOOKUP($F14,$E$73:$M$535,9,FALSE)*$L14,"") | N14: =IF($F14<>0,VLOOKUP($F14,$E$53:$L$543,5,FALSE),"") | O14: =IF(L14<>0,$L14*$N14,"") | R14: =VLOOKUP(F14,'파레트 제품 리스트'!$B:$F,4,0) -> #N/A | S14: =VLOOKUP(F14,'파레트 제품 리스트'!$B:$F,5,0) -> #N/A | U14: =O14*1.1 -> #VALUE!
B15: 4 | D15: 화성창고-일반가 | E15: =IF($D15<>0,VLOOKUP($D15,$D$45:$E$71,2,FALSE),"") -> 194667 | G15: =IF($F15<>0,VLOOKUP($F15,$E$73:$M$535,2,FALSE),"") | J15: =IF($F15<>0,VLOOKUP($F15,$E$73:$M$535,7,FALSE),"") | K15: =IF($F15<>0,VLOOKUP($F15,$E$73:$M$535,8,FALSE),"") | M15: =IF($L15<>0,VLOOKUP($F15,$E$73:$M$535,9,FALSE)*$L15,"") | N15: =IF($F15<>0,VLOOKUP($F15,$E$53:$L$543,5,FALSE),"") | O15: =IF(L15<>0,$L15*$N15,"") | R15: =VLOOKUP(F15,'파레트 제품 리스트'!$B:$F,4,0) -> #N/A | S15: =VLOOKUP(F15,'파레트 제품 리스트'!$B:$F,5,0) -> #N/A | U15: =O15*1.1 -> #VALUE!
B16: 5 | D16: 화성창고-일반가 | E16: =IF($D16<>0,VLOOKUP($D16,$D$45:$E$71,2,FALSE),"") -> 194667 | G16: =IF($F16<>0,VLOOKUP($F16,$E$73:$M$535,2,FALSE),"") | J16: =IF($F16<>0,VLOOKUP($F16,$E$73:$M$535,7,FALSE),"") | K16: =IF($F16<>0,VLOOKUP($F16,$E$73:$M$535,8,FALSE),"") | M16: =IF($L16<>0,VLOOKUP($F16,$E$73:$M$535,9,FALSE)*$L16,"") | N16: =IF($F16<>0,VLOOKUP($F16,$E$53:$L$543,5,FALSE),"") | O16: =IF(L16<>0,$L16*$N16,"") | R16: =VLOOKUP(F16,'파레트 제품 리스트'!$B:$F,4,0) -> #N/A | S16: =VLOOKUP(F16,'파레트 제품 리스트'!$B:$F,5,0) -> #N/A | U16: =O16*1.1 -> #VALUE!
B17: 6 | D17: 화성창고-일반가 | E17: =IF($D17<>0,VLOOKUP($D17,$D$45:$E$71,2,FALSE),"") -> 194667 | G17: =IF($F17<>0,VLOOKUP($F17,$E$73:$M$535,2,FALSE),"") | J17: =IF($F17<>0,VLOOKUP($F17,$E$73:$M$535,7,FALSE),"") | K17: =IF($F17<>0,VLOOKUP($F17,$E$73:$M$535,8,FALSE),"") | M17: =IF($L17<>0,VLOOKUP($F17,$E$73:$M$535,9,FALSE)*$L17,"") | N17: =IF($F17<>0,VLOOKUP($F17,$E$53:$L$543,5,FALSE),"") | O17: =IF(L17<>0,$L17*$N17,"") | R17: =VLOOKUP(F17,'파레트 제품 리스트'!$B:$F,4,0) -> #N/A | S17: =VLOOKUP(F17,'파레트 제품 리스트'!$B:$F,5,0) -> #N/A | U17: =O17*1.1 -> #VALUE!
B18: 7 | D18: 화성창고-일반가 | E18: =IF($D18<>0,VLOOKUP($D18,$D$45:$E$71,2,FALSE),"") -> 194667 | G18: =IF($F18<>0,VLOOKUP($F18,$E$73:$M$535,2,FALSE),"") | J18: =IF($F18<>0,VLOOKUP($F18,$E$73:$M$535,7,FALSE),"") | K18: =IF($F18<>0,VLOOKUP($F18,$E$73:$M$535,8,FALSE),"") | M18: =IF($L18<>0,VLOOKUP($F18,$E$73:$M$535,9,FALSE)*$L18,"") | N18: =IF($F18<>0,VLOOKUP($F18,$E$53:$L$543,5,FALSE),"") | O18: =IF(L18<>0,$L18*$N18,"") | R18: =VLOOKUP(F18,'파레트 제품 리스트'!$B:$F,4,0) -> #N/A | S18: =VLOOKUP(F18,'파레트 제품 리스트'!$B:$F,5,0) -> #N/A | U18: =O18*1.1 -> #VALUE!
B19: 8 | D19: 화성창고-일반가 | E19: =IF($D19<>0,VLOOKUP($D19,$D$45:$E$71,2,FALSE),"") -> 194667 | G19: =IF($F19<>0,VLOOKUP($F19,$E$73:$M$535,2,FALSE),"") | J19: =IF($F19<>0,VLOOKUP($F19,$E$73:$M$535,7,FALSE),"") | K19: =IF($F19<>0,VLOOKUP($F19,$E$73:$M$535,8,FALSE),"") | M19: =IF($L19<>0,VLOOKUP($F19,$E$73:$M$535,9,FALSE)*$L19,"") | N19: =IF($F19<>0,VLOOKUP($F19,$E$53:$L$543,5,FALSE),"") | O19: =IF(L19<>0,$L19*$N19,"") | R19: =VLOOKUP(F19,'파레트 제품 리스트'!$B:$F,4,0) -> #N/A | S19: =VLOOKUP(F19,'파레트 제품 리스트'!$B:$F,5,0) -> #N/A | U19: =O19*1.1 -> #VALUE!
B20: 9 | D20: 화성창고-일반가 | E20: =IF($D20<>0,VLOOKUP($D20,$D$45:$E$71,2,FALSE),"") -> 194667 | G20: =IF($F20<>0,VLOOKUP($F20,$E$73:$M$535,2,FALSE),"") | J20: =IF($F20<>0,VLOOKUP($F20,$E$73:$M$535,7,FALSE),"") | K20: =IF($F20<>0,VLOOKUP($F20,$E$73:$M$535,8,FALSE),"") | M20: =IF($L20<>0,VLOOKUP($F20,$E$73:$M$535,9,FALSE)*$L20,"") | N20: =IF($F20<>0,VLOOKUP($F20,$E$53:$L$543,5,FALSE),"") | O20: =IF(L20<>0,$L20*$N20,"") | R20: =VLOOKUP(F20,'파레트 제품 리스트'!$B:$F,4,0) -> #N/A | S20: =VLOOKUP(F20,'파레트 제품 리스트'!$B:$F,5,0) -> #N/A | U20: =O20*1.1 -> #VALUE!
B21: 10 | D21: 화성창고-일반가 | E21: =IF($D21<>0,VLOOKUP($D21,$D$45:$E$71,2,FALSE),"") -> 194667 | G21: =IF($F21<>0,VLOOKUP($F21,$E$73:$M$535,2,FALSE),"") | J21: =IF($F21<>0,VLOOKUP($F21,$E$73:$M$535,7,FALSE),"") | K21: =IF($F21<>0,VLOOKUP($F21,$E$73:$M$535,8,FALSE),"") | M21: =IF($L21<>0,VLOOKUP($F21,$E$73:$M$535,9,FALSE)*$L21,"") | N21: =IF($F21<>0,VLOOKUP($F21,$E$53:$L$543,5,FALSE),"") | O21: =IF(L21<>0,$L21*$N21,"") | R21: =VLOOKUP(F21,'파레트 제품 리스트'!$B:$F,4,0) -> #N/A | S21: =VLOOKUP(F21,'파레트 제품 리스트'!$B:$F,5,0) -> #N/A | U21: =O21*1.1 -> #VALUE!
B22: 11 | D22: 화성창고-일반가 | E22: =IF($D22<>0,VLOOKUP($D22,$D$45:$E$71,2,FALSE),"") -> 194667 | G22: =IF($F22<>0,VLOOKUP($F22,$E$73:$M$535,2,FALSE),"") | J22: =IF($F22<>0,VLOOKUP($F22,$E$73:$M$535,7,FALSE),"") | K22: =IF($F22<>0,VLOOKUP($F22,$E$73:$M$535,8,FALSE),"") | M22: =IF($L22<>0,VLOOKUP($F22,$E$73:$M$535,9,FALSE)*$L22,"") | N22: =IF($F22<>0,VLOOKUP($F22,$E$53:$L$543,5,FALSE),"") | O22: =IF(L22<>0,$L22*$N22,"") | R22: =VLOOKUP(F22,'파레트 제품 리스트'!$B:$F,4,0) -> #N/A | S22: =VLOOKUP(F22,'파레트 제품 리스트'!$B:$F,5,0) -> #N/A | U22: =O22*1.1 -> #VALUE!
B23: 12 | D23: 화성창고-일반가 | E23: =IF($D23<>0,VLOOKUP($D23,$D$45:$E$71,2,FALSE),"") -> 194667 | G23: =IF($F23<>0,VLOOKUP($F23,$E$73:$M$535,2,FALSE),"") | J23: =IF($F23<>0,VLOOKUP($F23,$E$73:$M$535,7,FALSE),"") | K23: =IF($F23<>0,VLOOKUP($F23,$E$73:$M$535,8,FALSE),"") | M23: =IF($L23<>0,VLOOKUP($F23,$E$73:$M$535,9,FALSE)*$L23,"") | N23: =IF($F23<>0,VLOOKUP($F23,$E$53:$L$543,5,FALSE),"") | O23: =IF(L23<>0,$L23*$N23,"") | R23: =VLOOKUP(F23,'파레트 제품 리스트'!$B:$F,4,0) -> #N/A | S23: =VLOOKUP(F23,'파레트 제품 리스트'!$B:$F,5,0) -> #N/A | U23: =O23*1.1 -> #VALUE!
B24: 13 | D24: 화성창고-일반가 | E24: =IF($D24<>0,VLOOKUP($D24,$D$45:$E$71,2,FALSE),"") -> 194667 | G24: =IF($F24<>0,VLOOKUP($F24,$E$73:$M$535,2,FALSE),"") | J24: =IF($F24<>0,VLOOKUP($F24,$E$73:$M$535,7,FALSE),"") | K24: =IF($F24<>0,VLOOKUP($F24,$E$73:$M$535,8,FALSE),"") | M24: =IF($L24<>0,VLOOKUP($F24,$E$73:$M$535,9,FALSE)*$L24,"") | N24: =IF($F24<>0,VLOOKUP($F24,$E$53:$L$543,5,FALSE),"") | O24: =IF(L24<>0,$L24*$N24,"") | R24: =VLOOKUP(F24,'파레트 제품 리스트'!$B:$F,4,0) -> #N/A | S24: =VLOOKUP(F24,'파레트 제품 리스트'!$B:$F,5,0) -> #N/A | U24: =O24*1.1 -> #VALUE!
B25: 14 | D25: 화성창고-일반가 | E25: =IF($D25<>0,VLOOKUP($D25,$D$45:$E$71,2,FALSE),"") -> 194667 | G25: =IF($F25<>0,VLOOKUP($F25,$E$73:$M$535,2,FALSE),"") | J25: =IF($F25<>0,VLOOKUP($F25,$E$73:$M$535,7,FALSE),"") | K25: =IF($F25<>0,VLOOKUP($F25,$E$73:$M$535,8,FALSE),"") | M25: =IF($L25<>0,VLOOKUP($F25,$E$73:$M$535,9,FALSE)*$L25,"") | N25: =IF($F25<>0,VLOOKUP($F25,$E$53:$L$543,5,FALSE),"") | O25: =IF(L25<>0,$L25*$N25,"") | R25: =VLOOKUP(F25,'파레트 제품 리스트'!$B:$F,4,0) -> #N/A | S25: =VLOOKUP(F25,'파레트 제품 리스트'!$B:$F,5,0) -> #N/A | U25: =O25*1.1 -> #VALUE!
B26: 15 | G26: =IF($F26<>0,VLOOKUP($F26,$E$73:$M$535,2,FALSE),"") | J26: =IF($F26<>0,VLOOKUP($F26,$E$73:$M$535,7,FALSE),"") | K26: =IF($F26<>0,VLOOKUP($F26,$E$73:$M$535,8,FALSE),"") | M26: =IF($L26<>0,VLOOKUP($F26,$E$73:$M$535,9,FALSE)*$L26,"") | N26: =IF($F26<>0,VLOOKUP($F26,$E$53:$L$543,5,FALSE),"") | O26: =IF(L26<>0,$L26*$N26,"") | U26: =O26*1.1 -> #VALUE!
J27: =IF($F27<>0,VLOOKUP($F27,$E$88:$M$457,7,FALSE),"") | K27: =IF($F27<>0,VLOOKUP($F27,$E$88:$M$457,8,FALSE),"") | M27: =IF($L27<>0,VLOOKUP($F27,$E$88:$M$457,9,FALSE)*$L27,"") | N27: =IF($F27<>0,VLOOKUP($F27,$E$88:$M$457,5,FALSE),"") | O27: =IF(L27<>0,$L27*$N27,"")
I28: 발주물량 | J28: 리터(Liter) | K28: =SUM(M12:M26) -> 400 | M28: 발주 금액 | N28: 부가세별도 | O28: =SUM(O12:O27) -> 1584000
J29: 드럼(Drum) | K29: =$K$28/200 -> 2 | N29: 부가세포함 | O29: =O28*1.1 -> 1742400
L32: =#REF!+#REF!+#REF!+#REF! -> #REF!
L33: =+#REF!+#REF!+#REF!+#REF! -> #REF!
L34: =L33-L32 -> #REF!
B41: 발주서 기초자료
D44: 거래처명 | E44: 거래처코드 | G44: 배송지 | H44: 주소 | M44: 담당자 | N44: 연락처
D45: 화성창고-일반가 | E45: 194667 | G45: 영일-화성 | H45: 경기도 화성시 향남읍 구문천1길 43-9
D46: 화성창고-화성에너지 | E46: 200584 | G46: 영일 - 화성(에너지) | H46: 경기도 화성시 향남읍 구문천1길 43-9
D47: 화성창고-하이스코 | E47: 194729 | G47: 영일-현대제철(화성창고) | H47: 경기도 화성시 향남읍 구문천1길 43-9
D48: 화성창고-티센 | E48: 194638 | G48: 티센크루프엘리베이터코리아(주) | H48: 경기도 화성시 향남읍 구문천1길 43-9
D49: 화성창고-아주지오텍 | E49: 202724 | G49: 영일 - 아주지오텍(화성창고) | H49: 경기도 화성시 향남읍 구문천1길 43-9
D50: 화성창고-위아 | E50: 203805 | G50: 영일 - 위아(화성창고) | H50: 경기도 화성시 향남읍 구문천1길 43-9
D51: 화성창고-SEW | E51: 215691 | G51: 영일-SEW-화성창고 | H51: 경기도 화성시 향남읍 구문천1길 43-9
D52: 화성창고-SHILLA | E52: 208008 | G52: 영일-신라정밀-화성창고 | H52: 경기도 화성시 향남읍 구문천1길 43-9
D53: 화성창고-KORAIL-iL | E53: 207998 | G53: 영일-코레일-화성창고 | H53: 경기도 화성시 향남읍 구문천1길 43-9 | R53: `
D54: 화성창고-LG화학 | E54: 194819 | G54: 영일-(주)엘지화학 | H54: 충청남도 서산시 대산읍 독곶1로 54
D55: 화성창고-HYUNDAI E&C | E55: 229113 | G55: 영일-현대건설-화성 | H55: 경기도 화성시 향남읍 구문천1길 43-9
D56: 화성창고- LG Chemical | E56: 237074 | G56: 영일 - LG 화학 - 화성 | H56: 향남읍 구문천1길 43-9
D57: 화성창고-롯데케미칼 | E57: 231778 | G57: 영일 - 롯데케미칼 화성창고 | H57: 경기도 화성시 향남읍 구문천1길 43-9
D58: 화성창고-B2B MOP | E58: 272022
D59: 화성창고-MBK | E59: 211914
D60: 화성창고-롯데엠씨씨 | E60: 238419 | G60: 롯데엠씨씨(238419) | H60: 향남읍 구문천1길 43-9
D61: 영일-맥 테크 | E61: 278285
D62: 화성창고-심팩 | E62: 273231
D63: 화성창고-수산중공업 | E63: 278724
D64: 화성창고-보창 | E64: 272022
D65: 화성창고-AW(SP1) | E65: 273458
D66: 화성창고-세아창원특수강 WH | E66: 239950
D67: 화성창고-AW(SP1) | E67: 273458
D68: 화성창고-AW(SP2) | E68: 273459
D69: 영일-세아특수강 WH | E69: 279329
D70: 영일-현대건설 | E70: 222604
D73: 거래처구분 | E73: 거래처코드 | F73: 제품명 | G73: 제품명 | H73: 제품명 | I73: 가격 | J73: 제품코드 | K73: 포장단위 | L73: 제품라인 | M73: 단위물량
E74: 144165 | F74: MOBIL HYDRAULIC AW 32 PAIL 20L:KR | I74: 31200 | J74: 144165 | K74: PAIL | L74: IND | M74: 20 | N74: 34300 | O74: =I74=N74 -> FALSE
E75: 144166 | F75: MOBIL HYDRAULIC AW 32 DRUM 200L:KR | I75: 289000 | J75: 144166 | K75: DRUM | L75: IND | M75: 200 | N75: 318000 | O75: =I75=N75 -> FALSE
E76: 144167 | F76: MOBIL HYDRAULIC AW 46 PAIL 20L:KR | I76: 31200 | J76: 144167 | K76: PAIL | L76: IND | M76: 20 | N76: 34300 | O76: =I76=N76 -> FALSE
E77: 144168 | F77: MOBIL HYDRAULIC AW 46 DRUM 200L:KR | I77: 289000 | J77: 144168 | K77: DRUM | L77: IND | M77: 200 | N77: 318000 | O77: =I77=N77 -> FALSE
E78: 144169 | F78: MOBIL HYDRAULIC AW 68 PAIL 20L:KR | I78: 33900 | J78: 144169 | K78: PAIL | L78: IND | M78: 20 | N78: 35300 | O78: =I78=N78 -> FALSE
E79: 144170 | F79: MOBIL HYDRAULIC AW 68 DRUM 200L:KR | I79: 314000 | J79: 144170 | K79: DRUM | L79: IND | M79: 200 | N79: 328000 | O79: =I79=N79 -> FALSE
E80: 135916 | F80: MOBIL VACTRA NO.1 - DR200L | I80: 520000 | J80: 135916 | K80: DRUM | L80: IND | M80: 200 | N80: 547000 | O80: TRUE
E81: 139029 | F81: MOBIL VACTRA NO 2 SLC DRUM 200L:KR | I81: 508000 | J81: 139029 | K81: DRUM | L81: IND | M81: 200 | N81: 535000 | O81: TRUE
E82: 139030 | F82: MOBIL VACTRA NO 2 SLC PAIL 20L:KR | I82: 54300 | J82: 139030 | K82: PAIL | L82: IND | M82: 20 | N82: 54500 | O82: TRUE
E83: 139084 | F83: MOBIL VACTRA OIL NO 1 PAIL 20L:KR | I83: 55700 | J83: 139084 | K83: PAIL | L83: IND | M83: 20 | N83: 58600 | O83: TRUE
E84: 139085 | F84: MOBIL VACTRA OIL NO 2 DRUM 200L:KR | I84: 508000 | J84: 139085 | K84: DRUM | L84: IND | M84: 200 | N84: 535000 | O84: TRUE
E85: 139086 | F85: MOBIL VACTRA OIL NO 2 PAIL 20L:KR | I85: 54300 | J85: 139086 | K85: PAIL | L85: IND | M85: 20 | N85: 54500 | O85: TRUE
E86: 139087 | F86: MOBIL VACTRA OIL NO 4 DRUM 200L:KR | I86: 520000 | J86: 139087 | K86: DRUM | L86: IND | M86: 200 | N86: 547000 | O86: TRUE
E87: 139088 | F87: MOBIL VACTRA OIL NO 4 PAIL 20L:KR | I87: 55700 | J87: 139088 | K87: PAIL | L87: IND | M87: 20 | N87: 58600 | O87: TRUE
E88: 147133 | F88: MOBIL SHC 846 ULTRA DURM-M 200L | I88: 1198000 | J88: 147133 | K88: DRUM | L88: IND | M88: 200
E89: 120645 | F89: MOBILUBE 1 SHC 75W-90 DRUM 208L | I89: 2213000 | J89: 120645 | K89: DRUM | L89: CVL | M89: 200 | N89: 2213000 | O89: =I89=N89 -> TRUE
E90: 122916 | F90: MOBILUBE 1 SHC 75W-90 CTN 12X1L | I90: 140000 | J90: 122916 | K90: BOLG | L90: CVL | M90: 12 | N90: 140000 | O90: =I90=N90 -> TRUE
E91: 129171 | F91: MOBILUBE HD 80W-90 PAIL 20L | I91: 59700 | J91: 129171 | K91: PAIL | L91: CVL | M91: 20 | N91: 59700 | O91: =I91=N91 -> TRUE
E92: 129174 | F92: MOBILUBE HD 85W-140 PAIL 20L | I92: 70200 | J92: 129174 | K92: PAIL | L92: CVL | M92: 20 | N92: 70200 | O92: =I92=N92 -> TRUE
E93: 134989 | F93: MOBILUBE GX-A 80W PAIL 20L | I93: 90900 | J93: 134989 | K93: PAIL | L93: CVL | M93: 20 | N93: 90900 | O93: =I93=N93 -> TRUE
E94: 135691 | F94: MOBILUBE LS 85W-90 PAIL 20L | I94: 91100 | J94: 135691 | K94: PAIL | L94: CVL | M94: 20 | N94: 91100 | O94: =I94=N94 -> TRUE
E95: 138838 | F95: MOBIL HYDRAULIC 10W DRUM 200L | I95: 615000 | J95: 138838 | K95: DRUM | L95: CVL | M95: 200 | N95: 615000 | O95: =I95=N95 -> TRUE
E96: 138840 | F96: Mobil Delvac Hydraulic 10W 20L | I96: 65600 | J96: 138840 | K96: PAIL | L96: CVL | M96: 20 | N96: 65600 | O96: =I96=N96 -> TRUE
E97: 138851 | F97: MOBIL FLUID LT DRUM 208L | I97: 1193000 | J97: 138851 | K97: DRUM | L97: CVL | M97: 208 | N97: 1193000 | O97: =I97=N97 -> TRUE
E98: 138889 | F98: MOBILUBE GX 80W-90 DRUM 200L | I98: 520000 | J98: 138889 | K98: DRUM | L98: CVL | M98: 200 | N98: 520000 | O98: =I98=N98 -> TRUE
E99: 138890 | F99: MOBILUBE GX 80W-90 PAIL 20L | I99: 54000 | J99: 138890 | K99: PAIL | L99: CVL | M99: 20 | N99: 54000 | O99: =I99=N99 -> TRUE
E100: 138893 | F100: MOBILUBE HD 80W-90 DRUM 200L | I100: 552000 | J100: 138893 | K100: DRUM | L100: CVL | M100: 200 | N100: 552000 | O100: =I100=N100 -> TRUE
... E110: 143240 | F110: M DV ULTRA 5W-40 UP V1 CTN 4X4L | I110: 107800 | J110: 143240 | K110: BOSM | L110: CVL | M110: 16 | N110: 107800 | O110: =I110=N110 -> TRUE
E111: 138583 | F111: MOBIL ATF 220 CTN 12X1L:TW | I111: 44600 | J111: 138583 | K111: BOSM | L111: MBK | M111: 12 | N111: #N/A | O111: =I111=N111 -> #N/A
E112: 123205 | F112: MOBIL BRAKE FLUID DOT4 CTN 12X0.5L | I112: 60300 | J112: 123205 | K112: BOSM | L112: PVL | M112: 6 | N112: 60300 | O112: =I112=N112 -> TRUE
E113: 124476 | F113: MOBIL MULTIPURPOSE ATF PAIL 20L | I113: 63200 | J113: 124476 | K113: PAIL | L113: PVL | M113: 20 | N113: 63200 | O113: =I113=N113 -> TRUE
E114: 135080 | F114: MOBIL ANTIFREEZE EXTRA CTN 12X1L | I114: 110000 | J114: 135080 | K114: BOSM | L114: PVL | M114: 12 | N114: 110000 | O114: =I114=N114 -> TRUE
E115: 138806 | F115: MOBIL OUTBOARD PLUS CTN 24X0.414L | I115: 148600 | J115: 138806 | K115: BOLG | L115: PVL | M115: 9.94 | N115: 148600 | O115: =I115=N115 -> TRUE
E116: 138827 | F116: MOBIL MULTIPURPOSE ATF DRUM 200L | I116: 595000 | J116: 138827 | K116: DRUM | L116: PVL | M116: 200 | N116: 595000 | O116: =I116=N116 -> TRUE
E117: 138888 | F117: MOBILUBE 1 SHC 75W-90 PAIL 20L:KR | I117: 233000 | J117: 138888 | K117: PAIL | L117: PVL | M117: 20 | N117: 233000 | O117: =I117=N117 -> TRUE
E118: 138892 | F118: MOBILUBE GX 80W-90 CTN 4X4 | I118: 46500 | J118: 138892 | K118: BOLG | L118: PVL | M118: 16 | N118: 46500 | O118: =I118=N118 -> TRUE
E119: 142227 | F119: MOBIL DELVAC XHP ESP S 10W-40 DM 200L:KR | I119: 853000 | J119: 142227 | K119: DRUM | L119: PVL | M119: 200 | N119: #N/A | O119: =I119=N119 -> #N/A
E120: 140169 | F120: MOBIL Super 3000 FP 0W30 CTN 12X1L | I120: 62400 | J120: 140169 | K120: BOSM | L120: PVL | M120: 12 | N120: #N/A | O120: =I120=N120 -> #N/A
E121: 140657 | F121: MOBIL 1 5W30(SN) CTN 12X1L | I121: 118000 | J121: 140657 | K121: BOSM | L121: PVL | M121: 12 | N121: 118000 | O121: =I121=N121 -> TRUE
E122: 140660 | F122: MOBIL 1 0W-40(SN) CTN 12X1L | I122: 118000 | J122: 140660 | K122: BOSM | L122: PVL | M122: 12 | N122: 118000 | O122: =I122=N122 -> TRUE
E123: 140661 | F123: MOBIL 1 0W-40 DRUM 200L: KR | I123: 1789000 | J123: 140661 | K123: DRUM | L123: PVL | M123: 200 | N123: 1789000 | O123: =I123=N123 -> TRUE
E124: 141593 | F124: MOBIL SPECIAL PLUS 5W-30 DRUM 200L | I124: 479000 | J124: 141593 | K124: DRUM | L124: PVL | M124: 200 | N124: 479000 | O124: =I124=N124 -> TRUE
...

Sheet 양식1
B2: 발 주 서 | M2: 발주 접수처 (엑슨모빌 중국 상하이 고객지원팀)
M3: · 부서메일주소 : koreadcp@exxonmobil.com
M4: · 수신부담팩스 : 00798 8521 8501
M5: · 수신부담전화 : 00798 8521 8503
B7: 대리점명 | D7: (주)영일오엔씨 | F7: 대리점코드 | G7: 모빌(194637) | K7: 발주일 | L7: =TODAY() -> 45981 | N7: 납기일 | O7: =TODAY()+1 -> 45982
B8: 전화번호 | D8: 02-2693-5189 | F8: 팩스번호 | G8: 02-2693-5902 | K8: 담당자 | L8: 조윤석 팀장 | N8: 연락처 | O8: 031-8059-5151
B9: 주소 | K9: 납 지 | L9: 영일-화성 | M9: =IF($L9<>0,VLOOKUP($L9,$G$45:$K$70,2,FALSE),"") -> 경기도 화성시 향남읍 구문천1길 43-9
B11: 순번 (No.) | C11: 발주처 | D11: 거래처명 (Ship to) | E11: 코드번호 (Child Code) | F11: 제품코드 (P-Code) | G11: 제품명 (Product Name) | J11: 규격 (Package) | K11: 제품군 (Lob) | L11: 수량 (Quanty) | M11: 물량/리터 (Volume) | N11: 단가 (Unit Price) | O11: 금액(별도) (Amounts) | P11: 오더번호 | R11: 발주단위 | U11: 금액(포함) | V11: 미출수량 | W11: 중복 | X11: 전일발주수량 | Y11: 단가 | Z11: 확인
B12: 1 | C12: 한화토탈에너지 | D12: 화성창고-일반가 | E12: =IF($D12<>0,VLOOKUP($D12,$D$45:$E$71,2,FALSE),"") -> 194667 | F12: 139600 | G12: =IF($F12<>0,VLOOKUP($F12,$E$73:$M$535,2,FALSE),"") -> MOBIL SHC GEAR 320 WT PAIL 20L:KR | J12: =IF($F12<>0,VLOOKUP($F12,$E$73:$M$535,7,FALSE),"") -> PAIL | K12: =IF($F12<>0,VLOOKUP($F12,$E$73:$M$535,8,FALSE),"") -> IND | L12: 6 | M12: =IF($L12<>0,VLOOKUP($F12,$E$73:$M$535,9,FALSE)*$L12,"") -> 120 | N12: =IF($F12<>0,VLOOKUP($F12,$E$53:$L$543,5,FALSE),"") -> 482000 | O12: =IF(L12<>0,$L12*$N12,"") -> 2892000 | P12: 0 | R12: =VLOOKUP(F12,'파레트 제품 리스트'!$B:$F,4,0) -> MIX (28) | S12: =VLOOKUP(F12,'파레트 제품 리스트'!$B:$F,5,0) -> 1 | U12: =O12*1.1 -> 3181200
B13: 2 | C13: 빠라베에사 | D13: 화성창고-일반가 | E13: =IF($D13<>0,VLOOKUP($D13,$D$45:$E$71,2,FALSE),"") -> 194667 | F13: 143985 | G13: =IF($F13<>0,VLOOKUP($F13,$E$73:$M$535,2,FALSE),"") -> MOBIL SHC 630 DRUM 208L:SG | J13: =IF($F13<>0,VLOOKUP($F13,$E$73:$M$535,7,FALSE),"") -> DRUM | K13: =IF($F13<>0,VLOOKUP($F13,$E$73:$M$535,8,FALSE),"") -> IND | L13: 1 | M13: =IF($L13<>0,VLOOKUP($F13,$E$73:$M$535,9,FALSE)*$L13,"") -> 208 | N13: =IF($F13<>0,VLOOKUP($F13,$E$53:$L$543,5,FALSE),"") -> 2763000 | O13: =IF(L13<>0,$L13*$N13,"") -> 2763000 | P13: 0 | R13: =VLOOKUP(F13,'파레트 제품 리스트'!$B:$F,4,0) -> #N/A | S13: =VLOOKUP(F13,'파레트 제품 리스트'!$B:$F,5,0) -> #N/A | U13: =O13*1.1 -> 3039300
B14: 3 | C14: 서부산업 | D14: 화성창고-일반가 | E14: =IF($D14<>0,VLOOKUP($D14,$D$45:$E$71,2,FALSE),"") -> 194667 | F14: 135836 | G14: =IF($F14<>0,VLOOKUP($F14,$E$73:$M$535,2,FALSE),"") -> MOBIL GARGOYLE ARCTIC SHC 230 DRUM 208L | J14: =IF($F14<>0,VLOOKUP($F14,$E$73:$M$535,7,FALSE),"") -> DRUM | K14: =IF($F14<>0,VLOOKUP($F14,$E$73:$M$535,8,FALSE),"") -> IND | L14: 1 | M14: =IF($L14<>0,VLOOKUP($F14,$E$73:$M$535,9,FALSE)*$L14,"") -> 208 | N14: =IF($F14<>0,VLOOKUP($F14,$E$53:$L$543,5,FALSE),"") -> 3321000 | O14: =IF(L14<>0,$L14*$N14,"") -> 3321000 | P14: 0 | R14: =VLOOKUP(F14,'파레트 제품 리스트'!$B:$F,4,0) -> DRUM | S14: =VLOOKUP(F14,'파레트 제품 리스트'!$B:$F,5,0) -> 1 | U14: =O14*1.1 -> 3653100
B15: 2 | D15: 화성창고-일반가 | E15: =IF($D15<>0,VLOOKUP($D15,$D$45:$E$71,2,FALSE),"") -> 194667 | F15: 139105 | G15: =IF($F15<>0,VLOOKUP($F15,$E$73:$M$535,2,FALSE),"") -> MOBILTHERM 603 DRUM 200L:KR | J15: =IF($F15<>0,VLOOKUP($F15,$E$73:$M$535,7,FALSE),"") -> DRUM | K15: =IF($F15<>0,VLOOKUP($F15,$E$73:$M$535,8,FALSE),"") -> IND | L15: 2 | M15: =IF($L15<>0,VLOOKUP($F15,$E$73:$M$535,9,FALSE)*$L15,"") -> 400 | N15: =IF($F15<>0,VLOOKUP($F15,$E$53:$L$543,5,FALSE),"") -> 628000 | O15: =IF(L15<>0,$L15*$N15,"") -> 1256000 | P15: 16 | R15: =VLOOKUP(F15,'파레트 제품 리스트'!$B:$F,4,0) -> DRUM | S15: =VLOOKUP(F15,'파레트 제품 리스트'!$B:$F,5,0) -> 1 | U15: =O15*1.1 -> 1381600
B16: 3 | D16: 화성창고-일반가 | E16: =IF($D16<>0,VLOOKUP($D16,$D$45:$E$71,2,FALSE),"") -> 194667 | F16: 144277 | G16: =IF($F16<>0,VLOOKUP($F16,$E$73:$M$535,2,FALSE),"") -> MOBIL VACUOLINE 1409 PAIL 20L | J16: =IF($F16<>0,VLOOKUP($F16,$E$73:$M$535,7,FALSE),"") -> PAIL | K16: =IF($F16<>0,VLOOKUP($F16,$E$73:$M$535,8,FALSE),"") -> IND | L16: 42 | M16: =IF($L16<>0,VLOOKUP($F16,$E$73:$M$535,9,FALSE)*$L16,"") -> 840 | N16: =IF($F16<>0,VLOOKUP($F16,$E$53:$L$543,5,FALSE),"") -> 46600 | O16: =IF(L16<>0,$L16*$N16,"") -> 1957200 | P16: 251 | R16: =VLOOKUP(F16,'파레트 제품 리스트'!$B:$F,4,0) -> Full | S16: =VLOOKUP(F16,'파레트 제품 리스트'!$B:$F,5,0) -> 42 | U16: =O16*1.1 -> 2152920
B17: 4 | D17: 화성창고-일반가 | E17: =IF($D17<>0,VLOOKUP($D17,$D$45:$E$71,2,FALSE),"") -> 194667 | F17: 148688 | G17: =IF($F17<>0,VLOOKUP($F17,$E$73:$M$535,2,FALSE),"") -> MOBIL VACUO 533-PL20L | J17: =IF($F17<>0,VLOOKUP($F17,$E$73:$M$535,7,FALSE),"") -> PAIL | K17: =IF($F17<>0,VLOOKUP($F17,$E$73:$M$535,8,FALSE),"") -> IND | L17: 14 | M17: =IF($L17<>0,VLOOKUP($F17,$E$73:$M$535,9,FALSE)*$L17,"") -> 280 | N17: =IF($F17<>0,VLOOKUP($F17,$E$53:$L$543,5,FALSE),"") -> 69500 | O17: =IF(L17<>0,$L17*$N17,"") -> 973000 | P17: 23 | R17: =VLOOKUP(F17,'파레트 제품 리스트'!$B:$F,4,0) -> MIX (28) | S17: =VLOOKUP(F17,'파레트 제품 리스트'!$B:$F,5,0) -> 1 | U17: =O17*1.1 -> 1070300
B18: 5 | D18: 화성창고-위아 | E18: =IF($D18<>0,VLOOKUP($D18,$D$45:$E$71,2,FALSE),"") -> 203805 | F18: 139101 | G18: =IF($F18<>0,VLOOKUP($F18,$E$73:$M$535,2,FALSE),"") -> MOBIL VELOCITE NO 3 DRUM 200L:KR | J18: =IF($F18<>0,VLOOKUP($F18,$E$73:$M$535,7,FALSE),"") -> DRUM | K18: =IF($F18<>0,VLOOKUP($F18,$E$73:$M$535,8,FALSE),"") -> IND | L18: 2 | M18: =IF($L18<>0,VLOOKUP($F18,$E$73:$M$535,9,FALSE)*$L18,"") -> 400 | N18: 490000 | O18: =IF(L18<>0,$L18*$N18,"") -> 980000 | P18: 22 | R18: =VLOOKUP(F18,'파레트 제품 리스트'!$B:$F,4,0) -> DRUM | S18: =VLOOKUP(F18,'파레트 제품 리스트'!$B:$F,5,0) -> 1 | U18: =O18*1.1 -> 1078000
B19: 6 | D19: 화성창고-일반가 | E19: =IF($D19<>0,VLOOKUP($D19,$D$45:$E$71,2,FALSE),"") -> 194667 | F19: 140202 | G19: =IF($F19<>0,VLOOKUP($F19,$E$73:$M$535,2,FALSE),"") -> MOBILITH SHC 220 PAIL 16KG:SG | J19: =IF($F19<>0,VLOOKUP($F19,$E$73:$M$535,7,FALSE),"") -> PAIL | K19: =IF($F19<>0,VLOOKUP($F19,$E$73:$M$535,8,FALSE),"") -> IND | L19: 8 | M19: =IF($L19<>0,VLOOKUP($F19,$E$73:$M$535,9,FALSE)*$L19,"") -> 128 | N19: =IF($F19<>0,VLOOKUP($F19,$E$53:$L$543,5,FALSE),"") -> 352000 | O19: =IF(L19<>0,$L19*$N19,"") -> 2816000 | P19: 72 | R19: =VLOOKUP(F19,'파레트 제품 리스트'!$B:$F,4,0) -> MIX (28) | S19: =VLOOKUP(F19,'파레트 제품 리스트'!$B:$F,5,0) -> 1 | U19: =O19*1.1 -> 3097600
B20: 9 | D20: 화성창고-일반가 | E20: =IF($D20<>0,VLOOKUP($D20,$D$45:$E$71,2,FALSE),"") -> 194667 | F20: 139107 | G20: =IF($F20<>0,VLOOKUP($F20,$E$73:$M$535,2,FALSE),"") -> MOBIL PEGASUS 610 DRUM 200L:KR | J20: =IF($F20<>0,VLOOKUP($F20,$E$73:$M$535,7,FALSE),"") -> DRUM | K20: =IF($F20<>0,VLOOKUP($F20,$E$73:$M$535,8,FALSE),"") -> IND | L20: 8 | M20: =IF($L20<>0,VLOOKUP($F20,$E$73:$M$535,9,FALSE)*$L20,"") -> 1600 | N20: =IF($F20<>0,VLOOKUP($F20,$E$53:$L$543,5,FALSE),"") -> 630000 | O20: =IF(L20<>0,$L20*$N20,"") -> 5040000 | P20: 40 | R20: =VLOOKUP(F20,'파레트 제품 리스트'!$B:$F,4,0) -> DRUM | S20: =VLOOKUP(F20,'파레트 제품 리스트'!$B:$F,5,0) -> 1 | U20: =O20*1.1 -> 5544000
B21: 10 | E21: =IF($D21<>0,VLOOKUP($D21,$D$45:$E$71,2,FALSE),"") | G21: =IF($F21<>0,VLOOKUP($F21,$E$73:$M$535,2,FALSE),"") | J21: =IF($F21<>0,VLOOKUP($F21,$E$73:$M$535,7,FALSE),"") | K21: =IF($F21<>0,VLOOKUP($F21,$E$73:$M$535,8,FALSE),"") | M21: =IF($L21<>0,VLOOKUP($F21,$E$73:$M$535,9,FALSE)*$L21,"") | N21: =IF($F21<>0,VLOOKUP($F21,$E$53:$L$543,5,FALSE),"") | O21: =IF(L21<>0,$L21*$N21,"") | R21: =VLOOKUP(F21,'파레트 제품 리스트'!$B:$F,4,0) -> #N/A | S21: =VLOOKUP(F21,'파레트 제품 리스트'!$B:$F,5,0) -> #N/A | U21: =O21*1.1 -> #VALUE!
B22: 11 | E22: =IF($D22<>0,VLOOKUP($D22,$D$45:$E$71,2,FALSE),"") | G22: =IF($F22<>0,VLOOKUP($F22,$E$73:$M$535,2,FALSE),"") | J22: =IF($F22<>0,VLOOKUP($F22,$E$73:$M$535,7,FALSE),"") | K22: =IF($F22<>0,VLOOKUP($F22,$E$73:$M$535,8,FALSE),"") | M22: =IF($L22<>0,VLOOKUP($F22,$E$73:$M$535,9,FALSE)*$L22,"") | N22: =IF($F22<>0,VLOOKUP($F22,$E$53:$L$543,5,FALSE),"") | O22: =IF(L22<>0,$L22*$N22,"") | R22: =VLOOKUP(F22,'파레트 제품 리스트'!$B:$F,4,0) -> #N/A | S22: =VLOOKUP(F22,'파레트 제품 리스트'!$B:$F,5,0) -> #N/A | U22: =O22*1.1 -> #VALUE!
B23: 12 | E23: =IF($D23<>0,VLOOKUP($D23,$D$45:$E$71,2,FALSE),"") | G23: =IF($F23<>0,VLOOKUP($F23,$E$73:$M$535,2,FALSE),"") | J23: =IF($F23<>0,VLOOKUP($F23,$E$73:$M$535,7,FALSE),"") | K23: =IF($F23<>0,VLOOKUP($F23,$E$73:$M$535,8,FALSE),"") | M23: =IF($L23<>0,VLOOKUP($F23,$E$73:$M$535,9,FALSE)*$L23,"") | N23: =IF($F23<>0,VLOOKUP($F23,$E$53:$L$543,5,FALSE),"") | O23: =IF(L23<>0,$L23*$N23,"") | R23: =VLOOKUP(F23,'파레트 제품 리스트'!$B:$F,4,0) -> #N/A | S23: =VLOOKUP(F23,'파레트 제품 리스트'!$B:$F,5,0) -> #N/A | U23: =O23*1.1 -> #VALUE!
B24: 13 | E24: =IF($D24<>0,VLOOKUP($D24,$D$45:$E$71,2,FALSE),"") | G24: =IF($F24<>0,VLOOKUP($F24,$E$73:$M$535,2,FALSE),"") | J24: =IF($F24<>0,VLOOKUP($F24,$E$73:$M$535,7,FALSE),"") | K24: =IF($F24<>0,VLOOKUP($F24,$E$73:$M$535,8,FALSE),"") | M24: =IF($L24<>0,VLOOKUP($F24,$E$73:$M$535,9,FALSE)*$L24,"") | N24: =IF($F24<>0,VLOOKUP($F24,$E$53:$L$543,5,FALSE),"") | O24: =IF(L24<>0,$L24*$N24,"") | R24: =VLOOKUP(F24,'파레트 제품 리스트'!$B:$F,4,0) -> #N/A | S24: =VLOOKUP(F24,'파레트 제품 리스트'!$B:$F,5,0) -> #N/A | U24: =O24*1.1 -> #VALUE!
B25: 14 | E25: =IF($D25<>0,VLOOKUP($D25,$D$45:$E$71,2,FALSE),"") | G25: =IF($F25<>0,VLOOKUP($F25,$E$73:$M$535,2,FALSE),"") | J25: =IF($F25<>0,VLOOKUP($F25,$E$73:$M$535,7,FALSE),"") | K25: =IF($F25<>0,VLOOKUP($F25,$E$73:$M$535,8,FALSE),"") | M25: =IF($L25<>0,VLOOKUP($F25,$E$73:$M$535,9,FALSE)*$L25,"") | N25: =IF($F25<>0,VLOOKUP($F25,$E$53:$L$543,5,FALSE),"") | O25: =IF(L25<>0,$L25*$N25,"") | R25: =VLOOKUP(F25,'파레트 제품 리스트'!$B:$F,4,0) -> #N/A | S25: =VLOOKUP(F25,'파레트 제품 리스트'!$B:$F,5,0) -> #N/A | U25: =O25*1.1 -> #VALUE!
B26: 15 | G26: =IF($F26<>0,VLOOKUP($F26,$E$73:$M$535,2,FALSE),"") | J26: =IF($F26<>0,VLOOKUP($F26,$E$73:$M$535,7,FALSE),"") | K26: =IF($F26<>0,VLOOKUP($F26,$E$73:$M$535,8,FALSE),"") | M26: =IF($L26<>0,VLOOKUP($F26,$E$73:$M$535,9,FALSE)*$L26,"") | N26: =IF($F26<>0,VLOOKUP($F26,$E$53:$L$543,5,FALSE),"") | O26: =IF(L26<>0,$L26*$N26,"") | U26: =O26*1.1 -> #VALUE!
J27: =IF($F27<>0,VLOOKUP($F27,$E$88:$M$457,7,FALSE),"") | K27: =IF($F27<>0,VLOOKUP($F27,$E$88:$M$457,8,FALSE),"") | M27: =IF($L27<>0,VLOOKUP($F27,$E$88:$M$457,9,FALSE)*$L27,"") | N27: =IF($F27<>0,VLOOKUP($F27,$E$88:$M$457,5,FALSE),"") | O27: =IF(L27<>0,$L27*$N27,"")
I28: 발주물량 | J28: 리터(Liter) | K28: =SUM(M12:M26) -> 4184 | M28: 발주 금액 | N28: 부가세별도 | O28: =SUM(O12:O27) -> 21998200
J29: 드럼(Drum) | K29: =$K$28/200 -> 20.92 | N29: 부가세포함 | O29: =O28*1.1 -> 24198020
L32: =#REF!+#REF!+#REF!+#REF! -> #REF!
L33: =+#REF!+#REF!+#REF!+#REF! -> #REF!
L34: =L33-L32 -> #REF!
B41: 발주서 기초자료
D44: 거래처명 | E44: 거래처코드 | G44: 배송지 | H44: 주소 | M44: 담당자 | N44: 연락처
D45: 화성창고-일반가 | E45: 194667 | G45: 영일-화성 | H45: 경기도 화성시 향남읍 구문천1길 43-9
D46: 화성창고-화성에너지 | E46: 200584 | G46: 영일 - 화성(에너지) | H46: 경기도 화성시 향남읍 구문천1길 43-9
D47: 화성창고-하이스코 | E47: 194729 | G47: 영일-현대제철(화성창고) | H47: 경기도 화성시 향남읍 구문천1길 43-9
D48: 화성창고-티센 | E48: 194638 | G48: 티센크루프엘리베이터코리아(주) | H48: 경기도 화성시 향남읍 구문천1길 43-9
D49: 화성창고-아주지오텍 | E49: 202724 | G49: 영일 - 아주지오텍(화성창고) | H49: 경기도 화성시 향남읍 구문천1길 43-9
D50: 화성창고-위아 | E50: 203805 | G50: 영일 - 위아(화성창고) | H50: 경기도 화성시 향남읍 구문천1길 43-9
D51: 화성창고-SEW | E51: 215691 | G51: 영일-SEW-화성창고 | H51: 경기도 화성시 향남읍 구문천1길 43-9
D52: 화성창고-SHILLA | E52: 208008 | G52: 영일-신라정밀-화성창고 | H52: 경기도 화성시 향남읍 구문천1길 43-9
D53: 화성창고-KORAIL-iL | E53: 207998 | G53: 영일-코레일-화성창고 | H53: 경기도 화성시 향남읍 구문천1길 43-9 | R53: `
D54: 화성창고-LG화학 | E54: 194819 | G54: 영일-(주)엘지화학 | H54: 충청남도 서산시 대산읍 독곶1로 54
D55: 화성창고-HYUNDAI E&C | E55: 229113 | G55: 영일-현대건설-화성 | H55: 경기도 화성시 향남읍 구문천1길 43-9
D56: 화성창고- LG Chemical | E56: 237074 | G56: 영일 - LG 화학 - 화성 | H56: 향남읍 구문천1길 43-9
D57: 화성창고-롯데케미칼 | E57: 231778 | G57: 영일 - 롯데케미칼 화성창고 | H57: 경기도 화성시 향남읍 구문천1길 43-9
D58: 화성창고-B2B MOP | E58: 272022
D59: 화성창고-MBK | E59: 211914
D60: 화성창고-롯데엠씨씨 | E60: 238419 | G60: 롯데엠씨씨(238419) | H60: 향남읍 구문천1길 43-9
D61: 영일-맥 테크 | E61: 278285
D62: 화성창고-심팩 | E62: 273231
D63: 화성창고-수산중공업 | E63: 278724
D64: 화성창고-보창 | E64: 272022
D65: 화성창고-AW(SP1) | E65: 273458
D66: 화성창고-세아창원특수강 WH | E66: 239950
D67: 화성창고-AW(SP1) | E67: 273458
D68: 화성창고-AW(SP2) | E68: 273459
D69: 영일-세아특수강 WH | E69: 279329
D70: 영일-현대건설 | E70: 222604
D73: 거래처구분 | E73: 거래처코드 | F73: 제품명 | G73: 제품명 | H73: 제품명 | I73: 가격 | J73: 제품코드 | K73: 포장단위 | L73: 제품라인 | M73: 단위물량
E74: 144165 | F74: MOBIL HYDRAULIC AW 32 PAIL 20L:KR | I74: 31200 | J74: 144165 | K74: PAIL | L74: IND | M74: 20 | N74: 34300 | O74: =I74=N74 -> FALSE
E75: 144166 | F75: MOBIL HYDRAULIC AW 32 DRUM 200L:KR | I75: 289000 | J75: 144166 | K75: DRUM | L75: IND | M75: 200 | N75: 318000 | O75: =I75=N75 -> FALSE
E76: 144167 | F76: MOBIL HYDRAULIC AW 46 PAIL 20L:KR | I76: 31200 | J76: 144167 | K76: PAIL | L76: IND | M76: 20 | N76: 34300 | O76: =I76=N76 -> FALSE
E77: 144168 | F77: MOBIL HYDRAULIC AW 46 DRUM 200L:KR | I77: 289000 | J77: 144168 | K77: DRUM | L77: IND | M77: 200 | N77: 318000 | O77: =I77=N77 -> FALSE
E78: 144169 | F78: MOBIL HYDRAULIC AW 68 PAIL 20L:KR | I78: 33900 | J78: 144169 | K78: PAIL | L78: IND | M78: 20 | N78: 35300 | O78: =I78=N78 -> FALSE
E79: 144170 | F79: MOBIL HYDRAULIC AW 68 DRUM 200L:KR | I79: 314000 | J79: 144170 | K79: DRUM | L79: IND | M79: 200 | N79: 328000 | O79: =I79=N79 -> FALSE
E80: 135916 | F80: MOBIL VACTRA NO.1 - DR200L | I80: 520000 | J80: 135916 | K80: DRUM | L80: IND | M80: 200 | N80: 547000 | O80: TRUE
E81: 139029 | F81: MOBIL VACTRA NO 2 SLC DRUM 200L:KR | I81: 508000 | J81: 139029 | K81: DRUM | L81: IND | M81: 200 | N81: 535000 | O81: TRUE
E82: 139030 | F82: MOBIL VACTRA NO 2 SLC PAIL 20L:KR | I82: 54300 | J82: 139030 | K82: PAIL | L82: IND | M82: 20 | N82: 54500 | O82: TRUE
E83: 139084 | F83: MOBIL VACTRA OIL NO 1 PAIL 20L:KR | I83: 55700 | J83: 139084 | K83: PAIL | L83: IND | M83: 20 | N83: 58600 | O83: TRUE
E84: 139085 | F84: MOBIL VACTRA OIL NO 2 DRUM 200L:KR | I84: 508000 | J84: 139085 | K84: DRUM | L84: IND | M84: 200 | N84: 535000 | O84: TRUE
E85: 139086 | F85: MOBIL VACTRA OIL NO 2 PAIL 20L:KR | I85: 54300 | J85: 139086 | K85: PAIL | L85: IND | M85: 20 | N85: 54500 | O85: TRUE
E86: 139087 | F86: MOBIL VACTRA OIL NO 4 DRUM 200L:KR | I86: 520000 | J86: 139087 | K86: DRUM | L86: IND | M86: 200 | N86: 547000 | O86: TRUE
E87: 139088 | F87: MOBIL VACTRA OIL NO 4 PAIL 20L:KR | I87: 55700 | J87: 139088 | K87: PAIL | L87: IND | M87: 20 | N87: 58600 | O87: TRUE
E88: 147133 | F88: MOBIL SHC 846 ULTRA DURM-M 200L | I88: 1198000 | J88: 147133 | K88: DRUM | L88: IND | M88: 200
E89: 120645 | F89: MOBILUBE 1 SHC 75W-90 DRUM 208L | I89: 2213000 | J89: 120645 | K89: DRUM | L89: CVL | M89: 200 | N89: 2213000 | O89: =I89=N89 -> TRUE
E90: 122916 | F90: MOBILUBE 1 SHC 75W-90 CTN 12X1L | I90: 140000 | J90: 122916 | K90: BOLG | L90: CVL | M90: 12 | N90: 140000 | O90: =I90=N90 -> TRUE
E91: 129171 | F91: MOBILUBE HD 80W-90 PAIL 20L | I91: 59700 | J91: 129171 | K91: PAIL | L91: CVL | M91: 20 | N91: 59700 | O91: =I91=N91 -> TRUE
E92: 129174 | F92: MOBILUBE HD 85W-140 PAIL 20L | I92: 70200 | J92: 129174 | K92: PAIL | L92: CVL | M92: 20 | N92: 70200 | O92: =I92=N92 -> TRUE
E93: 134989 | F93: MOBILUBE GX-A 80W PAIL 20L | I93: 90900 | J93: 134989 | K93: PAIL | L93: CVL | M93: 20 | N93: 90900 | O93: =I93=N93 -> TRUE
E94: 135691 | F94: MOBILUBE LS 85W-90 PAIL 20L | I94: 91100 | J94: 135691 | K94: PAIL | L94: CVL | M94: 20 | N94: 91100 | O94: =I94=N94 -> TRUE
E95: 138838 | F95: MOBIL HYDRAULIC 10W DRUM 200L | I95: 615000 | J95: 138838 | K95: DRUM | L95: CVL | M95: 200 | N95: 615000 | O95: =I95=N95 -> TRUE
E96: 138840 | F96: Mobil Delvac Hydraulic 10W 20L | I96: 65600 | J96: 138840 | K96: PAIL | L96: CVL | M96: 20 | N96: 65600 | O96: =I96=N96 -> TRUE
E97: 138851 | F97: MOBIL FLUID LT DRUM 208L | I97: 1193000 | J97: 138851 | K97: DRUM | L97: CVL | M97: 208 | N97: 1193000 | O97: =I97=N97 -> TRUE
E98: 138889 | F98: MOBILUBE GX 80W-90 DRUM 200L | I98: 520000 | J98: 138889 | K98: DRUM | L98: CVL | M98: 200 | N98: 520000 | O98: =I98=N98 -> TRUE
E99: 138890 | F99: MOBILUBE GX 80W-90 PAIL 20L | I99: 54000 | J99: 138890 | K99: PAIL | L99: CVL | M99: 20 | N99: 54000 | O99: =I99=N99 -> TRUE
E100: 138893 | F100: MOBILUBE HD 80W-90 DRUM 200L | I100: 552000 | J100: 138893 | K100: DRUM | L100: CVL | M100: 200 | N100: 552000 | O100: =I100=N100 -> TRUE
... E110: 143240 | F110: M DV ULTRA 5W-40 UP V1 CTN 4X4L | I110: 107800 | J110: 143240 | K110: BOSM | L110: CVL | M110: 16 | N110: 107800 | O110: =I110=N110 -> TRUE
E111: 138583 | F111: MOBIL ATF 220 CTN 12X1L:TW | I111: 44600 | J111: 138583 | K111: BOSM | L111: MBK | M111: 12 | N111: #N/A | O111: =I111=N111 -> #N/A
E112: 123205 | F112: MOBIL BRAKE FLUID DOT4 CTN 12X0.5L | I112: 60300 | J112: 123205 | K112: BOSM | L112: PVL | M112: 6 | N112: 60300 | O112: =I112=N112 -> TRUE
E113: 124476 | F113: MOBIL MULTIPURPOSE ATF PAIL 20L | I113: 63200 | J113: 124476 | K113: PAIL | L113: PVL | M113: 20 | N113: 63200 | O113: =I113=N113 -> TRUE
E114: 135080 | F114: MOBIL ANTIFREEZE EXTRA CTN 12X1L | I114: 110000 | J114: 135080 | K114: BOSM | L114: PVL | M114: 12 | N114: 110000 | O114: =I114=N114 -> TRUE
E115: 138806 | F115: MOBIL OUTBOARD PLUS CTN 24X0.414L | I115: 148600 | J115: 138806 | K115: BOLG | L115: PVL | M115: 9.94 | N115: 148600 | O115: =I115=N115 -> TRUE
E116: 138827 | F116: MOBIL MULTIPURPOSE ATF DRUM 200L | I116: 595000 | J116: 138827 | K116: DRUM | L116: PVL | M116: 200 | N116: 595000 | O116: =I116=N116 -> TRUE
E117: 138888 | F117: MOBILUBE 1 SHC 75W-90 PAIL 20L:KR | I117: 233000 | J117: 138888 | K117: PAIL | L117: PVL | M117: 20 | N117: 233000 | O117: =I117=N117 -> TRUE
E118: 138892 | F118: MOBILUBE GX 80W-90 CTN 4X4 | I118: 46500 | J118: 138892 | K118: BOLG | L118: PVL | M118: 16 | N118: 46500 | O118: =I118=N118 -> TRUE
E119: 142227 | F119: MOBIL DELVAC XHP ESP S 10W-40 DM 200L:KR | I119: 853000 | J119: 142227 | K119: DRUM | L119: PVL | M119: 200 | N119: #N/A | O119: =I119=N119 -> #N/A
E120: 140169 | F120: MOBIL Super 3000 FP 0W30 CTN 12X1L | I120: 62400 | J120: 140169 | K120: BOSM | L120: PVL | M120: 12 | N120: #N/A | O120: =I120=N120 -> #N/A
E121: 140657 | F121: MOBIL 1 5W30(SN) CTN 12X1L | I121: 118000 | J121: 140657 | K121: BOSM | L121: PVL | M121: 12 | N121: 118000 | O121: =I121=N121 -> TRUE
E122: 140660 | F122: MOBIL 1 0W-40(SN) CTN 12X1L | I122: 118000 | J122: 140660 | K122: BOSM | L122: PVL | M122: 12 | N122: 118000 | O122: =I122=N122 -> TRUE
E123: 140661 | F123: MOBIL 1 0W-40 DRUM 200L: KR | I123: 1789000 | J123: 140661 | K123: DRUM | L123: PVL | M123: 200 | N123: 1789000 | O123: =I123=N123 -> TRUE
E124: 141593 | F124: MOBIL SPECIAL PLUS 5W-30 DRUM 200L | I124: 479000 | J124: 141593 | K124: DRUM | L124: PVL | M124: 200 | N124: 479000 | O124: =I124=N124 -> TRUE
...

Sheet 양식2
B2: 발 주 서 | M2: 발주 접수처 (엑슨모빌 중국 상하이 고객지원팀)
M3: · 부서메일주소 : koreadcp@exxonmobil.com
M4: · 수신부담팩스 : 00798 8521 8501
M5: · 수신부담전화 : 00798 8521 8503
B7: 대리점명 | D7: (주)영일오엔씨 | F7: 대리점코드 | G7: 모빌(194637) | K7: 발주일 | L7: =TODAY() -> 45981 | N7: 납기일 | O7: =TODAY()+1 -> 45982
B8: 전화번호 | D8: 02-2693-5189 | F8: 팩스번호 | G8: 02-2693-5902 | K8: 담당자 | L8: 조윤석 팀장 | N8: 연락처 | O8: 031-8059-5151
B9: 주소 | K9: 납 지 | L9: 영일-화성 | M9: =IF($L9<>0,VLOOKUP($L9,$G$45:$K$68,2,FALSE),"") -> 경기도 화성시 향남읍 구문천1길 43-9
B11: 순번 (No.) | C11: 발주처 | D11: 거래처명 (Ship to) | E11: 코드번호 (Child Code) | F11: 제품코드 (P-Code) | G11: 제품명 (Product Name) | J11: 규격 (Package) | K11: 제품군 (Lob) | L11: 수량 (Quanty) | M11: 물량/리터 (Volume) | N11: 단가 (Unit Price) | O11: 금액(별도) (Amounts) | P11: 오더번호 | R11: 발주단위 | U11: 금액(포함) | V11: 미출수량 | W11: 중복 | X11: 전일발주수량 | Y11: 단가 | Z11: 확인
B12: 1 | C12: 남부지사 | D12: 화성창고-일반가 | E12: =IF($D12<>0,VLOOKUP($D12,$D$45:$E$73,2,FALSE),"") -> 194667 | F12: 141742 | G12: =IF($F12<>0,VLOOKUP($F12,$E$81:$M$537,2,FALSE),"") -> MOBIL DTE 24 ULTRA DRUM 200L:KR | J12: =IF($F12<>0,VLOOKUP($F12,$E$81:$M$537,7,FALSE),"") -> DRUM | K12: =IF($F12<>0,VLOOKUP($F12,$E$81:$M$537,8,FALSE),"") -> IND | L12: 20 | M12: =IF($L12<>0,VLOOKUP($F12,$E$81:$M$537,9,FALSE)*$L12,"") -> 4000 | N12: =IF($F12<>0,VLOOKUP($F12,$E$53:$L$545,5,FALSE),"") -> 492000 | O12: =IF(L12<>0,$L12*$N12,"") -> 9840000 | P12: 15 | R12: =VLOOKUP(F12,'파레트 제품 리스트'!$B:$F,4,0) -> DRUM | S12: =VLOOKUP(F12,'파레트 제품 리스트'!$B:$F,5,0) -> 1 | U12: =O12*1.1 -> 10824000
B13: 2 | C13: 동부상사 | D13: 화성창고-일반가 | E13: =IF($D13<>0,VLOOKUP($D13,$D$45:$E$73,2,FALSE),"") -> 194667 | F13: 139125 | G13: =IF($F13<>0,VLOOKUP($F13,$E$81:$M$537,2,FALSE),"") -> MOBILGEAR 600 XP 68 DRUM 200L:KR | J13: =IF($F13<>0,VLOOKUP($F13,$E$81:$M$537,7,FALSE),"") -> DRUM | K13: =IF($F13<>0,VLOOKUP($F13,$E$81:$M$537,8,FALSE),"") -> IND | L13: 5 | M13: =IF($L13<>0,VLOOKUP($F13,$E$81:$M$537,9,FALSE)*$L13,"") -> 1000 | N13: =IF($F13<>0,VLOOKUP($F13,$E$53:$L$545,5,FALSE),"") -> 618000 | O13: =IF(L13<>0,$L13*$N13,"") -> 3090000 | P13: 21 | R13: =VLOOKUP(F13,'파레트 제품 리스트'!$B:$F,4,0) -> DRUM | S13: =VLOOKUP(F13,'파레트 제품 리스트'!$B:$F,5,0) -> 1 | U13: =O13*1.1 -> 3399000
B14: 3 | D14: 화성창고-일반가 | E14: =IF($D14<>0,VLOOKUP($D14,$D$45:$E$73,2,FALSE),"") -> 194667 | F14: 139137 | G14: =IF($F14<>0,VLOOKUP($F14,$E$81:$M$537,2,FALSE),"") -> MOBILGEAR 600 XP 320 PAIL 20L:KR | J14: =IF($F14<>0,VLOOKUP($F14,$E$81:$M$537,7,FALSE),"") -> PAIL | K14: =IF($F14<>0,VLOOKUP($F14,$E$81:$M$537,8,FALSE),"") -> IND | L14: 14 | M14: =IF($L14<>0,VLOOKUP($F14,$E$81:$M$537,9,FALSE)*$L14,"") -> 280 | N14: =IF($F14<>0,VLOOKUP($F14,$E$53:$L$545,5,FALSE),"") -> 80900 | O14: =IF(L14<>0,$L14*$N14,"") -> 1132600 | P14: 41 | R14: =VLOOKUP(F14,'파레트 제품 리스트'!$B:$F,4,0) -> MIX (28) | S14: =VLOOKUP(F14,'파레트 제품 리스트'!$B:$F,5,0) -> 1 | U14: =O14*1.1 -> 1245860
B15: 4 | D15: 화성창고-일반가 | E15: =IF($D15<>0,VLOOKUP($D15,$D$45:$E$73,2,FALSE),"") -> 194667 | F15: 139143 | G15: =IF($F15<>0,VLOOKUP($F15,$E$81:$M$537,2,FALSE),"") -> NUTO H 32 PAIL 20L:KR | J15: =IF($F15<>0,VLOOKUP($F15,$E$81:$M$537,7,FALSE),"") -> PAIL | K15: =IF($F15<>0,VLOOKUP($F15,$E$81:$M$537,8,FALSE),"") -> IND | L15: 14 | M15: =IF($L15<>0,VLOOKUP($F15,$E$81:$M$537,9,FALSE)*$L15,"") -> 280 | N15: =IF($F15<>0,VLOOKUP($F15,$E$53:$L$545,5,FALSE),"") -> 44000 | O15: =IF(L15<>0,$L15*$N15,"") -> 616000 | P15: 56 | R15: =VLOOKUP(F15,'파레트 제품 리스트'!$B:$F,4,0) -> MIX (28) | S15: =VLOOKUP(F15,'파레트 제품 리스트'!$B:$F,5,0) -> 1 | U15: =O15*1.1 -> 677600
B16: 5 | D16: 화성창고-일반가 | E16: =IF($D16<>0,VLOOKUP($D16,$D$45:$E$73,2,FALSE),"") -> 194667 | F16: 136174 | G16: =IF($F16<>0,VLOOKUP($F16,$E$81:$M$537,2,FALSE),"") -> PEGASUS 805, 200LT, DR | J16: =IF($F16<>0,VLOOKUP($F16,$E$81:$M$537,7,FALSE),"") -> DRUM | K16: =IF($F16<>0,VLOOKUP($F16,$E$81:$M$537,8,FALSE),"") -> IND | L16: 12 | M16: =IF($L16<>0,VLOOKUP($F16,$E$81:$M$537,9,FALSE)*$L16,"") -> 2400 | N16: =IF($F16<>0,VLOOKUP($F16,$E$53:$L$545,5,FALSE),"") -> 630000 | O16: =IF(L16<>0,$L16*$N16,"") -> 7560000 | P16: 0 | R16: =VLOOKUP(F16,'파레트 제품 리스트'!$B:$F,4,0) -> DRUM | S16: =VLOOKUP(F16,'파레트 제품 리스트'!$B:$F,5,0) -> 1 | U16: =O16*1.1 -> 8316000
B17: 6 | D17: 화성창고-일반가 | E17: =IF($D17<>0,VLOOKUP($D17,$D$45:$E$69,2,FALSE),"") -> 194667 | F17: 143985 | G17: =IF($F17<>0,VLOOKUP($F17,$E$73:$M$537,2,FALSE),"") -> MOBIL SHC 630 DRUM 208L:SG | J17: =IF($F17<>0,VLOOKUP($F17,$E$81:$M$537,7,FALSE),"") -> DRUM | K17: =IF($F17<>0,VLOOKUP($F17,$E$81:$M$537,8,FALSE),"") -> IND | L17: 2 | M17: =IF($L17<>0,VLOOKUP($F17,$E$81:$M$537,9,FALSE)*$L17,"") -> 416 | N17: =IF($F17<>0,VLOOKUP($F17,$E$53:$L$545,5,FALSE),"") -> 2763000 | O17: =IF(L17<>0,$L17*$N17,"") -> 5526000 | P17: 0 | R17: =VLOOKUP(F17,'파레트 제품 리스트'!$B:$F,4,0) -> #N/A | S17: =VLOOKUP(F17,'파레트 제품 리스트'!$B:$F,5,0) -> #N/A | U17: =O17*1.1 -> 6078600 | V17: =VLOOKUP(F17,미출!$D:$F,3,0) -> #N/A | W17: =COUNTIF($F$11:$F$12,F17) -> 0 | X17: =VLOOKUP(F17,#REF!,7,0) -> #REF! | Z17: =N17=Y17 -> FALSE
B18: 7 | D18: 화성창고-일반가 | E18: =IF($D18<>0,VLOOKUP($D18,$D$45:$E$73,2,FALSE),"") -> 194667 | F18: 143987 | G18: =IF($F18<>0,VLOOKUP($F18,$E$81:$M$537,2,FALSE),"") -> MOBIL SHC 632 DRUM 208L:SG | J18: =IF($F18<>0,VLOOKUP($F18,$E$81:$M$537,7,FALSE),"") -> DRUM | K18: =IF($F18<>0,VLOOKUP($F18,$E$81:$M$537,8,FALSE),"") -> IND | L18: 1 | M18: =IF($L18<>0,VLOOKUP($F18,$E$81:$M$537,9,FALSE)*$L18,"") -> 208 | N18: =IF($F18<>0,VLOOKUP($F18,$E$53:$L$545,5,FALSE),"") -> 2938000 | O18: =IF(L18<>0,$L18*$N18,"") -> 2938000 | P18: 0 | U18: =O18*1.1 -> 3231800
B19: 8 | D19: 화성창고-일반가 | E19: =IF($D19<>0,VLOOKUP($D19,$D$45:$E$69,2,FALSE),"") -> 194667 | F19: 140256 | G19: =IF($F19<>0,VLOOKUP($F19,$E$73:$M$537,2,FALSE),"") -> MOBILUX EP 3 PAIL 16KG:SG | J19: =IF($F19<>0,VLOOKUP($F19,$E$81:$M$537,7,FALSE),"") -> PAIL | K19: =IF($F19<>0,VLOOKUP($F19,$E$81:$M$537,8,FALSE),"") -> IND | L19: 14 | M19: =IF($L19<>0,VLOOKUP($F19,$E$81:$M$537,9,FALSE)*$L19,"") -> 224 | N19: =IF($F19<>0,VLOOKUP($F19,$E$53:$L$545,5,FALSE),"") -> 81000 | O19: =IF(L19<>0,$L19*$N19,"") -> 1134000 | P19: 57 | R19: =VLOOKUP(F19,'파레트 제품 리스트'!$B:$F,4,0) -> MIX (28) | S19: =VLOOKUP(F19,'파레트 제품 리스트'!$B:$F,5,0) -> 1 | U19: =O19*1.1 -> 1247400 | V19: =VLOOKUP(F19,미출!$D:$F,3,0) -> #N/A | W19: =COUNTIF($F$11:$F$12,F19) -> 0 | X19: =VLOOKUP(F19,#REF!,7,0) -> #REF! | Z19: =N19=Y19 -> FALSE
B20: 9 | D20: 화성창고-아주지오텍 | E20: =IF($D20<>0,VLOOKUP($D20,$D$45:$E$73,2,FALSE),"") -> 202724 | F20: 140263 | G20: =IF($F20<>0,VLOOKUP($F20,$E$73:$M$537,2,FALSE),"") -> MOBILUX EP 2 PAIL 16KG:SG | J20: =IF($F20<>0,VLOOKUP($F20,$E$81:$M$537,7,FALSE),"") -> PAIL | K20: =IF($F20<>0,VLOOKUP($F20,$E$81:$M$537,8,FALSE),"") -> IND | L20: 42 | M20: =IF($L20<>0,VLOOKUP($F20,$E$81:$M$537,9,FALSE)*$L20,"") -> 672 | N20: 69900 | O20: =IF(L20<>0,$L20*$N20,"") -> 2935800 | P20: 436 | R20: =VLOOKUP(F20,'파레트 제품 리스트'!$B:$F,4,0) -> MIX (28) | S20: =VLOOKUP(F20,'파레트 제품 리스트'!$B:$F,5,0) -> 1 | U20: =O20*1.1 -> 3229380 | V20: =VLOOKUP(F20,미출!$D:$F,3,0) -> #N/A | W20: =COUNTIF($F$11:$F$12,F20) -> 0 | X20: =VLOOKUP(F20,#REF!,7,0) -> #REF! | Z20: =N20=Y20 -> FALSE
B21: 10 | C21: 효진상사 | D21: 화성창고-티센 | E21: =IF($D21<>0,VLOOKUP($D21,$D$45:$E$69,2,FALSE),"") -> 194638 | F21: 132835 | G21: =IF($F21<>0,VLOOKUP($F21,$E$73:$M$537,2,FALSE),"") -> MOBIL GLYGOYLE 460, 208LT DRUM | J21: =IF($F21<>0,VLOOKUP($F21,$E$81:$M$537,7,FALSE),"") -> DRUM | K21: =IF($F21<>0,VLOOKUP($F21,$E$81:$M$537,8,FALSE),"") -> IND | L21: 5 | M21: =IF($L21<>0,VLOOKUP($F21,$E$81:$M$537,9,FALSE)*$L21,"") -> 1040 | N21: 1755000 | O21: =IF(L21<>0,$L21*$N21,"") -> 8775000 | P21: 112 | R21: =VLOOKUP(F21,'파레트 제품 리스트'!$B:$F,4,0) -> DRUM | S21: =VLOOKUP(F21,'파레트 제품 리스트'!$B:$F,5,0) -> 1 | U21: =O21*1.1 -> 9652500 | V21: =VLOOKUP(F21,미출!$D:$F,3,0) -> #N/A | W21: =COUNTIF($F$11:$F$12,F21) -> 0 | X21: =VLOOKUP(F21,#REF!,7,0) -> #REF!
B22: 11 | D22: 화성창고-화성에너지 | E22: =IF($D22<>0,VLOOKUP($D22,$D$45:$E$73,2,FALSE),"") -> 200584 | F22: 141741 | G22: =IF($F22<>0,VLOOKUP($F22,$E$81:$M$537,2,FALSE),"") -> MOBIL DTE 24 ULTRA PAIL 20L:KR | J22: =IF($F22<>0,VLOOKUP($F22,$E$81:$M$537,7,FALSE),"") -> PAIL | K22: =IF($F22<>0,VLOOKUP($F22,$E$81:$M$537,8,FALSE),"") -> IND | L22: 42 | M22: =IF($L22<>0,VLOOKUP($F22,$E$81:$M$537,9,FALSE)*$L22,"") -> 840 | N22: 45300 | O22: =IF(L22<>0,$L22*$N22,"") -> 1902600 | P22: 716 | R22: =VLOOKUP(F22,'파레트 제품 리스트'!$B:$F,4,0) -> Full | S22: =VLOOKUP(F22,'파레트 제품 리스트'!$B:$F,5,0) -> 42 | U22: =O22*1.1 -> 2092860
B23: 12 | E23: =IF($D23<>0,VLOOKUP($D23,$D$45:$E$69,2,FALSE),"") | G23: =IF($F23<>0,VLOOKUP($F23,$E$73:$M$537,2,FALSE),"") | J23: =IF($F23<>0,VLOOKUP($F23,$E$73:$M$537,7,FALSE),"") | K23: =IF($F23<>0,VLOOKUP($F23,$E$73:$M$537,8,FALSE),"") | M23: =IF($L23<>0,VLOOKUP($F23,$E$73:$M$537,9,FALSE)*$L23,"") | O23: =IF(L23<>0,$L23*$N23,"") | R23: =VLOOKUP(F23,'파레트 제품 리스트'!$B:$F,4,0) -> #N/A | S23: =VLOOKUP(F23,'파레트 제품 리스트'!$B:$F,5,0) -> #N/A | U23: =O23*1.1 -> #VALUE! | V23: =VLOOKUP(F23,미출!$D:$F,3,0) -> #N/A | W23: =COUNTIF($F$11:$F$12,F23) -> 0 | X23: =VLOOKUP(F23,#REF!,7,0) -> #REF! | Z23: =N23=Y23 -> TRUE
B24: 13
B25: 14 | E25: =IF($D25<>0,VLOOKUP($D25,$D$45:$E$69,2,FALSE),"") | G25: =IF($F25<>0,VLOOKUP($F25,$E$73:$M$537,2,FALSE),"") | J25: =IF($F25<>0,VLOOKUP($F25,$E$73:$M$537,7,FALSE),"") | K25: =IF($F25<>0,VLOOKUP($F25,$E$73:$M$537,8,FALSE),"") | M25: =IF($L25<>0,VLOOKUP($F25,$E$73:$M$537,9,FALSE)*$L25,"") | N25: =IF($F25<>0,VLOOKUP($F25,$E$53:$L$545,5,FALSE),"") | O25: =IF(L25<>0,$L25*$N25,"") | R25: =VLOOKUP(F25,'파레트 제품 리스트'!$B:$F,4,0) -> #N/A | S25: =VLOOKUP(F25,'파레트 제품 리스트'!$B:$F,5,0) -> #N/A | U25: =O25*1.1 -> #VALUE! | V25: =VLOOKUP(F25,미출!$D:$F,3,0) -> #N/A | W25: =COUNTIF($F$11:$F$12,F25) -> 0 | X25: =VLOOKUP(F25,#REF!,7,0) -> #REF! | Z25: =N25=Y25 -> TRUE
B26: 15 | E26: =IF($D26<>0,VLOOKUP($D26,$D$45:$E$68,2,FALSE),"") | G26: =IF($F26<>0,VLOOKUP($F26,$E$73:$M$546,2,FALSE),"") | J26: =IF($F26<>0,VLOOKUP($F26,$E$73:$M$546,7,FALSE),"") | K26: =IF($F26<>0,VLOOKUP($F26,$E$73:$M$546,8,FALSE),"") | M26: =IF($L26<>0,VLOOKUP($F26,$E$73:$M$529,9,FALSE)*$L26,"") | N26: =IF($F26<>0,VLOOKUP($F26,$E$53:$L$545,5,FALSE),"") | O26: =IF(L26<>0,$L26*$N26,"") | R26: =VLOOKUP(F26,'파레트 제품 리스트'!$B:$F,4,0) -> #N/A | S26: =VLOOKUP(F26,'파레트 제품 리스트'!$B:$F,5,0) -> #N/A | U26: =O26*1.1 -> #VALUE! | V26: =VLOOKUP(F26,미출!$D:$F,3,0) -> #N/A | W26: =COUNTIF($F$11:$F$12,F26) -> 0 | X26: =VLOOKUP(F26,#REF!,7,0) -> #REF! | Z26: =N26=Y26 -> TRUE
J27: =IF($F27<>0,VLOOKUP($F27,$E$90:$M$459,7,FALSE),"") | K27: =IF($F27<>0,VLOOKUP($F27,$E$90:$M$459,8,FALSE),"") | M27: =IF($L27<>0,VLOOKUP($F27,$E$90:$M$459,9,FALSE)*$L27,"") | N27: =IF($F27<>0,VLOOKUP($F27,$E$90:$M$459,5,FALSE),"") | O27: =IF(L27<>0,$L27*$N27,"")
I28: 발주물량 | J28: 리터(Liter) | K28: =SUM(M12:M26) -> 11360 | M28: 발주 금액 | N28: 부가세별도 | O28: =SUM(O12:O27) -> 45450000
J29: 드럼(Drum) | K29: =$K$28/200 -> 56.8 | N29: 부가세포함 | O29: =O28*1.1 -> 49995000
L32: =#REF!+#REF!+#REF!+#REF! -> #REF!
L33: =+#REF!+#REF!+#REF!+#REF! -> #REF!
L34: =L33-L32 -> #REF!
B41: 발주서 기초자료
D44: 거래처명 | E44: 거래처코드 | G44: 배송지 | H44: 주소 | M44: 담당자 | N44: 연락처
D45: 화성창고-일반가 | E45: 194667 | G45: 영일-화성 | H45: 경기도 화성시 향남읍 구문천1길 43-9
D46: 화성창고-화성에너지 | E46: 200584 | G46: 영일 - 화성(에너지) | H46: 경기도 화성시 향남읍 구문천1길 43-9
D47: 화성창고-하이스코 | E47: 194729 | G47: 영일-현대제철(화성창고) | H47: 경기도 화성시 향남읍 구문천1길 43-9
D48: 화성창고-티센 | E48: 194638 | G48: 티센크루프엘리베이터코리아(주) | H48: 경기도 화성시 향남읍 구문천1길 43-9
D49: 화성창고-아주지오텍 | E49: 202724 | G49: 영일 - 아주지오텍(화성창고) | H49: 경기도 화성시 향남읍 구문천1길 43-9
D50: 화성창고-위아 | E50: 203805 | G50: 영일 - 위아(화성창고) | H50: 경기도 화성시 향남읍 구문천1길 43-9
D51: 화성창고-SEW | E51: 215691 | G51: 영일-SEW-화성창고 | H51: 경기도 화성시 향남읍 구문천1길 43-9
D52: 화성창고-SHILLA | E52: 208008 | G52: 영일-신라정밀-화성창고 | H52: 경기도 화성시 향남읍 구문천1길 43-9
D53: 화성창고-KORAIL-iL | E53: 207998 | G53: 영일-코레일-화성창고 | H53: 경기도 화성시 향남읍 구문천1길 43-9 | R53: `
D54: 화성창고-LG화학 | E54: 194819 | G54: 영일-(주)엘지화학 | H54: 충청남도 서산시 대산읍 독곶1로 54
D55: 화성창고-HYUNDAI E&C | E55: 229113 | G55: 영일-현대건설-화성 | H55: 경기도 화성시 향남읍 구문천1길 43-9
D56: 화성창고- LG Chemical | E56: 237074 | G56: 영일 - LG 화학 - 화성 | H56: 향남읍 구문천1길 43-9
D57: 화성창고-롯데케미칼 | E57: 231778 | G57: 영일 - 롯데케미칼 화성창고 | H57: 경기도 화성시 향남읍 구문천1길 43-9
D58: 화성창고-B2B MOP | E58: 272022
D59: 화성창고-MBK | E59: 211914
D60: 화성창고-롯데엠씨씨 | E60: 238419 | G60: 롯데엠씨씨(238419) | H60: 향남읍 구문천1길 43-9
D61: 영일-수산중공업 | E61: 278723
D62: 화성창고-심팩 | E62: 273231
D63: 화성창고-보창 | E63: 272022
D64: 화성창고-AW(SP1) | E64: 273458
D65: 영일-세아창원특수강 WH | E65: 239950
D66: 화성창고-AW(SP1) | E66: 273458
D67: 화성창고-AW(SP2) | E67: 273459
D68: 영일-현대건설 | E68: 222604
D73: 거래처구분 | E73: 거래처코드 | F73: 제품명 | G73: 제품명 | H73: 제품명 | I73: 가격 | J73: 제품코드 | K73: 포장단위 | L73: 제품라인 | M73: 단위물량
E74: 144165 | F74: MOBIL HYDRAULIC AW 32 PAIL 20L:KR | I74: 31200 | J74: 144165 | K74: PAIL | L74: IND | M74: 20 | N74: 34300 | O74: =I74=N74 -> FALSE
E75: 144166 | F75: MOBIL HYDRAULIC AW 32 DRUM 200L:KR | I75: 289000 | J75: 144166 | K75: DRUM | L75: IND | M75: 200 | N75: 318000 | O75: =I75=N75 -> FALSE
E76: 144167 | F76: MOBIL HYDRAULIC AW 46 PAIL 20L:KR | I76: 31200 | J76: 144167 | K76: PAIL | L76: IND | M76: 20 | N76: 34300 | O76: =I76=N76 -> FALSE
E77: 144168 | F77: MOBIL HYDRAULIC AW 46 DRUM 200L:KR | I77: 289000 | J77: 144168 | K77: DRUM | L77: IND | M77: 200 | N77: 318000 | O77: =I77=N77 -> FALSE
E78: 144169 | F78: MOBIL HYDRAULIC AW 68 PAIL 20L:KR | I78: 33900 | J78: 144169 | K78: PAIL | L78: IND | M78: 20 | N78: 35300 | O78: =I78=N78 -> FALSE
E79: 144170 | F79: MOBIL HYDRAULIC AW 68 DRUM 200L:KR | I79: 314000 | J79: 144170 | K79: DRUM | L79: IND | M79: 200 | N79: 328000 | O79: =I79=N79 -> FALSE
E80: 135916 | F80: MOBIL VACTRA NO.1 - DR200L | I80: 520000 | J80: 135916 | K80: DRUM | L80: IND | M80: 200 | N80: 547000 | O80: TRUE
E81: 139029 | F81: MOBIL VACTRA NO 2 SLC DRUM 200L:KR | I81: 508000 | J81: 139029 | K81: DRUM | L81: IND | M81: 200 | N81: 535000 | O81: TRUE
E82: 139030 | F82: MOBIL VACTRA NO 2 SLC PAIL 20L:KR | I82: 54300 | J82: 139030 | K82: PAIL | L82: IND | M82: 20 | N82: 54500 | O82: TRUE
E83: 139084 | F83: MOBIL VACTRA OIL NO 1 PAIL 20L:KR | I83: 55700 | J83: 139084 | K83: PAIL | L83: IND | M83: 20 | N83: 58600 | O83: TRUE
E84: 139085 | F84: MOBIL VACTRA OIL NO 2 DRUM 200L:KR | I84: 508000 | J84: 139085 | K84: DRUM | L84: IND | M84: 200 | N84: 535000 | O84: TRUE
E85: 139086 | F85: MOBIL VACTRA OIL NO 2 PAIL 20L:KR | I85: 54300 | J85: 139086 | K85: PAIL | L85: IND | M85: 20 | N85: 54500 | O85: TRUE
E86: 139087 | F86: MOBIL VACTRA OIL NO 4 DRUM 200L:KR | I86: 520000 | J86: 139087 | K86: DRUM | L86: IND | M86: 200 | N86: 547000 | O86: TRUE
E87: 139088 | F87: MOBIL VACTRA OIL NO 4 PAIL 20L:KR | I87: 55700 | J87: 139088 | K87: PAIL | L87: IND | M87: 20 | N87: 58600 | O87: TRUE
E88: 147133 | F88: MOBIL SHC 846 ULTRA DURM-M 200L | I88: 1198000 | J88: 147133 | K88: DRUM | L88: IND | M88: 200
E89: 120645 | F89: MOBILUBE 1 SHC 75W-90 DRUM 208L | I89: 2213000 | J89: 120645 | K89: DRUM | L89: CVL | M89: 200 | N89: 2213000 | O89: =I89=N89 -> TRUE
E90: 122916 | F90: MOBILUBE 1 SHC 75W-90 CTN 12X1L | I90: 140000 | J90: 122916 | K90: BOLG | L90: CVL | M90: 12 | N90: 140000 | O90: =I90=N90 -> TRUE
E91: 129171 | F91: MOBILUBE HD 80W-90 PAIL 20L | I91: 59700 | J91: 129171 | K91: PAIL | L91: CVL | M91: 20 | N91: 59700 | O91: =I91=N91 -> TRUE
E92: 129174 | F92: MOBILUBE HD 85W-140 PAIL 20L | I92: 70200 | J92: 129174 | K92: PAIL | L92: CVL | M92: 20 | N92: 70200 | O92: =I92=N92 -> TRUE
E93: 134989 | F93: MOBILUBE GX-A 80W PAIL 20L | I93: 90900 | J93: 134989 | K93: PAIL | L93: CVL | M93: 20 | N93: 90900 | O93: =I93=N93 -> TRUE
E94: 135691 | F94: MOBILUBE LS 85W-90 PAIL 20L | I94: 91100 | J94: 135691 | K94: PAIL | L94: CVL | M94: 20 | N94: 91100 | O94: =I94=N94 -> TRUE
E95: 138838 | F95: MOBIL HYDRAULIC 10W DRUM 200L | I95: 615000 | J95: 138838 | K95: DRUM | L95: CVL | M95: 200 | N95: 615000 | O95: =I95=N95 -> TRUE
E96: 138840 | F96: Mobil Delvac Hydraulic 10W 20L | I96: 65600 | J96: 138840 | K96: PAIL | L96: CVL | M96: 20 | N96: 65600 | O96: =I96=N96 -> TRUE
E97: 138851 | F97: MOBIL FLUID LT DRUM 208L | I97: 1193000 | J97: 138851 | K97: DRUM | L97: CVL | M97: 208 | N97: 1193000 | O97: =I97=N97 -> TRUE
E98: 138889 | F98: MOBILUBE GX 80W-90 DRUM 200L | I98: 520000 | J98: 138889 | K98: DRUM | L98: CVL | M98: 200 | N98: 520000 | O98: =I98=N98 -> TRUE
E99: 138890 | F99: MOBILUBE GX 80W-90 PAIL 20L | I99: 54000 | J99: 138890 | K99: PAIL | L99: CVL | M99: 20 | N99: 54000 | O99: =I99=N99 -> TRUE
E100: 138893 | F100: MOBILUBE HD 80W-90 DRUM 200L | I100: 552000 | J100: 138893 | K100: DRUM | L100: CVL | M100: 200 | N100: 552000 | O100: =I100=N100 -> TRUE
... E110: 143240 | F110: M DV ULTRA 5W-40 UP V1 CTN 4X4L | I110: 107800 | J110: 143240 | K110: BOSM | L110: CVL | M110: 16 | N110: 107800 | O110: =I110=N110 -> TRUE
E111: 138583 | F111: MOBIL ATF 220 CTN 12X1L:TW | I111: 44600 | J111: 138583 | K111: BOSM | L111: MBK | M111: 12 | N111: #N/A | O111: =I111=N111 -> #N/A
E112: 123205 | F112: MOBIL BRAKE FLUID DOT4 CTN 12X0.5L | I112: 60300 | J112: 123205 | K112: BOSM | L112: PVL | M112: 6 | N112: 60300 | O112: =I112=N112 -> TRUE
E113: 124476 | F113: MOBIL MULTIPURPOSE ATF PAIL 20L | I113: 63200 | J113: 124476 | K113: PAIL | L113: PVL | M113: 20 | N113: 63200 | O113: =I113=N113 -> TRUE
E114: 135080 | F114: MOBIL ANTIFREEZE EXTRA CTN 12X1L | I114: 110000 | J114: 135080 | K114: BOSM | L114: PVL | M114: 12 | N114: 110000 | O114: =I114=N114 -> TRUE
E115: 138806 | F115: MOBIL OUTBOARD PLUS CTN 24X0.414L | I115: 148600 | J115: 138806 | K115: BOLG | L115: PVL | M115: 9.94 | N115: 148600 | O115: =I115=N115 -> TRUE
E116: 138827 | F116: MOBIL MULTIPURPOSE ATF DRUM 200L | I116: 595000 | J116: 138827 | K116: DRUM | L116: PVL | M116: 200 | N116: 595000 | O116: =I116=N116 -> TRUE
E117: 138888 | F117: MOBILUBE 1 SHC 75W-90 PAIL 20L:KR | I117: 233000 | J117: 138888 | K117: PAIL | L117: PVL | M117: 20 | N117: 233000 | O117: =I117=N117 -> TRUE
E118: 138892 | F118: MOBILUBE GX 80W-90 CTN 4X4 | I118: 46500 | J118: 138892 | K118: BOLG | L118: PVL | M118: 16 | N118: 46500 | O118: =I118=N118 -> TRUE
E119: 142227 | F119: MOBIL DELVAC XHP ESP S 10W-40 DM 200L:KR | I119: 853000 | J119: 142227 | K119: DRUM | L119: PVL | M119: 200 | N119: #N/A | O119: =I119=N119 -> #N/A
E120: 140169 | F120: MOBIL Super 3000 FP 0W30 CTN 12X1L | I120: 62400 | J120: 140169 | K120: BOSM | L120: PVL | M120: 12 | N120: #N/A | O120: =I120=N120 -> #N/A
E121: 140657 | F121: MOBIL 1 5W30(SN) CTN 12X1L | I121: 118000 | J121: 140657 | K121: BOSM | L121: PVL | M121: 12 | N121: 118000 | O121: =I121=N121 -> TRUE
E122: 140660 | F122: MOBIL 1 0W-40(SN) CTN 12X1L | I122: 118000 | J122: 140660 | K122: BOSM | L122: PVL | M122: 12 | N122: 118000 | O122: =I122=N122 -> TRUE
E123: 140661 | F123: MOBIL 1 0W-40 DRUM 200L: KR | I123: 1789000 | J123: 140661 | K123: DRUM | L123: PVL | M123: 200 | N123: 1789000 | O123: =I123=N123 -> TRUE
E124: 141593 | F124: MOBIL SPECIAL PLUS 5W-30 DRUM 200L | I124: 479000 | J124: 141593 | K124: DRUM | L124: PVL | M124: 200 | N124: 479000 | O124: =I124=N124 -> TRUE
E125: 120082 | F125: MOBILGREASE 28, 16KG/35.2LB | I125: 662475 | J125: 120082 | K125: PAIL | L125: AVI | M125: 16 | N125: 605000 | O125: =I125=N125 -> FALSE
E126: 120084 | F126: JET OIL 254 24X1QT CTN/CANS METAL | I126: 501510 | J126: 120084 | K126: BOX | L126: AVI | M126: 22.8 | N126: 458000 | O126: =I126=N126 -> FALSE
...

Sheet 수출
B2: 발 주 서 | M2: 발주 접수처 (엑슨모빌 중국 상하이 고객지원팀)
M3: · 부서메일주소 : koreadcp@exxonmobil.com
M4: · 수신부담팩스 : 00798 8521 8501
M5: · 수신부담전화 : 00798 8521 8503
B7: 대리점명 | D7: (주)영일오엔씨 | F7: 대리점코드 | G7: 모빌(194637) | K7: 발주일 | L7: =TODAY() -> 45981 | N7: 납기일 | O7: =TODAY()+1 -> 45982
B8: 전화번호 | D8: 02-2693-5189 | F8: 팩스번호 | G8: 02-2693-5902 | K8: 담당자 | L8: 조윤석 팀장 | N8: 연락처 | O8: 031-8059-5151
B9: 주소 | K9: 납 지 | L9: 영일-화성 | M9: =IF($L9<>0,VLOOKUP($L9,$G$53:$K$77,2,FALSE),"") -> 경기도 화성시 향남읍 구문천1길 43-9
B11: 순번 (No.) | C11: 발주처 | D11: 거래처명 (Ship to) | E11: 코드번호 (Child Code) | F11: 제품코드 (P-Code) | G11: 제품명 (Product Name) | J11: 규격 (Package) | K11: 제품군 (Lob) | L11: 수량 (Quanty) | M11: 물량/리터 (Volume) | N11: 단가 (Unit Price) | O11: 금액(별도) (Amounts) | P11: 오더번호 | R11: 발주단위 | U11: 금액(포함) | V11: 미출수량 | W11: 중복 | X11: 전일발주수량 | Y11: 단가 | Z11: 확인
B12: 1 | D12: 영일-현대건설-부산CY | E12: =IF($D12<>0,VLOOKUP($D12,$D$53:$E$78,2,FALSE),"") -> 222604 | F12: 144507 | G12: =IF($F12<>0,VLOOKUP($F12,$E$80:$M$736,2,FALSE),"") -> M DV MODERN 10W-40 CP V1 PAIL 20L:KR | J12: =IF($F12<>0,VLOOKUP($F12,$E$80:$M$736,7,FALSE),"") -> PAIL | K12: =IF($F12<>0,VLOOKUP($F12,$E$80:$M$736,8,FALSE),"") -> CVL | L12: 1 | M12: =IF($L12<>0,VLOOKUP($F12,$E$80:$M$736,9,FALSE)*$L12,"") -> 20 | N12: =IF($F12<>0,VLOOKUP($F12,$E$61:$L$744,5,FALSE),"") -> 65600 | O12: =IF(L12<>0,$L12*$N12,"") -> 65600 | P12: 549 | R12: =VLOOKUP(F12,'파레트 제품 리스트'!$B:$F,4,0) -> #N/A | S12: =VLOOKUP(F12,'파레트 제품 리스트'!$B:$F,5,0) -> #N/A | U12: =O12*1.1 -> 72160
B13: 2 | D13: 영일-현대건설-부산CY | E13: =IF($D13<>0,VLOOKUP($D13,$D$53:$E$78,2,FALSE),"") -> 222604 | F13: 141737 | G13: =IF($F13<>0,VLOOKUP($F13,$E$80:$M$536,2,FALSE),"") -> MOBIL DTE 22 ULTRA PAIL 20L:KR | J13: =IF($F13<>0,VLOOKUP($F13,$E$80:$M$536,7,FALSE),"") -> PAIL | K13: =IF($F13<>0,VLOOKUP($F13,$E$80:$M$536,8,FALSE),"") -> IND | L13: 2 | M13: =IF($L13<>0,VLOOKUP($F13,$E$80:$M$536,9,FALSE)*$L13,"") -> 40 | N13: =IF($F13<>0,VLOOKUP($F13,$E$61:$L$544,5,FALSE),"") -> 56300 | O13: =IF(L13<>0,$L13*$N13,"") -> 112600 | P13: 0 | R13: =VLOOKUP(F13,'파레트 제품 리스트'!$B:$F,4,0) -> MIX (28) | S13: =VLOOKUP(F13,'파레트 제품 리스트'!$B:$F,5,0) -> 1 | U13: =O13*1.1 -> 123860 | V13: =VLOOKUP(F13,미출!$D:$F,3,0) -> #N/A | W13: =COUNTIF($F$11:$F$11,F13) -> 0 | X13: =VLOOKUP(F13,#REF!,7,0) -> #REF! | Z13: =N13=Y13 -> FALSE
B14: 3 | D14: 영일-현대건설-부산CY | E14: =IF($D14<>0,VLOOKUP($D14,$D$53:$E$78,2,FALSE),"") -> 222604 | F14: 141741 | G14: =IF($F14<>0,VLOOKUP($F14,$E$80:$M$536,2,FALSE),"") -> MOBIL DTE 24 ULTRA PAIL 20L:KR | J14: =IF($F14<>0,VLOOKUP($F14,$E$80:$M$536,7,FALSE),"") -> PAIL | K14: =IF($F14<>0,VLOOKUP($F14,$E$80:$M$536,8,FALSE),"") -> IND | L14: 4 | M14: =IF($L14<>0,VLOOKUP($F14,$E$80:$M$536,9,FALSE)*$L14,"") -> 80 | N14: =IF($F14<>0,VLOOKUP($F14,$E$61:$L$544,5,FALSE),"") -> 53900 | O14: =IF(L14<>0,$L14*$N14,"") -> 215600 | P14: 426 | R14: =VLOOKUP(F14,'파레트 제품 리스트'!$B:$F,4,0) -> Full | S14: =VLOOKUP(F14,'파레트 제품 리스트'!$B:$F,5,0) -> 42 | U14: =O14*1.1 -> 237160
B15: 4 | D15: 영일-현대건설-부산CY | E15: =IF($D15<>0,VLOOKUP($D15,$D$53:$E$78,2,FALSE),"") -> 222604 | F15: 141745 | G15: =IF($F15<>0,VLOOKUP($F15,$E$80:$M$536,2,FALSE),"") -> MOBIL DTE 25 ULTRA PAIL 20L:KR | J15: =IF($F15<>0,VLOOKUP($F15,$E$80:$M$536,7,FALSE),"") -> PAIL | K15: =IF($F15<>0,VLOOKUP($F15,$E$80:$M$536,8,FALSE),"") -> IND | L15: 3 | M15: =IF($L15<>0,VLOOKUP($F15,$E$80:$M$536,9,FALSE)*$L15,"") -> 60 | N15: =IF($F15<>0,VLOOKUP($F15,$E$61:$L$544,5,FALSE),"") -> 53900 | O15: =IF(L15<>0,$L15*$N15,"") -> 161700 | P15: 633 | R15: =VLOOKUP(F15,'파레트 제품 리스트'!$B:$F,4,0) -> Full | S15: =VLOOKUP(F15,'파레트 제품 리스트'!$B:$F,5,0) -> 42 | U15: =O15*1.1 -> 177870
B16: 5 | D16: 영일-현대건설-부산CY | E16: =IF($D16<>0,VLOOKUP($D16,$D$53:$E$78,2,FALSE),"") -> 222604 | F16: 141750 | G16: =IF($F16<>0,VLOOKUP($F16,$E$80:$M$536,2,FALSE),"") -> MOBIL DTE 26 ULTRA PAIL 20L:KR | J16: =IF($F16<>0,VLOOKUP($F16,$E$80:$M$536,7,FALSE),"") -> PAIL | K16: =IF($F16<>0,VLOOKUP($F16,$E$80:$M$536,8,FALSE),"") -> IND | L16: 2 | M16: =IF($L16<>0,VLOOKUP($F16,$E$80:$M$536,9,FALSE)*$L16,"") -> 40 | N16: =IF($F16<>0,VLOOKUP($F16,$E$61:$L$544,5,FALSE),"") -> 53900 | O16: =IF(L16<>0,$L16*$N16,"") -> 107800 | P16: 205 | R16: =VLOOKUP(F16,'파레트 제품 리스트'!$B:$F,4,0) -> Full | S16: =VLOOKUP(F16,'파레트 제품 리스트'!$B:$F,5,0) -> 42 | U16: =O16*1.1 -> 118580
B17: 6 | D17: 영일-현대건설-부산CY | E17: =IF($D17<>0,VLOOKUP($D17,$D$53:$E$78,2,FALSE),"") -> 222604 | F17: 139040 | G17: =IF($F17<>0,VLOOKUP($F17,$E$80:$M$536,2,FALSE),"") -> MOBIL DTE 732 DRUM 200L:KR | J17: =IF($F17<>0,VLOOKUP($F17,$E$80:$M$536,7,FALSE),"") -> DRUM | K17: =IF($F17<>0,VLOOKUP($F17,$E$80:$M$536,8,FALSE),"") -> IND | L17: 140 | M17: =IF($L17<>0,VLOOKUP($F17,$E$80:$M$536,9,FALSE)*$L17,"") -> 28000 | N17: 429000 | O17: =IF(L17<>0,$L17*$N17,"") -> 60060000 | P17: 30 | R17: =VLOOKUP(F17,'파레트 제품 리스트'!$B:$F,4,0) -> DRUM | S17: =VLOOKUP(F17,'파레트 제품 리스트'!$B:$F,5,0) -> 1 | U17: =O17*1.1 -> 66066000
B18: 7 | D18: 영일-현대건설-부산CY | E18: =IF($D18<>0,VLOOKUP($D18,$D$53:$E$78,2,FALSE),"") -> 222604 | F18: 139059 | G18: =IF($F18<>0,VLOOKUP($F18,$E$80:$M$536,2,FALSE),"") -> MOBIL DTE OIL HEAVY MEDIUM DRUM 200L:KR | J18: =IF($F18<>0,VLOOKUP($F18,$E$80:$M$536,7,FALSE),"") -> DRUM | K18: =IF($F18<>0,VLOOKUP($F18,$E$80:$M$536,8,FALSE),"") -> IND | L18: 4 | M18: =IF($L18<>0,VLOOKUP($F18,$E$80:$M$536,9,FALSE)*$L18,"") -> 800 | N18: =IF($F18<>0,VLOOKUP($F18,$E$61:$L$544,5,FALSE),"") -> 691000 | O18: =IF(L18<>0,$L18*$N18,"") -> 2764000 | P18: 85 | R18: =VLOOKUP(F18,'파레트 제품 리스트'!$B:$F,4,0) -> DRUM | S18: =VLOOKUP(F18,'파레트 제품 리스트'!$B:$F,5,0) -> 1 | U18: =O18*1.1 -> 3040400 | V18: =VLOOKUP(F18,미출!$D:$F,3,0) -> #N/A | W18: =COUNTIF($F$11:$F$11,F18) -> 0 | X18: =VLOOKUP(F18,#REF!,7,0) -> #REF! | Z18: =N18=Y18 -> FALSE
B19: 8 | D19: 영일-현대건설-부산CY | E19: =IF($D19<>0,VLOOKUP($D19,$D$53:$E$78,2,FALSE),"") -> 222604 | F19: 139065 | G19: =IF($F19<>0,VLOOKUP($F19,$E$80:$M$536,2,FALSE),"") -> MOBIL DTE OIL MEDIUM DRUM 200L:KR | J19: =IF($F19<>0,VLOOKUP($F19,$E$80:$M$536,7,FALSE),"") -> DRUM | K19: =IF($F19<>0,VLOOKUP($F19,$E$80:$M$536,8,FALSE),"") -> IND | L19: 70 | M19: =IF($L19<>0,VLOOKUP($F19,$E$80:$M$536,9,FALSE)*$L19,"") -> 14000 | N19: 470000 | O19: =IF(L19<>0,$L19*$N19,"") -> 32900000 | P19: 56 | R19: =VLOOKUP(F19,'파레트 제품 리스트'!$B:$F,4,0) -> DRUM | S19: =VLOOKUP(F19,'파레트 제품 리스트'!$B:$F,5,0) -> 1 | U19: =O19*1.1 -> 36190000
B20: 9 | D20: 영일-현대건설-부산CY | E20: =IF($D20<>0,VLOOKUP($D20,$D$53:$E$78,2,FALSE),"") -> 222604 | F20: 124476 | G20: =IF($F20<>0,VLOOKUP($F20,$E$80:$M$536,2,FALSE),"") -> MOBIL MULTIPURPOSE ATF PAIL 20L | J20: =IF($F20<>0,VLOOKUP($F20,$E$80:$M$536,7,FALSE),"") -> PAIL | K20: =IF($F20<>0,VLOOKUP($F20,$E$80:$M$536,8,FALSE),"") -> PVL | L20: 1 | M20: =IF($L20<>0,VLOOKUP($F20,$E$80:$M$536,9,FALSE)*$L20,"") -> 20 | N20: =IF($F20<>0,VLOOKUP($F20,$E$61:$L$544,5,FALSE),"") -> 63200 | O20: =IF(L20<>0,$L20*$N20,"") -> 63200 | P20: 171 | R20: =VLOOKUP(F20,'파레트 제품 리스트'!$B:$F,4,0) -> FULL | S20: =VLOOKUP(F20,'파레트 제품 리스트'!$B:$F,5,0) -> 42 | U20: =O20*1.1 -> 69520
B21: 10 | D21: 영일-현대건설-부산CY | E21: =IF($D21<>0,VLOOKUP($D21,$D$53:$E$78,2,FALSE),"") -> 222604 | F21: 135454 | G21: =IF($F21<>0,VLOOKUP($F21,$E$80:$M$536,2,FALSE),"") -> MOBIL SHC 626,55GA | J21: =IF($F21<>0,VLOOKUP($F21,$E$80:$M$536,7,FALSE),"") -> DRUM | K21: =IF($F21<>0,VLOOKUP($F21,$E$80:$M$536,8,FALSE),"") -> IND | L21: 1 | M21: =IF($L21<>0,VLOOKUP($F21,$E$80:$M$536,9,FALSE)*$L21,"") -> 208 | N21: =IF($F21<>0,VLOOKUP($F21,$E$61:$L$544,5,FALSE),"") -> 2602000 | O21: =IF(L21<>0,$L21*$N21,"") -> 2602000 | P21: 13 | R21: =VLOOKUP(F21,'파레트 제품 리스트'!$B:$F,4,0) -> DRUM | S21: =VLOOKUP(F21,'파레트 제품 리스트'!$B:$F,5,0) -> 1 | U21: =O21*1.1 -> 2862200
B22: 11 | D22: 영일-현대건설-부산CY | E22: =IF($D22<>0,VLOOKUP($D22,$D$53:$E$78,2,FALSE),"") -> 222604 | F22: 135455 | G22: =IF($F22<>0,VLOOKUP($F22,$E$80:$M$536,2,FALSE),"") -> MOBIL SHC 626,5GA | J22: =IF($F22<>0,VLOOKUP($F22,$E$80:$M$536,7,FALSE),"") -> PAIL | K22: =IF($F22<>0,VLOOKUP($F22,$E$80:$M$536,8,FALSE),"") -> IND | L22: 7 | M22: =IF($L22<>0,VLOOKUP($F22,$E$80:$M$536,9,FALSE)*$L22,"") -> 132.3 | N22: =IF($F22<>0,VLOOKUP($F22,$E$61:$L$544,5,FALSE),"") -> 282000 | O22: =IF(L22<>0,$L22*$N22,"") -> 1974000 | P22: 186 | R22: =VLOOKUP(F22,'파레트 제품 리스트'!$B:$F,4,0) -> MIX (28) | S22: =VLOOKUP(F22,'파레트 제품 리스트'!$B:$F,5,0) -> 1 | U22: =O22*1.1 -> 2171400
B23: 12 | D23: 영일-현대건설-부산CY | E23: =IF($D23<>0,VLOOKUP($D23,$D$53:$E$78,2,FALSE),"") -> 222604 | F23: 139036 | G23: =IF($F23<>0,VLOOKUP($F23,$E$80:$M$536,2,FALSE),"") -> MOBIL VACUOLINE 528 DRUM 200L:KR | J23: =IF($F23<>0,VLOOKUP($F23,$E$80:$M$536,7,FALSE),"") -> DRUM | K23: =IF($F23<>0,VLOOKUP($F23,$E$80:$M$536,8,FALSE),"") -> IND | L23: 2 | M23: =IF($L23<>0,VLOOKUP($F23,$E$80:$M$536,9,FALSE)*$L23,"") -> 400 | N23: =IF($F23<>0,VLOOKUP($F23,$E$61:$L$544,5,FALSE),"") -> 649000 | O23: =IF(L23<>0,$L23*$N23,"") -> 1298000 | P23: 34 | R23: =VLOOKUP(F23,'파레트 제품 리스트'!$B:$F,4,0) -> DRUM | S23: =VLOOKUP(F23,'파레트 제품 리스트'!$B:$F,5,0) -> 1 | U23: =O23*1.1 -> 1427800
B24: 13 | D24: 영일-현대건설-부산CY | E24: =IF($D24<>0,VLOOKUP($D24,$D$53:$E$78,2,FALSE),"") -> 222604 | F24: 139037 | G24: =IF($F24<>0,VLOOKUP($F24,$E$80:$M$536,2,FALSE),"") -> MOBIL VACUOLINE 528 PAIL 20L:KR | J24: =IF($F24<>0,VLOOKUP($F24,$E$80:$M$536,7,FALSE),"") -> PAIL | K24: =IF($F24<>0,VLOOKUP($F24,$E$80:$M$536,8,FALSE),"") -> IND | L24: 3 | M24: =IF($L24<>0,VLOOKUP($F24,$E$80:$M$536,9,FALSE)*$L24,"") -> 60 | N24: =IF($F24<>0,VLOOKUP($F24,$E$61:$L$544,5,FALSE),"") -> 82400 | O24: =IF(L24<>0,$L24*$N24,"") -> 247200 | P24: 13 | R24: =VLOOKUP(F24,'파레트 제품 리스트'!$B:$F,4,0) -> MIX (28) | S24: =VLOOKUP(F24,'파레트 제품 리스트'!$B:$F,5,0) -> 1 | U24: =O24*1.1 -> 271920
B25: 14 | D25: 영일-현대건설-부산CY | E25: =IF($D25<>0,VLOOKUP($D25,$D$53:$E$78,2,FALSE),"") -> 222604 | F25: 148662 | G25: =IF($F25<>0,VLOOKUP($F25,$E$80:$M$536,2,FALSE),"") -> MOBIL VELOCITE 6, 20LT, PAIL | J25: =IF($F25<>0,VLOOKUP($F25,$E$80:$M$536,7,FALSE),"") -> PAIL | K25: =IF($F25<>0,VLOOKUP($F25,$E$80:$M$536,8,FALSE),"") -> IND | L25: 2 | M25: =IF($L25<>0,VLOOKUP($F25,$E$80:$M$536,9,FALSE)*$L25,"") -> 40 | N25: =IF($F25<>0,VLOOKUP($F25,$E$61:$L$544,5,FALSE),"") -> 55400 | O25: =IF(L25<>0,$L25*$N25,"") -> 110800 | P25: 71 | R25: =VLOOKUP(F25,'파레트 제품 리스트'!$B:$F,4,0) -> Full | S25: =VLOOKUP(F25,'파레트 제품 리스트'!$B:$F,5,0) -> 42 | U25: =O25*1.1 -> 121880
B26: 15 | D26: 영일-현대건설-부산CY | E26: =IF($D26<>0,VLOOKUP($D26,$D$53:$E$78,2,FALSE),"") -> 222604 | F26: 139131 | G26: =IF($F26<>0,VLOOKUP($F26,$E$80:$M$536,2,FALSE),"") -> MOBILGEAR 600 XP 150 PAIL 20L:KR | J26: =IF($F26<>0,VLOOKUP($F26,$E$80:$M$536,7,FALSE),"") -> PAIL | K26: =IF($F26<>0,VLOOKUP($F26,$E$80:$M$536,8,FALSE),"") -> IND | L26: 2 | M26: =IF($L26<>0,VLOOKUP($F26,$E$80:$M$536,9,FALSE)*$L26,"") -> 40 | N26: =IF($F26<>0,VLOOKUP($F26,$E$61:$L$544,5,FALSE),"") -> 74600 | O26: =IF(L26<>0,$L26*$N26,"") -> 149200 | P26: 1 | R26: =VLOOKUP(F26,'파레트 제품 리스트'!$B:$F,4,0) -> Full | S26: =VLOOKUP(F26,'파레트 제품 리스트'!$B:$F,5,0) -> 42 | U26: =O26*1.1 -> 164120
B27: 16 | D27: 영일-현대건설-부산CY | E27: =IF($D27<>0,VLOOKUP($D27,$D$53:$E$78,2,FALSE),"") -> 222604 | F27: 139134 | G27: =IF($F27<>0,VLOOKUP($F27,$E$80:$M$536,2,FALSE),"") -> MOBILGEAR 600 XP 220 PAIL 20L:KR | J27: =IF($F27<>0,VLOOKUP($F27,$E$80:$M$536,7,FALSE),"") -> PAIL | K27: =IF($F27<>0,VLOOKUP($F27,$E$80:$M$536,8,FALSE),"") -> IND | L27: 5 | M27: =IF($L27<>0,VLOOKUP($F27,$E$80:$M$536,9,FALSE)*$L27,"") -> 100 | N27: =IF($F27<>0,VLOOKUP($F27,$E$61:$L$544,5,FALSE),"") -> 70900 | O27: =IF(L27<>0,$L27*$N27,"") -> 354500 | P27: 276 | R27: =VLOOKUP(F27,'파레트 제품 리스트'!$B:$F,4,0) -> Full | S27: =VLOOKUP(F27,'파레트 제품 리스트'!$B:$F,5,0) -> 42 | U27: =O27*1.1 -> 389950
B28: 17 | D28: 영일-현대건설-부산CY | E28: =IF($D28<>0,VLOOKUP($D28,$D$53:$E$78,2,FALSE),"") -> 222604 | F28: 139135 | G28: =IF($F28<>0,VLOOKUP($F28,$E$80:$M$536,2,FALSE),"") -> MOBILGEAR 600 XP 320 DRUM 200L:KR | J28: =IF($F28<>0,VLOOKUP($F28,$E$80:$M$536,7,FALSE),"") -> DRUM | K28: =IF($F28<>0,VLOOKUP($F28,$E$80:$M$536,8,FALSE),"") -> IND | L28: 9 | M28: =IF($L28<>0,VLOOKUP($F28,$E$80:$M$536,9,FALSE)*$L28,"") -> 1800 | N28: 610000 | O28: =IF(L28<>0,$L28*$N28,"") -> 5490000 | P28: 160 | R28: =VLOOKUP(F28,'파레트 제품 리스트'!$B:$F,4,0) -> DRUM | S28: =VLOOKUP(F28,'파레트 제품 리스트'!$B:$F,5,0) -> 1 | U28: =O28*1.1 -> 6039000
B29: 18 | D29: 영일-현대건설-부산CY | E29: =IF($D29<>0,VLOOKUP($D29,$D$53:$E$78,2,FALSE),"") -> 222604 | F29: 139137 | G29: =IF($F29<>0,VLOOKUP($F29,$E$80:$M$536,2,FALSE),"") -> MOBILGEAR 600 XP 320 PAIL 20L:KR | J29: =IF($F29<>0,VLOOKUP($F29,$E$80:$M$536,7,FALSE),"") -> PAIL | K29: =IF($F29<>0,VLOOKUP($F29,$E$80:$M$536,8,FALSE),"") -> IND | L29: 5 | M29: =IF($L29<>0,VLOOKUP($F29,$E$80:$M$536,9,FALSE)*$L29,"") -> 100 | N29: =IF($F29<>0,VLOOKUP($F29,$E$61:$L$544,5,FALSE),"") -> 80900 | O29: =IF(L29<>0,$L29*$N29,"") -> 404500 | P29: 451 | R29: =VLOOKUP(F29,'파레트 제품 리스트'!$B:$F,4,0) -> MIX (28) | S29: =VLOOKUP(F29,'파레트 제품 리스트'!$B:$F,5,0) -> 1 | U29: =O29*1.1 -> 444950
B30: 19 | D30: 영일-현대건설-부산CY | E30: =IF($D30<>0,VLOOKUP($D30,$D$53:$E$78,2,FALSE),"") -> 222604 | F30: 139141 | G30: =IF($F30<>0,VLOOKUP($F30,$E$80:$M$536,2,FALSE),"") -> MOBILGEAR 600 XP 680 PAIL 20L:KR | J30: =IF($F30<>0,VLOOKUP($F30,$E$80:$M$536,7,FALSE),"") -> PAIL | K30: =IF($F30<>0,VLOOKUP($F30,$E$80:$M$536,8,FALSE),"") -> IND | L30: 1 | M30: =IF($L30<>0,VLOOKUP($F30,$E$80:$M$536,9,FALSE)*$L30,"") -> 20 | N30: =IF($F30<>0,VLOOKUP($F30,$E$61:$L$544,5,FALSE),"") -> 87100 | O30: =IF(L30<>0,$L30*$N30,"") -> 87100 | P30: 16 | R30: =VLOOKUP(F30,'파레트 제품 리스트'!$B:$F,4,0) -> MIX (28) | S30: =VLOOKUP(F30,'파레트 제품 리스트'!$B:$F,5,0) -> 1 | U30: =O30*1.1 -> 95810
E33: =IF($D33<>0,VLOOKUP($D33,$D$53:$E$78,2,FALSE),"") | G33: =IF($F33<>0,VLOOKUP($F33,$E$80:$M$536,2,FALSE),"") | J33: =IF($F33<>0,VLOOKUP($F33,$E$80:$M$536,7,FALSE),"") | K33: =IF($F33<>0,VLOOKUP($F33,$E$80:$M$536,8,FALSE),"") | M33: =IF($L33<>0,VLOOKUP($F33,$E$80:$M$536,9,FALSE)*$L33,"") | O33: =IF(L33<>0,$L33*$N33,"") | R33: =VLOOKUP(F33,'파레트 제품 리스트'!$B:$F,4,0) -> #N/A | S33: =VLOOKUP(F33,'파레트 제품 리스트'!$B:$F,5,0) -> #N/A | U33: =O33*1.1 -> #VALUE! | V33: =VLOOKUP(F33,미출!$D:$F,3,0) -> #N/A | W33: =COUNTIF($F$11:$F$11,F33) -> 0 | X33: =VLOOKUP(F33,#REF!,7,0) -> #REF! | Z33: =N33=Y33 -> TRUE
E34: =IF($D34<>0,VLOOKUP($D34,$D$53:$E$77,2,FALSE),"") | G34: =IF($F34<>0,VLOOKUP($F34,$E$80:$M$545,2,FALSE),"") | J34: =IF($F34<>0,VLOOKUP($F34,$E$80:$M$545,7,FALSE),"") | K34: =IF($F34<>0,VLOOKUP($F34,$E$80:$M$545,8,FALSE),"") | M34: =IF($L34<>0,VLOOKUP($F34,$E$80:$M$528,9,FALSE)*$L34,"") | N34: =IF($F34<>0,VLOOKUP($F34,$E$61:$L$544,5,FALSE),"") | O34: =IF(L34<>0,$L34*$N34,"") | R34: =VLOOKUP(F34,'파레트 제품 리스트'!$B:$F,4,0) -> #N/A | S34: =VLOOKUP(F34,'파레트 제품 리스트'!$B:$F,5,0) -> #N/A | U34: =O34*1.1 -> #VALUE! | V34: =VLOOKUP(F34,미출!$D:$F,3,0) -> #N/A | W34: =COUNTIF($F$11:$F$11,F34) -> 0 | X34: =VLOOKUP(F34,#REF!,7,0) -> #REF! | Z34: =N34=Y34 -> TRUE
J35: =IF($F35<>0,VLOOKUP($F35,$E$89:$M$458,7,FALSE),"") | K35: =IF($F35<>0,VLOOKUP($F35,$E$89:$M$458,8,FALSE),"") | M35: =IF($L35<>0,VLOOKUP($F35,$E$89:$M$458,9,FALSE)*$L35,"") | N35: =IF($F35<>0,VLOOKUP($F35,$E$89:$M$458,5,FALSE),"") | O35: =IF(L35<>0,$L35*$N35,"")
I36: 발주물량 | J36: 리터(Liter) | K36: =SUM(M12:M34) -> 45960.3 | M36: 발주 금액 | N36: 부가세별도 | O36: =SUM(O12:O35) -> 109167800
J37: 드럼(Drum) | K37: =$K$36/200 -> 229.8015 | N37: 부가세포함 | O37: =O36*1.1 -> 1.2008458e+08
L40: =#REF!+#REF!+#REF!+#REF! -> #REF!
L41: =+#REF!+#REF!+#REF!+#REF! -> #REF!
L42: =L41-L40 -> #REF!
B49: 발주서 기초자료
D52: 거래처명 | E52: 거래처코드 | G52: 배송지 | H52: 주소 | M52: 담당자 | N52: 연락처
D53: 화성창고-일반가 | E53: 194667 | G53: 영일-화성 | H53: 경기도 화성시 향남읍 구문천1길 43-9
D54: 화성창고-화성에너지 | E54: 200584 | G54: 영일 - 화성(에너지) | H54: 경기도 화성시 향남읍 구문천1길 43-9
D55: 화성창고-하이스코 | E55: 194729 | G55: 영일-현대제철(화성창고) | H55: 경기도 화성시 향남읍 구문천1길 43-9
D56: 화성창고-티센 | E56: 194638 | G56: 티센크루프엘리베이터코리아(주) | H56: 경기도 화성시 향남읍 구문천1길 43-9
D57: 화성창고-아주지오텍 | E57: 202724 | G57: 영일 - 아주지오텍(화성창고) | H57: 경기도 화성시 향남읍 구문천1길 43-9
D58: 화성창고-위아 | E58: 203805 | G58: 영일 - 위아(화성창고) | H58: 경기도 화성시 향남읍 구문천1길 43-9
D59: 화성창고-SEW | E59: 215691 | G59: 영일-SEW-화성창고 | H59: 경기도 화성시 향남읍 구문천1길 43-9
D60: 화성창고-SHILLA | E60: 208008 | G60: 영일-신라정밀-화성창고 | H60: 경기도 화성시 향남읍 구문천1길 43-9
D61: 화성창고-KORAIL-iL | E61: 207998 | G61: 영일-코레일-화성창고 | H61: 경기도 화성시 향남읍 구문천1길 43-9 | R61: `
D62: 화성창고-LG화학 | E62: 194819 | G62: 영일-(주)엘지화학 | H62: 충청남도 서산시 대산읍 독곶1로 54
D63: 화성창고-HYUNDAI E&C | E63: 229113 | G63: 영일-현대건설-화성 | H63: 경기도 화성시 향남읍 구문천1길 43-9
D64: 화성창고- LG Chemical | E64: 237074 | G64: 영일 - LG 화학 - 화성 | H64: 향남읍 구문천1길 43-9
D65: 화성창고-롯데케미칼 | E65: 231778 | G65: 영일 - 롯데케미칼 화성창고 | H65: 경기도 화성시 향남읍 구문천1길 43-9
D66: 화성창고-B2B MOP | E66: 272022
D67: 화성창고-MBK | E67: 211914
D68: 화성창고-롯데엠씨씨 | E68: 238419 | G68: 롯데엠씨씨(238419) | H68: 향남읍 구문천1길 43-9
D69: 화성창고-심팩 | E69: 273231
D70: 화성창고-수산중공업 | E70: 278724
D71: 화성창고-보창 | E71: 272022
D72: 화성창고-AW(SP1) | E72: 273458
D73: 화성창고-세아창원특수강 WH | E73: 239950
D74: 화성창고-AW(SP1) | E74: 273458
D75: 화성창고-AW(SP2) | E75: 273459
D76: 영일-세아특수강 WH | E76: 279329
D77: 영일-현대건설-부산CY | E77: 222604
D80: 거래처구분 | E80: 거래처코드 | F80: 제품명 | G80: 제품명 | H80: 제품명 | I80: 가격 | J80: 제품코드 | K80: 포장단위 | L80: 제품라인 | M80: 단위물량
E81: 135916 | F81: MOBIL VACTRA NO.1 - DR200L | I81: 520000 | J81: 135916 | K81: DRUM | L81: IND | M81: 200 | N81: 547000 | O81: TRUE
E82: 139029 | F82: MOBIL VACTRA NO 2 SLC DRUM 200L:KR | I82: 508000 | J82: 139029 | K82: DRUM | L82: IND | M82: 200 | N82: 535000 | O82: TRUE
E83: 139030 | F83: MOBIL VACTRA NO 2 SLC PAIL 20L:KR | I83: 54300 | J83: 139030 | K83: PAIL | L83: IND | M83: 20 | N83: 54500 | O83: TRUE
E84: 139084 | F84: MOBIL VACTRA OIL NO 1 PAIL 20L:KR | I84: 55700 | J84: 139084 | K84: PAIL | L84: IND | M84: 20 | N84: 58600 | O84: TRUE
E85: 139085 | F85: MOBIL VACTRA OIL NO 2 DRUM 200L:KR | I85: 508000 | J85: 139085 | K85: DRUM | L85: IND | M85: 200 | N85: 535000 | O85: TRUE
E86: 139086 | F86: MOBIL VACTRA OIL NO 2 PAIL 20L:KR | I86: 54300 | J86: 139086 | K86: PAIL | L86: IND | M86: 20 | N86: 54500 | O86: TRUE
E87: 139087 | F87: MOBIL VACTRA OIL NO 4 DRUM 200L:KR | I87: 520000 | J87: 139087 | K87: DRUM | L87: IND | M87: 200 | N87: 547000 | O87: TRUE
E88: 139088 | F88: MOBIL VACTRA OIL NO 4 PAIL 20L:KR | I88: 55700 | J88: 139088 | K88: PAIL | L88: IND | M88: 20 | N88: 58600 | O88: TRUE
E89: 120645 | F89: MOBILUBE 1 SHC 75W-90 DRUM 208L | I89: 2213000 | J89: 120645 | K89: DRUM | L89: CVL | M89: 200 | N89: 2213000 | O89: =I89=N89 -> TRUE
E90: 122916 | F90: MOBILUBE 1 SHC 75W-90 CTN 12X1L | I90: 140000 | J90: 122916 | K90: BOLG | L90: CVL | M90: 12 | N90: 140000 | O90: =I90=N90 -> TRUE
E91: 129171 | F91: MOBILUBE HD 80W-90 PAIL 20L | I91: 59700 | J91: 129171 | K91: PAIL | L91: CVL | M91: 20 | N91: 59700 | O91: =I91=N91 -> TRUE
E92: 129174 | F92: MOBILUBE HD 85W-140 PAIL 20L | I92: 70200 | J92: 129174 | K92: PAIL | L92: CVL | M92: 20 | N92: 70200 | O92: =I92=N92 -> TRUE
E93: 134989 | F93: MOBILUBE GX-A 80W PAIL 20L | I93: 90900 | J93: 134989 | K93: PAIL | L93: CVL | M93: 20 | N93: 90900 | O93: =I93=N93 -> TRUE
E94: 135691 | F94: MOBILUBE LS 85W-90 PAIL 20L | I94: 91100 | J94: 135691 | K94: PAIL | L94: CVL | M94: 20 | N94: 91100 | O94: =I94=N94 -> TRUE
E95: 138838 | F95: MOBIL HYDRAULIC 10W DRUM 200L | I95: 615000 | J95: 138838 | K95: DRUM | L95: CVL | M95: 200 | N95: 615000 | O95: =I95=N95 -> TRUE
E96: 138840 | F96: Mobil Delvac Hydraulic 10W 20L | I96: 65600 | J96: 138840 | K96: PAIL | L96: CVL | M96: 20 | N96: 65600 | O96: =I96=N96 -> TRUE
E97: 138851 | F97: MOBIL FLUID LT DRUM 208L | I97: 1193000 | J97: 138851 | K97: DRUM | L97: CVL | M97: 208 | N97: 1193000 | O97: =I97=N97 -> TRUE
E98: 138889 | F98: MOBILUBE GX 80W-90 DRUM 200L | I98: 520000 | J98: 138889 | K98: DRUM | L98: CVL | M98: 200 | N98: 520000 | O98: =I98=N98 -> TRUE
E99: 138890 | F99: MOBILUBE GX 80W-90 PAIL 20L | I99: 54000 | J99: 138890 | K99: PAIL | L99: CVL | M99: 20 | N99: 54000 | O99: =I99=N99 -> TRUE
E100: 138893 | F100: MOBILUBE HD 80W-90 DRUM 200L | I100: 552000 | J100: 138893 | K100: DRUM | L100: CVL | M100: 200 | N100: 552000 | O100: =I100=N100 -> TRUE
... E110: 143240 | F110: M DV ULTRA 5W-40 UP V1 CTN 4X4L | I110: 107800 | J110: 143240 | K110: BOSM | L110: CVL | M110: 16 | N110: 107800 | O110: =I110=N110 -> TRUE
E111: 138583 | F111: MOBIL ATF 220 CTN 12X1L:TW | I111: 44600 | J111: 138583 | K111: BOSM | L111: MBK | M111: 12 | N111: #N/A | O111: =I111=N111 -> #N/A
E112: 123205 | F112: MOBIL BRAKE FLUID DOT4 CTN 12X0.5L | I112: 60300 | J112: 123205 | K112: BOSM | L112: PVL | M112: 6 | N112: 60300 | O112: =I112=N112 -> TRUE
E113: 124476 | F113: MOBIL MULTIPURPOSE ATF PAIL 20L | I113: 63200 | J113: 124476 | K113: PAIL | L113: PVL | M113: 20 | N113: 63200 | O113: =I113=N113 -> TRUE
E114: 135080 | F114: MOBIL ANTIFREEZE EXTRA CTN 12X1L | I114: 110000 | J114: 135080 | K114: BOSM | L114: PVL | M114: 12 | N114: 110000 | O114: =I114=N114 -> TRUE
E115: 138806 | F115: MOBIL OUTBOARD PLUS CTN 24X0.414L | I115: 148600 | J115: 138806 | K115: BOLG | L115: PVL | M115: 9.94 | N115: 148600 | O115: =I115=N115 -> TRUE
E116: 138827 | F116: MOBIL MULTIPURPOSE ATF DRUM 200L | I116: 595000 | J116: 138827 | K116: DRUM | L116: PVL | M116: 200 | N116: 595000 | O116: =I116=N116 -> TRUE
E117: 138888 | F117: MOBILUBE 1 SHC 75W-90 PAIL 20L:KR | I117: 233000 | J117: 138888 | K117: PAIL | L117: PVL | M117: 20 | N117: 233000 | O117: =I117=N117 -> TRUE
E118: 138892 | F118: MOBILUBE GX 80W-90 CTN 4X4 | I118: 46500 | J118: 138892 | K118: BOLG | L118: PVL | M118: 16 | N118: 46500 | O118: =I118=N118 -> TRUE
E119: 142227 | F119: MOBIL DELVAC XHP ESP S 10W-40 DM 200L:KR | I119: 853000 | J119: 142227 | K119: DRUM | L119: PVL | M119: 200 | N119: #N/A | O119: =I119=N119 -> #N/A
E120: 140169 | F120: MOBIL Super 3000 FP 0W30 CTN 12X1L | I120: 62400 | J120: 140169 | K120: BOSM | L120: PVL | M120: 12 | N120: #N/A | O120: =I120=N120 -> #N/A
E121: 140657 | F121: MOBIL 1 5W30(SN) CTN 12X1L | I121: 118000 | J121: 140657 | K121: BOSM | L121: PVL | M121: 12 | N121: 118000 | O121: =I121=N121 -> TRUE
E122: 140660 | F122: MOBIL 1 0W-40(SN) CTN 12X1L | I122: 118000 | J122: 140660 | K122: BOSM | L122: PVL | M122: 12 | N122: 118000 | O122: =I122=N122 -> TRUE
E123: 140661 | F123: MOBIL 1 0W-40 DRUM 200L: KR | I123: 1789000 | J123: 140661 | K123: DRUM | L123: PVL | M123: 200 | N123: 1789000 | O123: =I123=N123 -> TRUE
E124: 141593 | F124: MOBIL SPECIAL PLUS 5W-30 DRUM 200L | I124: 479000 | J124: 141593 | K124: DRUM | L124: PVL | M124: 200 | N124: 479000 | O124: =I124=N124 -> TRUE
E125: 120082 | F125: MOBILGREASE 28, 16KG/35.2LB | I125: 605000 | J125: 120082 | K125: PAIL | L125: AVI | M125: 16 | N125: 605000 | O125: =I125=N125 -> TRUE
E126: 120084 | F126: JET OIL 254 24X1QT CTN/CANS METAL | I126: 458000 | J126: 120084 | K126: BOX | L126: AVI | M126: 22.8 | N126: 458000 | O126: =I126=N126 -> TRUE
...

Sheet 수출 (2)
B2: 발 주 서 | M2: 발주 접수처 (엑슨모빌 중국 상하이 고객지원팀)
M3: · 부서메일주소 : koreadcp@exxonmobil.com
M4: · 수신부담팩스 : 00798 8521 8501
M5: · 수신부담전화 : 00798 8521 8503
B7: 대리점명 | D7: (주)영일오엔씨 | F7: 대리점코드 | G7: 모빌(194637) | K7: 발주일 | L7: =TODAY() -> 45981 | N7: 납기일 | O7: =TODAY()+1 -> 45982
B8: 전화번호 | D8: 02-2693-5189 | F8: 팩스번호 | G8: 02-2693-5902 | K8: 담당자 | L8: 조윤석 팀장 | N8: 연락처 | O8: 031-8059-5151
B9: 주소 | K9: 납 지 | L9: 영일-화성 | M9: =IF($L9<>0,VLOOKUP($L9,$G$45:$K$70,2,FALSE),"") -> 경기도 화성시 향남읍 구문천1길 43-9
B11: 순번 (No.) | C11: 발주처 | D11: 거래처명 (Ship to) | E11: 코드번호 (Child Code) | F11: 제품코드 (P-Code) | G11: 제품명 (Product Name) | J11: 규격 (Package) | K11: 제품군 (Lob) | L11: 수량 (Quanty) | M11: 물량/리터 (Volume) | N11: 단가 (Unit Price) | O11: 금액(별도) (Amounts) | P11: 오더번호 | R11: 발주단위 | U11: 금액(포함) | V11: 미출수량 | W11: 중복 | X11: 전일발주수량 | Y11: 단가 | Z11: 확인
B12: 1 | D12: 영일-EPC-진해 | E12: =IF($D12<>0,VLOOKUP($D12,$D$45:$E$71,2,FALSE),"") -> 233943 | F12: 136174 | G12: =IF($F12<>0,VLOOKUP($F12,$E$73:$M$729,2,FALSE),"") -> PEGASUS 805, 200LT, DR | J12: =IF($F12<>0,VLOOKUP($F12,$E$73:$M$729,7,FALSE),"") -> DRUM | K12: =IF($F12<>0,VLOOKUP($F12,$E$73:$M$729,8,FALSE),"") -> IND | L12: 50 | M12: =IF($L12<>0,VLOOKUP($F12,$E$73:$M$729,9,FALSE)*$L12,"") -> 10000 | N12: 585000 | O12: =IF(L12<>0,$L12*$N12,"") -> 29250000 | R12: =VLOOKUP(F12,'파레트 제품 리스트'!$B:$F,4,0) -> DRUM | S12: =VLOOKUP(F12,'파레트 제품 리스트'!$B:$F,5,0) -> 1 | U12: =O12*1.1 -> 32175000
B13: 2 | D13: 영일-EPC-진해 | E13: =IF($D13<>0,VLOOKUP($D13,$D$45:$E$71,2,FALSE),"") -> 233943 | F13: 148676 | G13: =IF($F13<>0,VLOOKUP($F13,$E$73:$M$529,2,FALSE),"") -> MOBIL DTE 732 M-DR208L | J13: =IF($F13<>0,VLOOKUP($F13,$E$73:$M$529,7,FALSE),"") -> DRUM | K13: =IF($F13<>0,VLOOKUP($F13,$E$73:$M$529,8,FALSE),"") -> IND | M13: =IF($L13<>0,VLOOKUP($F13,$E$73:$M$529,9,FALSE)*$L13,"") | N13: 530000 | O13: =IF(L13<>0,$L13*$N13,"") | R13: =VLOOKUP(F13,'파레트 제품 리스트'!$B:$F,4,0) -> DRUM | S13: =VLOOKUP(F13,'파레트 제품 리스트'!$B:$F,5,0) -> 1 | U13: =O13*1.1 -> #VALUE! | V13: =VLOOKUP(F13,미출!$D:$F,3,0) -> #N/A | W13: =COUNTIF($F$11:$F$11,F13) -> 0 | X13: =VLOOKUP(F13,#REF!,7,0) -> #REF! | Z13: =N13=Y13 -> FALSE
B14: 3 | E14: =IF($D14<>0,VLOOKUP($D14,$D$45:$E$71,2,FALSE),"") | G14: =IF($F14<>0,VLOOKUP($F14,$E$73:$M$529,2,FALSE),"") | J14: =IF($F14<>0,VLOOKUP($F14,$E$73:$M$529,7,FALSE),"") | K14: =IF($F14<>0,VLOOKUP($F14,$E$73:$M$529,8,FALSE),"") | M14: =IF($L14<>0,VLOOKUP($F14,$E$73:$M$529,9,FALSE)*$L14,"") | N14: =IF($F14<>0,VLOOKUP($F14,$E$53:$L$537,5,FALSE),"") | O14: =IF(L14<>0,$L14*$N14,"") | R14: =VLOOKUP(F14,'파레트 제품 리스트'!$B:$F,4,0) -> #N/A | S14: =VLOOKUP(F14,'파레트 제품 리스트'!$B:$F,5,0) -> #N/A | U14: =O14*1.1 -> #VALUE!
B15: 4 | E15: =IF($D15<>0,VLOOKUP($D15,$D$45:$E$71,2,FALSE),"") | G15: =IF($F15<>0,VLOOKUP($F15,$E$73:$M$529,2,FALSE),"") | J15: =IF($F15<>0,VLOOKUP($F15,$E$73:$M$529,7,FALSE),"") | K15: =IF($F15<>0,VLOOKUP($F15,$E$73:$M$529,8,FALSE),"") | M15: =IF($L15<>0,VLOOKUP($F15,$E$73:$M$529,9,FALSE)*$L15,"") | N15: =IF($F15<>0,VLOOKUP($F15,$E$53:$L$537,5,FALSE),"") | O15: =IF(L15<>0,$L15*$N15,"") | R15: =VLOOKUP(F15,'파레트 제품 리스트'!$B:$F,4,0) -> #N/A | S15: =VLOOKUP(F15,'파레트 제품 리스트'!$B:$F,5,0) -> #N/A | U15: =O15*1.1 -> #VALUE!
B16: 5 | E16: =IF($D16<>0,VLOOKUP($D16,$D$45:$E$71,2,FALSE),"") | G16: =IF($F16<>0,VLOOKUP($F16,$E$73:$M$529,2,FALSE),"") | J16: =IF($F16<>0,VLOOKUP($F16,$E$73:$M$529,7,FALSE),"") | K16: =IF($F16<>0,VLOOKUP($F16,$E$73:$M$529,8,FALSE),"") | M16: =IF($L16<>0,VLOOKUP($F16,$E$73:$M$529,9,FALSE)*$L16,"") | N16: =IF($F16<>0,VLOOKUP($F16,$E$53:$L$537,5,FALSE),"") | O16: =IF(L16<>0,$L16*$N16,"") | R16: =VLOOKUP(F16,'파레트 제품 리스트'!$B:$F,4,0) -> #N/A | S16: =VLOOKUP(F16,'파레트 제품 리스트'!$B:$F,5,0) -> #N/A | U16: =O16*1.1 -> #VALUE!
B17: 6 | E17: =IF($D17<>0,VLOOKUP($D17,$D$45:$E$71,2,FALSE),"") | G17: =IF($F17<>0,VLOOKUP($F17,$E$73:$M$529,2,FALSE),"") | J17: =IF($F17<>0,VLOOKUP($F17,$E$73:$M$529,7,FALSE),"") | K17: =IF($F17<>0,VLOOKUP($F17,$E$73:$M$529,8,FALSE),"") | M17: =IF($L17<>0,VLOOKUP($F17,$E$73:$M$529,9,FALSE)*$L17,"") | N17: =IF($F17<>0,VLOOKUP($F17,$E$53:$L$537,5,FALSE),"") | O17: =IF(L17<>0,$L17*$N17,"") | R17: =VLOOKUP(F17,'파레트 제품 리스트'!$B:$F,4,0) -> #N/A | S17: =VLOOKUP(F17,'파레트 제품 리스트'!$B:$F,5,0) -> #N/A | U17: =O17*1.1 -> #VALUE!
B18: 7 | E18: =IF($D18<>0,VLOOKUP($D18,$D$45:$E$71,2,FALSE),"") | G18: =IF($F18<>0,VLOOKUP($F18,$E$73:$M$529,2,FALSE),"") | J18: =IF($F18<>0,VLOOKUP($F18,$E$73:$M$529,7,FALSE),"") | K18: =IF($F18<>0,VLOOKUP($F18,$E$73:$M$529,8,FALSE),"") | M18: =IF($L18<>0,VLOOKUP($F18,$E$73:$M$529,9,FALSE)*$L18,"") | N18: =IF($F18<>0,VLOOKUP($F18,$E$53:$L$537,5,FALSE),"") | O18: =IF(L18<>0,$L18*$N18,"") | R18: =VLOOKUP(F18,'파레트 제품 리스트'!$B:$F,4,0) -> #N/A | S18: =VLOOKUP(F18,'파레트 제품 리스트'!$B:$F,5,0) -> #N/A | U18: =O18*1.1 -> #VALUE!
B19: 8 | E19: =IF($D19<>0,VLOOKUP($D19,$D$45:$E$71,2,FALSE),"") | G19: =IF($F19<>0,VLOOKUP($F19,$E$73:$M$529,2,FALSE),"") | J19: =IF($F19<>0,VLOOKUP($F19,$E$73:$M$529,7,FALSE),"") | K19: =IF($F19<>0,VLOOKUP($F19,$E$73:$M$529,8,FALSE),"") | M19: =IF($L19<>0,VLOOKUP($F19,$E$73:$M$529,9,FALSE)*$L19,"") | N19: =IF($F19<>0,VLOOKUP($F19,$E$53:$L$537,5,FALSE),"") | O19: =IF(L19<>0,$L19*$N19,"") | R19: =VLOOKUP(F19,'파레트 제품 리스트'!$B:$F,4,0) -> #N/A | S19: =VLOOKUP(F19,'파레트 제품 리스트'!$B:$F,5,0) -> #N/A | U19: =O19*1.1 -> #VALUE!
B20: 9 | N20: =IF($F20<>0,VLOOKUP($F20,$E$53:$L$537,5,FALSE),"") | R20: =VLOOKUP(F20,'파레트 제품 리스트'!$B:$F,4,0) -> #N/A | S20: =VLOOKUP(F20,'파레트 제품 리스트'!$B:$F,5,0) -> #N/A | U20: =O20*1.1 -> 0
B21: 10 | N21: =IF($F21<>0,VLOOKUP($F21,$E$53:$L$537,5,FALSE),"") | R21: =VLOOKUP(F21,'파레트 제품 리스트'!$B:$F,4,0) -> #N/A | S21: =VLOOKUP(F21,'파레트 제품 리스트'!$B:$F,5,0) -> #N/A | U21: =O21*1.1 -> 0
B22: 11 | N22: =IF($F22<>0,VLOOKUP($F22,$E$53:$L$537,5,FALSE),"") | R22: =VLOOKUP(F22,'파레트 제품 리스트'!$B:$F,4,0) -> #N/A | S22: =VLOOKUP(F22,'파레트 제품 리스트'!$B:$F,5,0) -> #N/A | U22: =O22*1.1 -> 0
B23: 12 | R23: =VLOOKUP(F23,'파레트 제품 리스트'!$B:$F,4,0) -> #N/A | S23: =VLOOKUP(F23,'파레트 제품 리스트'!$B:$F,5,0) -> #N/A | U23: =O23*1.1 -> 0
B24: 13 | R24: =VLOOKUP(F24,'파레트 제품 리스트'!$B:$F,4,0) -> #N/A | S24: =VLOOKUP(F24,'파레트 제품 리스트'!$B:$F,5,0) -> #N/A | U24: =O24*1.1 -> 0
B25: 14 | E25: =IF($D25<>0,VLOOKUP($D25,$D$45:$E$71,2,FALSE),"") | G25: =IF($F25<>0,VLOOKUP($F25,$E$73:$M$529,2,FALSE),"") | J25: =IF($F25<>0,VLOOKUP($F25,$E$73:$M$529,7,FALSE),"") | K25: =IF($F25<>0,VLOOKUP($F25,$E$73:$M$529,8,FALSE),"") | M25: =IF($L25<>0,VLOOKUP($F25,$E$73:$M$529,9,FALSE)*$L25,"") | O25: =IF(L25<>0,$L25*$N25,"") | R25: =VLOOKUP(F25,'파레트 제품 리스트'!$B:$F,4,0) -> #N/A | S25: =VLOOKUP(F25,'파레트 제품 리스트'!$B:$F,5,0) -> #N/A | U25: =O25*1.1 -> #VALUE! | V25: =VLOOKUP(F25,미출!$D:$F,3,0) -> #N/A | W25: =COUNTIF($F$11:$F$11,F25) -> 0 | X25: =VLOOKUP(F25,#REF!,7,0) -> #REF! | Z25: =N25=Y25 -> TRUE
E26: =IF($D26<>0,VLOOKUP($D26,$D$45:$E$70,2,FALSE),"") | G26: =IF($F26<>0,VLOOKUP($F26,$E$73:$M$538,2,FALSE),"") | J26: =IF($F26<>0,VLOOKUP($F26,$E$73:$M$538,7,FALSE),"") | K26: =IF($F26<>0,VLOOKUP($F26,$E$73:$M$538,8,FALSE),"") | M26: =IF($L26<>0,VLOOKUP($F26,$E$73:$M$521,9,FALSE)*$L26,"") | N26: =IF($F26<>0,VLOOKUP($F26,$E$53:$L$537,5,FALSE),"") | O26: =IF(L26<>0,$L26*$N26,"") | R26: =VLOOKUP(F26,'파레트 제품 리스트'!$B:$F,4,0) -> #N/A | S26: =VLOOKUP(F26,'파레트 제품 리스트'!$B:$F,5,0) -> #N/A | U26: =O26*1.1 -> #VALUE! | V26: =VLOOKUP(F26,미출!$D:$F,3,0) -> #N/A | W26: =COUNTIF($F$11:$F$11,F26) -> 0 | X26: =VLOOKUP(F26,#REF!,7,0) -> #REF! | Z26: =N26=Y26 -> TRUE
J27: =IF($F27<>0,VLOOKUP($F27,$E$82:$M$451,7,FALSE),"") | K27: =IF($F27<>0,VLOOKUP($F27,$E$82:$M$451,8,FALSE),"") | M27: =IF($L27<>0,VLOOKUP($F27,$E$82:$M$451,9,FALSE)*$L27,"") | N27: =IF($F27<>0,VLOOKUP($F27,$E$82:$M$451,5,FALSE),"") | O27: =IF(L27<>0,$L27*$N27,"")
I28: 발주물량 | J28: 리터(Liter) | K28: =SUM(M12:M26) -> 10000 | M28: 발주 금액 | N28: 부가세별도 | O28: =SUM(O12:O27) -> 29250000
J29: 드럼(Drum) | K29: =$K$28/200 -> 50 | N29: 부가세포함 | O29: =O28*1.1 -> 32175000
L32: =#REF!+#REF!+#REF!+#REF! -> #REF!
L33: =+#REF!+#REF!+#REF!+#REF! -> #REF!
L34: =L33-L32 -> #REF!
B41: 발주서 기초자료
D44: 거래처명 | E44: 거래처코드 | G44: 배송지 | H44: 주소 | M44: 담당자 | N44: 연락처
D45: 화성창고-일반가 | E45: 194667 | G45: 영일-화성 | H45: 경기도 화성시 향남읍 구문천1길 43-9
D46: 화성창고-화성에너지 | E46: 200584 | G46: 영일 - 화성(에너지) | H46: 경기도 화성시 향남읍 구문천1길 43-9
D47: 화성창고-하이스코 | E47: 194729 | G47: 영일-현대제철(화성창고) | H47: 경기도 화성시 향남읍 구문천1길 43-9
D48: 화성창고-티센 | E48: 194638 | G48: 티센크루프엘리베이터코리아(주) | H48: 경기도 화성시 향남읍 구문천1길 43-9
D49: 화성창고-아주지오텍 | E49: 202724 | G49: 영일 - 아주지오텍(화성창고) | H49: 경기도 화성시 향남읍 구문천1길 43-9
D50: 화성창고-위아 | E50: 203805 | G50: 영일 - 위아(화성창고) | H50: 경기도 화성시 향남읍 구문천1길 43-9
D51: 화성창고-SEW | E51: 215691 | G51: 영일-SEW-화성창고 | H51: 경기도 화성시 향남읍 구문천1길 43-9
D52: 화성창고-SHILLA | E52: 208008 | G52: 영일-신라정밀-화성창고 | H52: 경기도 화성시 향남읍 구문천1길 43-9
D53: 화성창고-KORAIL-iL | E53: 207998 | G53: 영일-코레일-화성창고 | H53: 경기도 화성시 향남읍 구문천1길 43-9 | R53: `
D54: 화성창고-LG화학 | E54: 194819 | G54: 영일-(주)엘지화학 | H54: 충청남도 서산시 대산읍 독곶1로 54
D55: 화성창고-HYUNDAI E&C | E55: 229113 | G55: 영일-현대건설-화성 | H55: 경기도 화성시 향남읍 구문천1길 43-9
D56: 화성창고- LG Chemical | E56: 237074 | G56: 영일 - LG 화학 - 화성 | H56: 향남읍 구문천1길 43-9
D57: 화성창고-롯데케미칼 | E57: 231778 | G57: 영일 - 롯데케미칼 화성창고 | H57: 경기도 화성시 향남읍 구문천1길 43-9
D58: 화성창고-B2B MOP | E58: 272022
D59: 화성창고-MBK | E59: 211914
D60: 화성창고-롯데엠씨씨 | E60: 238419 | G60: 롯데엠씨씨(238419) | H60: 향남읍 구문천1길 43-9
D61: 화성창고-심팩 | E61: 273231
D62: 화성창고-수산중공업 | E62: 278724
D63: 화성창고-보창 | E63: 272022
D64: 화성창고-AW(SP1) | E64: 273458
D65: 화성창고-세아창원특수강 WH | E65: 239950
D66: 화성창고-AW(SP1) | E66: 273458
D67: 화성창고-AW(SP2) | E67: 273459
D68: 영일-세아특수강 WH | E68: 279329
D69: 영일-EPC-진해 | E69: 233943
D70: 영일-현대건설-부산CY | E70: 222604
D73: 거래처구분 | E73: 거래처코드 | F73: 제품명 | G73: 제품명 | H73: 제품명 | I73: 가격 | J73: 제품코드 | K73: 포장단위 | L73: 제품라인 | M73: 단위물량
E74: 135916 | F74: MOBIL VACTRA NO.1 - DR200L | I74: 520000 | J74: 135916 | K74: DRUM | L74: IND | M74: 200 | N74: 547000 | O74: TRUE
E75: 139029 | F75: MOBIL VACTRA NO 2 SLC DRUM 200L:KR | I75: 508000 | J75: 139029 | K75: DRUM | L75: IND | M75: 200 | N75: 535000 | O75: TRUE
E76: 139030 | F76: MOBIL VACTRA NO 2 SLC PAIL 20L:KR | I76: 54300 | J76: 139030 | K76: PAIL | L76: IND | M76: 20 | N76: 54500 | O76: TRUE
E77: 139084 | F77: MOBIL VACTRA OIL NO 1 PAIL 20L:KR | I77: 55700 | J77: 139084 | K77: PAIL | L77: IND | M77: 20 | N77: 58600 | O77: TRUE
E78: 139085 | F78: MOBIL VACTRA OIL NO 2 DRUM 200L:KR | I78: 508000 | J78: 139085 | K78: DRUM | L78: IND | M78: 200 | N78: 535000 | O78: TRUE
E79: 139086 | F79: MOBIL VACTRA OIL NO 2 PAIL 20L:KR | I79: 54300 | J79: 139086 | K79: PAIL | L79: IND | M79: 20 | N79: 54500 | O79: TRUE
E80: 139087 | F80: MOBIL VACTRA OIL NO 4 DRUM 200L:KR | I80: 520000 | J80: 139087 | K80: DRUM | L80: IND | M80: 200 | N80: 547000 | O80: TRUE
E81: 139088 | F81: MOBIL VACTRA OIL NO 4 PAIL 20L:KR | I81: 55700 | J81: 139088 | K81: PAIL | L81: IND | M81: 20 | N81: 58600 | O81: TRUE
E82: 120645 | F82: MOBILUBE 1 SHC 75W-90 DRUM 208L | I82: 2213000 | J82: 120645 | K82: DRUM | L82: CVL | M82: 200 | N82: 2213000 | O82: =I82=N82 -> TRUE
E83: 122916 | F83: MOBILUBE 1 SHC 75W-90 CTN 12X1L | I83: 140000 | J83: 122916 | K83: BOLG | L83: CVL | M83: 12 | N83: 140000 | O83: =I83=N83 -> TRUE
E84: 129171 | F84: MOBILUBE HD 80W-90 PAIL 20L | I84: 59700 | J84: 129171 | K84: PAIL | L84: CVL | M84: 20 | N84: 59700 | O84: =I84=N84 -> TRUE
E85: 129174 | F85: MOBILUBE HD 85W-140 PAIL 20L | I85: 70200 | J85: 129174 | K85: PAIL | L85: CVL | M85: 20 | N85: 70200 | O85: =I85=N85 -> TRUE
E86: 134989 | F86: MOBILUBE GX-A 80W PAIL 20L | I86: 90900 | J86: 134989 | K86: PAIL | L86: CVL | M86: 20 | N86: 90900 | O86: =I86=N86 -> TRUE
E87: 135691 | F87: MOBILUBE LS 85W-90 PAIL 20L | I87: 91100 | J87: 135691 | K87: PAIL | L87: CVL | M87: 20 | N87: 91100 | O87: =I87=N87 -> TRUE
E88: 138838 | F88: MOBIL HYDRAULIC 10W DRUM 200L | I88: 615000 | J88: 138838 | K88: DRUM | L88: CVL | M88: 200 | N88: 615000 | O88: =I88=N88 -> TRUE
E89: 138840 | F89: Mobil Delvac Hydraulic 10W 20L | I89: 65600 | J89: 138840 | K89: PAIL | L89: CVL | M89: 20 | N89: 65600 | O89: =I89=N89 -> TRUE
E90: 138851 | F90: MOBIL FLUID LT DRUM 208L | I90: 1193000 | J90: 138851 | K90: DRUM | L90: CVL | M90: 208 | N90: 1193000 | O90: =I90=N90 -> TRUE
E91: 138889 | F91: MOBILUBE GX 80W-90 DRUM 200L | I91: 520000 | J91: 138889 | K91: DRUM | L91: CVL | M91: 200 | N91: 520000 | O91: =I91=N91 -> TRUE
E92: 138890 | F92: MOBILUBE GX 80W-90 PAIL 20L | I92: 54000 | J92: 138890 | K92: PAIL | L92: CVL | M92: 20 | N92: 54000 | O92: =I92=N92 -> TRUE
E93: 138893 | F93: MOBILUBE HD 80W-90 DRUM 200L | I93: 552000 | J93: 138893 | K93: DRUM | L93: CVL | M93: 200 | N93: 552000 | O93: =I93=N93 -> TRUE
... E103: 143240 | F103: M DV ULTRA 5W-40 UP V1 CTN 4X4L | I103: 107800 | J103: 143240 | K103: BOSM | L103: CVL | M103: 16 | N103: 107800 | O103: =I103=N103 -> TRUE
E104: 138583 | F104: MOBIL ATF 220 CTN 12X1L:TW | I104: 44600 | J104: 138583 | K104: BOSM | L104: MBK | M104: 12 | N104: #N/A | O104: =I104=N104 -> #N/A
E105: 123205 | F105: MOBIL BRAKE FLUID DOT4 CTN 12X0.5L | I105: 60300 | J105: 123205 | K105: BOSM | L105: PVL | M105: 6 | N105: 60300 | O105: =I105=N105 -> TRUE
E106: 124476 | F106: MOBIL MULTIPURPOSE ATF PAIL 20L | I106: 63200 | J106: 124476 | K106: PAIL | L106: PVL | M106: 20 | N106: 63200 | O106: =I106=N106 -> TRUE
E107: 135080 | F107: MOBIL ANTIFREEZE EXTRA CTN 12X1L | I107: 110000 | J107: 135080 | K107: BOSM | L107: PVL | M107: 12 | N107: 110000 | O107: =I107=N107 -> TRUE
E108: 138806 | F108: MOBIL OUTBOARD PLUS CTN 24X0.414L | I108: 148600 | J108: 138806 | K108: BOLG | L108: PVL | M108: 9.94 | N108: 148600 | O108: =I108=N108 -> TRUE
E109: 138827 | F109: MOBIL MULTIPURPOSE ATF DRUM 200L | I109: 595000 | J109: 138827 | K109: DRUM | L109: PVL | M109: 200 | N109: 595000 | O109: =I109=N109 -> TRUE
E110: 138888 | F110: MOBILUBE 1 SHC 75W-90 PAIL 20L:KR | I110: 233000 | J110: 138888 | K110: PAIL | L110: PVL | M110: 20 | N110: 233000 | O110: =I110=N110 -> TRUE
E111: 138892 | F111: MOBILUBE GX 80W-90 CTN 4X4 | I111: 46500 | J111: 138892 | K111: BOLG | L111: PVL | M111: 16 | N111: 46500 | O111: =I111=N111 -> TRUE
E112: 142227 | F112: MOBIL DELVAC XHP ESP S 10W-40 DM 200L:KR | I112: 853000 | J112: 142227 | K112: DRUM | L112: PVL | M112: 200 | N112: #N/A | O112: =I112=N112 -> #N/A
E113: 140169 | F113: MOBIL Super 3000 FP 0W30 CTN 12X1L | I113: 62400 | J113: 140169 | K113: BOSM | L113: PVL | M113: 12 | N113: #N/A | O113: =I113=N113 -> #N/A
E114: 140657 | F114: MOBIL 1 5W30(SN) CTN 12X1L | I114: 118000 | J114: 140657 | K114: BOSM | L114: PVL | M114: 12 | N114: 118000 | O114: =I114=N114 -> TRUE
E115: 140660 | F115: MOBIL 1 0W-40(SN) CTN 12X1L | I115: 118000 | J115: 140660 | K115: BOSM | L115: PVL | M115: 12 | N115: 118000 | O115: =I115=N115 -> TRUE
E116: 140661 | F116: MOBIL 1 0W-40 DRUM 200L: KR | I116: 1789000 | J116: 140661 | K116: DRUM | L116: PVL | M116: 200 | N116: 1789000 | O116: =I116=N116 -> TRUE
E117: 141593 | F117: MOBIL SPECIAL PLUS 5W-30 DRUM 200L | I117: 479000 | J117: 141593 | K117: DRUM | L117: PVL | M117: 200 | N117: 479000 | O117: =I117=N117 -> TRUE
E118: 120082 | F118: MOBILGREASE 28, 16KG/35.2LB | I118: 605000 | J118: 120082 | K118: PAIL | L118: AVI | M118: 16 | N118: 605000 | O118: =I118=N118 -> TRUE
E119: 120084 | F119: JET OIL 254 24X1QT CTN/CANS METAL | I119: 458000 | J119: 120084 | K119: BOX | L119: AVI | M119: 22.8 | N119: 458000 | O119: =I119=N119 -> TRUE
E120: 120088 | F120: MOBIL JET OIL II,55GA(208LT),DRUM,METAL | I120: 4264030 | J120: 120088 | K120: DRUM | L120: AVI | M120: 208 | N120: #N/A | O120: =I120=N120 -> #N/A
E121: 120089 | F121: MOBIL JET OIL II,24X1QT,CTN/CANS,METAL | I121: 380000 | J121: 120089 | K121: BOX | L121: AVI | M121: 22.8 | N121: 380000 | O121: =I121=N121 -> TRUE
E122: 134601 | F122: MOBIL AERO HF, 55GA DRUM | I122: 3724000 | J122: 134601 | K122: DRUM | L122: AVI | M122: 200 | N122: 3724000 | O122: =I122=N122 -> TRUE
E123: 134756 | F123: MOBILGREASE 33, 16KG PAIL | I123: 662000 | J123: 134756 | K123: PAIL | L123: AVI | M123: 16 | N123: 662000 | O123: =I123=N123 -> TRUE
E124: 135390 | F124: HYJET V, 5GA PAIL | I124: 524000 | J124: 135390 | K124: PAIL | L124: AVI | M124: 20 | N124: 524000 | O124: =I124=N124 -> TRUE
...

Sheet 화성특가_자차
B2: 발 주 서 | M2: 발주 접수처 (엑슨모빌 중국 상하이 고객지원팀)
M3: · 부서메일주소 : koreadcp@exxonmobil.com
M4: · 수신부담팩스 : 00798 8521 8501
M5: · 수신부담전화 : 00798 8521 8503
B7: 대리점명 | D7: (주)영일오엔씨 | F7: 대리점코드 | G7: 모빌(194637) | K7: 발주일 | L7: =TODAY() -> 45981 | N7: 납기일 | O7: 45715
B8: 전화번호 | D8: 02-2693-5189 | F8: 팩스번호 | G8: 02-2693-5902 | K8: 담당자 | L8: 조윤석 팀장 | N8: 연락처 | O8: 031-8059-5151
B9: 주소 | K9: 납 지 | M9: =IF($L9<>0,VLOOKUP($L9,$G$49:$K$63,2,FALSE),"")
B11: 순번 (No.) | C11: 발주처 | D11: 거래처명 (Ship to) | E11: 코드번호 (Child Code) | F11: 제품코드 (P-Code) | G11: 제품명 (Product Name) | J11: 규격 (Package) | K11: 제품군 (Lob) | L11: 수량 (Quanty) | M11: 물량/리터 (Volume) | N11: 단가 (Unit Price) | O11: 금액(별도) (Amounts) | P11: 오더번호 | R11: 발주단위 | U11: 금액(포함) | V11: 미출수량 | W11: 중복 | X11: 전일발주수량 | Y11: 단가 | Z11: 확인
B12: 1 | D12: 영일-EPC-부산 | E12: =IF($D12<>0,VLOOKUP($D12,$D$45:$E$63,2,FALSE),"") -> 231054 | F12: 141746 | G12: =IF($F12<>0,VLOOKUP($F12,$E$67:$M$516,2,FALSE),"") -> MOBIL DTE 25 ULTRA DRUM 200L:KR | J12: =IF($F12<>0,VLOOKUP($F12,$E$67:$M$516,7,FALSE),"") -> DRUM | K12: =IF($F12<>0,VLOOKUP($F12,$E$67:$M$516,8,FALSE),"") -> IND | L12: 51 | M12: =IF($L12<>0,VLOOKUP($F12,$E$67:$M$516,9,FALSE)*$L12,"") -> 10200 | N12: 440000 | O12: =IF(L12<>0,$L12*$N12,"") -> 22440000 | P12: 132 | R12: =VLOOKUP(F12,'파레트 제품 리스트'!$B:$F,4,0) -> DRUM | S12: =VLOOKUP(F12,'파레트 제품 리스트'!$B:$F,5,0) -> 1 | U12: =O12*1.1 -> 24684000 | V12: =VLOOKUP(F12,미출!$D:$F,3,0) -> #N/A | W12: =COUNTIF($F$11:F12,F12) -> 1 | X12: =VLOOKUP(F12,#REF!,7,0) -> #REF! | Y12: 390000 | Z12: =N12=Y12 -> FALSE
B13: 2 | D13: 영일-EPC-부산 | E13: =IF($D13<>0,VLOOKUP($D13,$D$45:$E$63,2,FALSE),"") -> 231054 | F13: 139130 | G13: =IF($F13<>0,VLOOKUP($F13,$E$67:$M$516,2,FALSE),"") -> MOBILGEAR 600 XP 150 DRUM 200L:KR | J13: =IF($F13<>0,VLOOKUP($F13,$E$67:$M$516,7,FALSE),"") -> DRUM | K13: =IF($F13<>0,VLOOKUP($F13,$E$67:$M$516,8,FALSE),"") -> IND | L13: 25 | M13: =IF($L13<>0,VLOOKUP($F13,$E$67:$M$516,9,FALSE)*$L13,"") -> 5000 | N13: 600000 | O13: =IF(L13<>0,$L13*$N13,"") -> 15000000 | P13: 56 | R13: =VLOOKUP(F13,'파레트 제품 리스트'!$B:$F,4,0) -> DRUM | S13: =VLOOKUP(F13,'파레트 제품 리스트'!$B:$F,5,0) -> 1 | U13: =O13*1.1 -> 16500000 | V13: =VLOOKUP(F13,미출!$D:$F,3,0) -> #N/A | W13: =COUNTIF($F$11:F14,F13) -> 1 | X13: =VLOOKUP(F13,#REF!,7,0) -> #REF! | Y13: 4800000 | Z13: =N13=Y13 -> FALSE
B14: 3 | D14: 영일-EPC-부산 | E14: =IF($D14<>0,VLOOKUP($D14,$D$45:$E$63,2,FALSE),"") -> 231054 | F14: 139128 | G14: =IF($F14<>0,VLOOKUP($F14,$E$67:$M$516,2,FALSE),"") -> MOBILGEAR 600 XP 100 DRUM 200L:KR | J14: =IF($F14<>0,VLOOKUP($F14,$E$67:$M$516,7,FALSE),"") -> DRUM | K14: =IF($F14<>0,VLOOKUP($F14,$E$67:$M$516,8,FALSE),"") -> IND | L14: 3 | M14: =IF($L14<>0,VLOOKUP($F14,$E$67:$M$516,9,FALSE)*$L14,"") -> 600 | N14: =IF($F14<>0,VLOOKUP($F14,$E$67:$L$516,5,FALSE),"") -> 607000 | O14: =IF(L14<>0,$L14*$N14,"") -> 1821000 | P14: 24 | R14: =VLOOKUP(F14,'파레트 제품 리스트'!$B:$F,4,0) -> DRUM | S14: =VLOOKUP(F14,'파레트 제품 리스트'!$B:$F,5,0) -> 1 | U14: =O14*1.1 -> 2003100 | V14: =VLOOKUP(F14,미출!$D:$F,3,0) -> #N/A | W14: =COUNTIF($F$11:F14,F14) -> 1 | X14: =VLOOKUP(F14,#REF!,7,0) -> #REF! | Z14: =N14=Y14 -> FALSE
B15: 4 | D15: 영일-EPC-부산 | E15: =IF($D15<>0,VLOOKUP($D15,$D$45:$E$63,2,FALSE),"") -> 231054 | F15: 139132 | G15: =IF($F15<>0,VLOOKUP($F15,$E$67:$M$516,2,FALSE),"") -> MOBILGEAR 600 XP 220 DRUM 200L:KR | J15: =IF($F15<>0,VLOOKUP($F15,$E$67:$M$516,7,FALSE),"") -> DRUM | K15: =IF($F15<>0,VLOOKUP($F15,$E$67:$M$516,8,FALSE),"") -> IND | L15: 1 | M15: =IF($L15<>0,VLOOKUP($F15,$E$67:$M$516,9,FALSE)*$L15,"") -> 200 | N15: =IF($F15<>0,VLOOKUP($F15,$E$67:$L$516,5,FALSE),"") -> 623000 | O15: =IF(L15<>0,$L15*$N15,"") -> 623000 | P15: 0 | R15: =VLOOKUP(F15,'파레트 제품 리스트'!$B:$F,4,0) -> DRUM | S15: =VLOOKUP(F15,'파레트 제품 리스트'!$B:$F,5,0) -> 1 | U15: =O15*1.1 -> 685300 | V15: =VLOOKUP(F15,미출!$D:$F,3,0) -> #N/A | W15: =COUNTIF($F$11:F17,F15) -> 1 | X15: =VLOOKUP(F15,#REF!,7,0) -> #REF! | Z15: =N15=Y15 -> FALSE
B16: 5 | E16: =IF($D16<>0,VLOOKUP($D16,$D$45:$E$63,2,FALSE),"") | G16: =IF($F16<>0,VLOOKUP($F16,$E$67:$M$516,2,FALSE),"") | J16: =IF($F16<>0,VLOOKUP($F16,$E$67:$M$516,7,FALSE),"") | K16: =IF($F16<>0,VLOOKUP($F16,$E$67:$M$516,8,FALSE),"") | M16: =IF($L16<>0,VLOOKUP($F16,$E$67:$M$516,9,FALSE)*$L16,"") | N16: =IF($F16<>0,VLOOKUP($F16,$E$67:$L$516,5,FALSE),"") | O16: =IF(L16<>0,$L16*$N16,"") | R16: =VLOOKUP(F16,'파레트 제품 리스트'!$B:$F,4,0) -> #N/A | S16: =VLOOKUP(F16,'파레트 제품 리스트'!$B:$F,5,0) -> #N/A | U16: =O16*1.1 -> #VALUE! | V16: =VLOOKUP(F16,미출!$D:$F,3,0) -> #N/A | W16: =COUNTIF($F5:F$11,F16) -> 0 | X16: =VLOOKUP(F16,#REF!,7,0) -> #REF! | Z16: =N16=Y16 -> TRUE
B17: 6 | E17: =IF($D17<>0,VLOOKUP($D17,$D$45:$E$63,2,FALSE),"") | G17: =IF($F17<>0,VLOOKUP($F17,$E$67:$M$516,2,FALSE),"") | J17: =IF($F17<>0,VLOOKUP($F17,$E$67:$M$516,7,FALSE),"") | K17: =IF($F17<>0,VLOOKUP($F17,$E$67:$M$516,8,FALSE),"") | M17: =IF($L17<>0,VLOOKUP($F17,$E$67:$M$516,9,FALSE)*$L17,"") | N17: =IF($F17<>0,VLOOKUP($F17,$E$67:$L$516,5,FALSE),"") | O17: =IF(L17<>0,$L17*$N17,"") | R17: =VLOOKUP(F17,'파레트 제품 리스트'!$B:$F,4,0) -> #N/A | S17: =VLOOKUP(F17,'파레트 제품 리스트'!$B:$F,5,0) -> #N/A | U17: =O17*1.1 -> #VALUE! | V17: =VLOOKUP(F17,미출!$D:$F,3,0) -> #N/A | W17: =COUNTIF($F$11:F17,F17) -> 0 | X17: =VLOOKUP(F17,#REF!,7,0) -> #REF! | Z17: =N17=Y17 -> TRUE
B18: 7 | E18: =IF($D18<>0,VLOOKUP($D18,$D$45:$E$63,2,FALSE),"") | G18: =IF($F18<>0,VLOOKUP($F18,$E$67:$M$516,2,FALSE),"") | J18: =IF($F18<>0,VLOOKUP($F18,$E$67:$M$516,7,FALSE),"") | K18: =IF($F18<>0,VLOOKUP($F18,$E$67:$M$516,8,FALSE),"") | M18: =IF($L18<>0,VLOOKUP($F18,$E$67:$M$516,9,FALSE)*$L18,"") | N18: =IF($F18<>0,VLOOKUP($F18,$E$67:$L$516,5,FALSE),"") | O18: =IF(L18<>0,$L18*$N18,"") | R18: =VLOOKUP(F18,'파레트 제품 리스트'!$B:$F,4,0) -> #N/A | S18: =VLOOKUP(F18,'파레트 제품 리스트'!$B:$F,5,0) -> #N/A | U18: =O18*1.1 -> #VALUE! | V18: =VLOOKUP(F18,미출!$D:$F,3,0) -> #N/A | W18: =COUNTIF($F$11:F19,F18) -> 0 | X18: =VLOOKUP(F18,#REF!,7,0) -> #REF! | Z18: =N18=Y18 -> TRUE
B19: 8 | E19: =IF($D19<>0,VLOOKUP($D19,$D$45:$E$63,2,FALSE),"") | G19: =IF($F19<>0,VLOOKUP($F19,$E$67:$M$516,2,FALSE),"") | J19: =IF($F19<>0,VLOOKUP($F19,$E$67:$M$516,7,FALSE),"") | K19: =IF($F19<>0,VLOOKUP($F19,$E$67:$M$516,8,FALSE),"") | M19: =IF($L19<>0,VLOOKUP($F19,$E$67:$M$516,9,FALSE)*$L19,"") | N19: =IF($F19<>0,VLOOKUP($F19,$E$67:$L$516,5,FALSE),"") | O19: =IF(L19<>0,$L19*$N19,"") | R19: =VLOOKUP(F19,'파레트 제품 리스트'!$B:$F,4,0) -> #N/A | S19: =VLOOKUP(F19,'파레트 제품 리스트'!$B:$F,5,0) -> #N/A | U19: =O19*1.1 -> #VALUE! | V19: =VLOOKUP(F19,미출!$D:$F,3,0) -> #N/A | W19: =COUNTIF($F$11:F19,F19) -> 0 | X19: =VLOOKUP(F19,#REF!,7,0) -> #REF! | Z19: =N19=Y19 -> TRUE
B20: 9 | E20: =IF($D20<>0,VLOOKUP($D20,$D$45:$E$63,2,FALSE),"") | G20: =IF($F20<>0,VLOOKUP($F20,$E$67:$M$516,2,FALSE),"") | J20: =IF($F20<>0,VLOOKUP($F20,$E$67:$M$516,7,FALSE),"") | K20: =IF($F20<>0,VLOOKUP($F20,$E$67:$M$516,8,FALSE),"") | M20: =IF($L20<>0,VLOOKUP($F20,$E$67:$M$516,9,FALSE)*$L20,"") | N20: =IF($F20<>0,VLOOKUP($F20,$E$67:$L$516,5,FALSE),"") | O20: =IF(L20<>0,$L20*$N20,"") | R20: =VLOOKUP(F20,'파레트 제품 리스트'!$B:$F,4,0) -> #N/A | S20: =VLOOKUP(F20,'파레트 제품 리스트'!$B:$F,5,0) -> #N/A | U20: =O20*1.1 -> #VALUE! | V20: =VLOOKUP(F20,미출!$D:$F,3,0) -> #N/A | W20: =COUNTIF($F$11:F22,F20) -> 0 | X20: =VLOOKUP(F20,#REF!,7,0) -> #REF! | Z20: =N20=Y20 -> TRUE
B21: 10 | E21: =IF($D21<>0,VLOOKUP($D21,$D$45:$E$63,2,FALSE),"") | G21: =IF($F21<>0,VLOOKUP($F21,$E$67:$M$516,2,FALSE),"") | J21: =IF($F21<>0,VLOOKUP($F21,$E$67:$M$516,7,FALSE),"") | K21: =IF($F21<>0,VLOOKUP($F21,$E$67:$M$516,8,FALSE),"") | M21: =IF($L21<>0,VLOOKUP($F21,$E$67:$M$516,9,FALSE)*$L21,"") | N21: =IF($F21<>0,VLOOKUP($F21,$E$67:$L$516,5,FALSE),"") | O21: =IF(L21<>0,$L21*$N21,"") | R21: =VLOOKUP(F21,'파레트 제품 리스트'!$B:$F,4,0) -> #N/A | S21: =VLOOKUP(F21,'파레트 제품 리스트'!$B:$F,5,0) -> #N/A | U21: =O21*1.1 -> #VALUE! | V21: =VLOOKUP(F21,미출!$D:$F,3,0) -> #N/A | W21: =COUNTIF($F10:F$11,F21) -> 0 | X21: =VLOOKUP(F21,#REF!,7,0) -> #REF! | Z21: =N21=Y21 -> TRUE
B22: 11 | E22: =IF($D22<>0,VLOOKUP($D22,$D$45:$E$63,2,FALSE),"") | G22: =IF($F22<>0,VLOOKUP($F22,$E$67:$M$516,2,FALSE),"") | J22: =IF($F22<>0,VLOOKUP($F22,$E$67:$M$516,7,FALSE),"") | K22: =IF($F22<>0,VLOOKUP($F22,$E$67:$M$516,8,FALSE),"") | M22: =IF($L22<>0,VLOOKUP($F22,$E$67:$M$516,9,FALSE)*$L22,"") | N22: =IF($F22<>0,VLOOKUP($F22,$E$67:$L$516,5,FALSE),"") | O22: =IF(L22<>0,$L22*$N22,"") | R22: =VLOOKUP(F22,'파레트 제품 리스트'!$B:$F,4,0) -> #N/A | S22: =VLOOKUP(F22,'파레트 제품 리스트'!$B:$F,5,0) -> #N/A | U22: =O22*1.1 -> #VALUE! | V22: =VLOOKUP(F22,미출!$D:$F,3,0) -> #N/A | W22: =COUNTIF($F$11:F22,F22) -> 0 | X22: =VLOOKUP(F22,#REF!,7,0) -> #REF! | Z22: =N22=Y22 -> TRUE
B23: 12 | E23: =IF($D23<>0,VLOOKUP($D23,$D$45:$E$63,2,FALSE),"") | G23: =IF($F23<>0,VLOOKUP($F23,$E$67:$M$516,2,FALSE),"") | J23: =IF($F23<>0,VLOOKUP($F23,$E$67:$M$516,7,FALSE),"") | K23: =IF($F23<>0,VLOOKUP($F23,$E$67:$M$516,8,FALSE),"") | M23: =IF($L23<>0,VLOOKUP($F23,$E$67:$M$516,9,FALSE)*$L23,"") | N23: =IF($F23<>0,VLOOKUP($F23,$E$67:$L$516,5,FALSE),"") | O23: =IF(L23<>0,$L23*$N23,"") | R23: =VLOOKUP(F23,'파레트 제품 리스트'!$B:$F,4,0) -> #N/A | S23: =VLOOKUP(F23,'파레트 제품 리스트'!$B:$F,5,0) -> #N/A | U23: =O23*1.1 -> #VALUE! | V23: =VLOOKUP(F23,미출!$D:$F,3,0) -> #N/A | W23: =COUNTIF($F$11:F24,F23) -> 0 | X23: =VLOOKUP(F23,#REF!,7,0) -> #REF! | Z23: =N23=Y23 -> TRUE
B24: 13 | E24: =IF($D24<>0,VLOOKUP($D24,$D$45:$E$63,2,FALSE),"") | G24: =IF($F24<>0,VLOOKUP($F24,$E$67:$M$516,2,FALSE),"") | J24: =IF($F24<>0,VLOOKUP($F24,$E$67:$M$516,7,FALSE),"") | K24: =IF($F24<>0,VLOOKUP($F24,$E$67:$M$516,8,FALSE),"") | M24: =IF($L24<>0,VLOOKUP($F24,$E$67:$M$516,9,FALSE)*$L24,"") | N24: =IF($F24<>0,VLOOKUP($F24,$E$67:$L$516,5,FALSE),"") | O24: =IF(L24<>0,$L24*$N24,"") | R24: =VLOOKUP(F24,'파레트 제품 리스트'!$B:$F,4,0) -> #N/A | S24: =VLOOKUP(F24,'파레트 제품 리스트'!$B:$F,5,0) -> #N/A | U24: =O24*1.1 -> #VALUE! | V24: =VLOOKUP(F24,미출!$D:$F,3,0) -> #N/A | W24: =COUNTIF($F$11:F24,F24) -> 0 | X24: =VLOOKUP(F24,#REF!,7,0) -> #REF! | Z24: =N24=Y24 -> TRUE
B25: 14 | E25: =IF($D25<>0,VLOOKUP($D25,$D$45:$E$63,2,FALSE),"") | G25: =IF($F25<>0,VLOOKUP($F25,$E$67:$M$516,2,FALSE),"") | J25: =IF($F25<>0,VLOOKUP($F25,$E$67:$M$516,7,FALSE),"") | K25: =IF($F25<>0,VLOOKUP($F25,$E$67:$M$516,8,FALSE),"") | M25: =IF($L25<>0,VLOOKUP($F25,$E$67:$M$516,9,FALSE)*$L25,"") | O25: =IF(L25<>0,$L25*$N25,"") | R25: =VLOOKUP(F25,'파레트 제품 리스트'!$B:$F,4,0) -> #N/A | S25: =VLOOKUP(F25,'파레트 제품 리스트'!$B:$F,5,0) -> #N/A | U25: =O25*1.1 -> #VALUE! | V25: =VLOOKUP(F25,미출!$D:$F,3,0) -> #N/A | W25: =COUNTIF($F$11:F11,F25) -> 0 | X25: =VLOOKUP(F25,#REF!,7,0) -> #REF! | Z25: =N25=Y25 -> TRUE
B26: 15 | E26: =IF($D26<>0,VLOOKUP($D26,$D$45:$E$63,2,FALSE),"") | G26: =IF($F26<>0,VLOOKUP($F26,$E$67:$M$516,2,FALSE),"") | J26: =IF($F26<>0,VLOOKUP($F26,$E$67:$M$516,7,FALSE),"") | K26: =IF($F26<>0,VLOOKUP($F26,$E$67:$M$516,8,FALSE),"") | M26: =IF($L26<>0,VLOOKUP($F26,$E$67:$M$516,9,FALSE)*$L26,"") | N26: =IF($F26<>0,VLOOKUP($F26,$E$67:$L$516,5,FALSE),"") | O26: =IF(L26<>0,$L26*$N26,"") | R26: =VLOOKUP(F26,'파레트 제품 리스트'!$B:$F,4,0) -> #N/A | S26: =VLOOKUP(F26,'파레트 제품 리스트'!$B:$F,5,0) -> #N/A | U26: =O26*1.1 -> #VALUE! | V26: =VLOOKUP(F26,미출!$D:$F,3,0) -> #N/A | W26: =COUNTIF($F$11:F26,F26) -> 0 | X26: =VLOOKUP(F26,#REF!,7,0) -> #REF! | Z26: =N26=Y26 -> TRUE
J27: =IF($F27<>0,VLOOKUP($F27,$E$68:$M$464,7,FALSE),"") | K27: =IF($F27<>0,VLOOKUP($F27,$E$68:$M$464,8,FALSE),"") | M27: =IF($L27<>0,VLOOKUP($F27,$E$68:$M$464,9,FALSE)*$L27,"") | N27: =IF($F27<>0,VLOOKUP($F27,$E$68:$M$464,5,FALSE),"") | O27: =IF(L27<>0,$L27*$N27,"")
I28: 발주물량 | J28: 리터(Liter) | K28: =SUM(M12:M26) -> 16000 | M28: 발주 금액 | N28: 부가세별도 | O28: =SUM(O12:O26) -> 39884000
J29: 드럼(Drum) | K29: =$K$28/200 -> 80 | N29: 부가세포함 | O29: =O28*1.1 -> 43872400
B41: 발주서 기초자료
D44: 거래처명 | E44: 거래처코드 | G44: 배송지 | H44: 주소 | M44: 담당자 | N44: 연락처
D45: 화성창고-일반가 | E45: 194667 | G45: 영일오앤씨 - 대리점 가격 | H45: 경기도 화성시 향남읍 구문천1길 43-9
D46: 화성창고-화성에너지 | E46: 200584 | G46: 영일 - 화성(에너지) | H46: 경기도 화성시 향남읍 구문천1길 43-9
D47: 화성창고-하이스코 | E47: 194729 | G47: 영일-현대제철(화성창고) | H47: 경기도 화성시 향남읍 구문천1길 43-9
D48: 화성창고-티센 | E48: 194638 | G48: 티센크루프엘리베이터코리아(주) | H48: 경기도 화성시 향남읍 구문천1길 43-9
D49: 화성창고-아주지오텍 | E49: 202724 | G49: 영일 - 아주지오텍(화성창고) | H49: 경기도 화성시 향남읍 구문천1길 43-9
D50: 화성창고-위아 | E50: 203805 | G50: 영일 - 위아(화성창고) | H50: 경기도 화성시 향남읍 구문천1길 43-9
D51: 화성창고-SEW | E51: 215691 | G51: 영일-SEW-화성창고 | H51: 경기도 화성시 향남읍 구문천1길 43-9
D52: 화성창고-SHILLA | E52: 208008 | G52: 영일-신라정밀-화성창고 | H52: 경기도 화성시 향남읍 구문천1길 43-9
D53: 화성창고-KORAIL-iL | E53: 207998 | G53: 영일-코레일-화성창고 | H53: 경기도 화성시 향남읍 구문천1길 43-9
D54: 화성창고-LG화학 | E54: 194819 | G54: 영일-(주)엘지화학 | H54: 충청남도 서산시 대산읍 독곶1로 54
D55: 화성창고-HYUNDAI E&C | E55: 229113 | G55: 영일-현대건설-화성 | H55: 경기도 화성시 향남읍 구문천1길 43-9
D56: 화성창고- LG Chemical | E56: 237074 | G56: 영일 - LG 화학 - 화성 | H56: 향남읍 구문천1길 43-9
... D59: 화성창고-롯데엠씨씨 | E59: 238419 | G59: 롯데엠씨씨(238419) | H59: 향남읍 구문천1길 43-9
D60: 영일-EPC-부산 | E60: 231054
D61: 영일-대한유화-온산 | E61: 207463
D62: 영일-롯데(내포신도시) | E62: 241490
D63: 영일-SK인천석유화학 | E63: 269534 | G63: 영일-SK인천석유화학 | H63: 경기도 화성시 향남읍 구문천1길 43-9
D67: 거래처구분 | E67: 거래처코드 | F67: 제품명 | G67: 제품명 | H67: 제품명 | I67: 가격 | J67: 제품코드 | K67: 포장단위 | L67: 제품라인 | M67: 단위물량
E68: 120645 | F68: MOBILUBE 1 SHC 75W-90 DRUM 208L | I68: 2213000 | J68: 120645 | K68: DRUM | L68: CVL | M68: 200 | N68: =VLOOKUP(E68,[3]Sheet1!$A:$C,3,0) -> 2213000 | O68: =I68=N68 -> TRUE
E69: 122916 | F69: MOBILUBE 1 SHC 75W-90 CTN 12X1L | I69: 140000 | J69: 122916 | K69: BOLG | L69: CVL | M69: 12 | N69: =VLOOKUP(E69,[3]Sheet1!$A:$C,3,0) -> 140000 | O69: =I69=N69 -> TRUE
E70: 129171 | F70: MOBILUBE HD 80W-90 PAIL 20L | I70: 59700 | J70: 129171 | K70: PAIL | L70: CVL | M70: 20 | N70: =VLOOKUP(E70,[3]Sheet1!$A:$C,3,0) -> 59700 | O70: =I70=N70 -> TRUE
E71: 129174 | F71: MOBILUBE HD 85W-140 PAIL 20L | I71: 70200 | J71: 129174 | K71: PAIL | L71: CVL | M71: 20 | N71: =VLOOKUP(E71,[3]Sheet1!$A:$C,3,0) -> 70200 | O71: =I71=N71 -> TRUE
E72: 134989 | F72: MOBILUBE GX-A 80W PAIL 20L | I72: 90900 | J72: 134989 | K72: PAIL | L72: CVL | M72: 20 | N72: =VLOOKUP(E72,[3]Sheet1!$A:$C,3,0) -> 90900 | O72: =I72=N72 -> TRUE
E73: 135691 | F73: MOBILUBE LS 85W-90 PAIL 20L | I73: 91100 | J73: 135691 | K73: PAIL | L73: CVL | M73: 20 | N73: =VLOOKUP(E73,[3]Sheet1!$A:$C,3,0) -> 95700 | O73: =I73=N73 -> FALSE
E74: 138838 | F74: MOBIL HYDRAULIC 10W DRUM 200L | I74: 615000 | J74: 138838 | K74: DRUM | L74: CVL | M74: 200 | N74: =VLOOKUP(E74,[3]Sheet1!$A:$C,3,0) -> 646000 | O74: =I74=N74 -> FALSE
E75: 138840 | F75: Mobil Delvac Hydraulic 10W 20L | I75: 65600 | J75: 138840 | K75: PAIL | L75: CVL | M75: 20 | N75: =VLOOKUP(E75,[3]Sheet1!$A:$C,3,0) -> 68900 | O75: =I75=N75 -> FALSE
E76: 138851 | F76: MOBIL FLUID LT DRUM 208L | I76: 1193000 | J76: 138851 | K76: DRUM | L76: CVL | M76: 208 | N76: =VLOOKUP(E76,[3]Sheet1!$A:$C,3,0) -> 1193000 | O76: =I76=N76 -> TRUE
E77: 138889 | F77: MOBILUBE GX 80W-90 DRUM 200L | I77: 520000 | J77: 138889 | K77: DRUM | L77: CVL | M77: 200 | N77: =VLOOKUP(E77,[3]Sheet1!$A:$C,3,0) -> 520000 | O77: =I77=N77 -> TRUE
E78: 138890 | F78: MOBILUBE GX 80W-90 PAIL 20L | I78: 54000 | J78: 138890 | K78: PAIL | L78: CVL | M78: 20 | N78: =VLOOKUP(E78,[3]Sheet1!$A:$C,3,0) -> 54000 | O78: =I78=N78 -> TRUE
E79: 138893 | F79: MOBILUBE HD 80W-90 DRUM 200L | I79: 552000 | J79: 138893 | K79: DRUM | L79: CVL | M79: 200 | N79: =VLOOKUP(E79,[3]Sheet1!$A:$C,3,0) -> 552000 | O79: =I79=N79 -> TRUE
... E127: 122766 | F127: MOBIL DTE OIL HEAVY PAIL 20L | I127: 83600 | J127: 122766 | K127: PAIL | L127: IND | M127: 20 | N127: =VLOOKUP(E127,[3]Sheet1!$A:$C,3,0) -> 88600 | O127: =I127=N127 -> FALSE
E128: 122821 | F128: PEGASUS 1 208LT DRM METAL NEW-TGT HD PR | J128: 122821 | K128: DRUM | L128: IND | M128: 208 | N128: =VLOOKUP(E128,[3]Sheet1!$A:$C,3,0) -> #N/A | O128: =I128=N128 -> #N/A
E129: 122837 | F129: MOBIL RARUS 424 PAIL 20L | I129: 62800 | J129: 122837 | K129: PAIL | L129: IND | M129: 20 | N129: =VLOOKUP(E129,[3]Sheet1!$A:$C,3,0) -> 66600 | O129: =I129=N129 -> FALSE
E130: 122842 | F130: MOBIL RARUS 427 P20LT | I130: 79200 | J130: 122842 | K130: PAIL | L130: IND | M130: 20 | N130: =VLOOKUP(E130,[3]Sheet1!$A:$C,3,0) -> 84000 | O130: =I130=N130 -> FALSE
E131: 144277 | F131: MOBIL VACUOLINE 1409 PAIL 20L | I131: 46600 | J131: 122885 | K131: PAIL | L131: IND | M131: 20 | N131: =VLOOKUP(E131,[3]Sheet1!$A:$C,3,0) -> 51800 | O131: =I131=N131 -> FALSE
E132: 123004 | F132: MOBILTEMP SHC 100 PAIL 18KG | I132: 402000 | J132: 123004 | K132: PAIL | L132: IND | M132: 18 | N132: =VLOOKUP(E132,[3]Sheet1!$A:$C,3,0) -> 402000 | O132: =I132=N132 -> TRUE
E133: 123291 | F133: MOBIL GARGOYLE ARCTIC SHC 226E,20LT,PAIL | I133: 326000 | J133: 123291 | K133: PAIL | L133: IND | M133: 20 | N133: =VLOOKUP(E133,[3]Sheet1!$A:$C,3,0) -> 326000 | O133: =I133=N133 -> TRUE
E134: 123328 | F134: VACUOLINE 1405, 20LT, PAIL | I134: 66800 | J134: 123328 | K134: PAIL | L134: IND | M134: 20 | N134: =VLOOKUP(E134,[3]Sheet1!$A:$C,3,0) -> 70800 | O134: =I134=N134 -> FALSE
E135: 123330 | F135: VACUUM PUMP OIL, 20LT, PAIL | I135: 62700 | J135: 123330 | K135: PAIL | L135: IND | M135: 20 | N135: =VLOOKUP(E135,[3]Sheet1!$A:$C,3,0) -> 66500 | O135: =I135=N135 -> FALSE
E136: 123331 | F136: VELOCITE 10, 20LT, PAIL | I136: 54200 | J136: 123331 | K136: PAIL | L136: IND | M136: 20 | N136: =VLOOKUP(E136,[3]Sheet1!$A:$C,3,0) -> 57500 | O136: =I136=N136 -> FALSE
E137: 123336 | F137: MOBIL VELOCITE NO 3 PAIL 20L | I137: 63400 | J137: 123336 | K137: PAIL | L137: IND | M137: 20 | N137: =VLOOKUP(E137,[3]Sheet1!$A:$C,3,0) -> 67200 | O137: =I137=N137 -> FALSE
E138: 123339 | F138: MOBIL VELOCITE 6, 20LT, PAIL | I138: 55400 | J138: 123339 | K138: PAIL | L138: IND | M138: 20 | N138: =VLOOKUP(E138,[3]Sheet1!$A:$C,3,0) -> 58700 | O138: =I138=N138 -> FALSE
E139: 124528 | F139: MOBILGEAR SHC XMP 460, 208LT, DR | I139: 3634000 | J139: 124528 | K139: DRUM | L139: IND | M139: 208 | N139: =VLOOKUP(E139,[3]Sheet1!$A:$C,3,0) -> 3634000 | O139: =I139=N139 -> TRUE
E140: 126328 | F140: MOBIL SHC 824,55GA(208LT),DRUM,METAL | I140: 4056000 | J140: 126328 | K140: DRUM | L140: IND | M140: 208 | N140: =VLOOKUP(E140,[3]Sheet1!$A:$C,3,0) -> 4056000 | O140: =I140=N140 -> TRUE
... E143: 129351 | F143: M-PEGASUS 1 PAIL 20L | I143: 415000 | J143: 129351 | K143: PAIL | L143: IND | M143: 20 | N143: =VLOOKUP(E143,[3]Sheet1!$A:$C,3,0) -> 415000 | O143: =I143=N143 -> TRUE
E144: 129364 | F144: PYROTEC HFD 46, 230KG, DR | J144: 129364 | K144: DRUM | L144: IND | M144: 208 | N144: =VLOOKUP(E144,[3]Sheet1!$A:$C,3,0) -> #N/A | O144: =I144=N144 -> #N/A
E145: 129389 | F145: MOBIL SHC PM 220, 55GA DRUM | I145: 3962000 | J145: 129389 | K145: DRUM | L145: IND | M145: 208 | N145: =VLOOKUP(E145,[3]Sheet1!$A:$C,3,0) -> 3962000 | O145: =I145=N145 -> TRUE
E146: 130938 | F146: RONEX MP,400LB(181KG),DRUM,METAL | I146: 1918000 | J146: 130938 | K146: DRUM | L146: IND | M146: 181 | N146: =VLOOKUP(E146,[3]Sheet1!$A:$C,3,0) -> 2033000 | O146: =I146=N146 -> FALSE
E147: 130939 | F147: RONEX MP, 35LB(15.8KG),PAIL | I147: 179000 | J147: 130939 | K147: PAIL | L147: IND | M147: 15.87 | N147: =VLOOKUP(E147,[3]Sheet1!$A:$C,3,0) -> 190000 | O147: =I147=N147 -> FALSE
E148: 131773 | F148: M-PEGASUS 1 DRUM 208L | J148: 131773 | K148: DRUM | L148: IND | M148: 208 | N148: =VLOOKUP(E148,[3]Sheet1!$A:$C,3,0) -> #N/A | O148: =I148=N148 -> #N/A
E149: 132528 | F149: MOBILGREASE FM 222, 16KG/35.2LB | I149: 269000 | J149: 132528 | K149: PAIL | L149: IND | M149: 16 | N149: =VLOOKUP(E149,[3]Sheet1!$A:$C,3,0) -> 285000 | O149: =I149=N149 -> FALSE
E150: 132549 | F150: MOBIL GLYGOYLE 150 D208LT | I150: 3029000 | J150: 132549 | K150: DRUM | L150: IND | M150: 208 | N150: =VLOOKUP(E150,[3]Sheet1!$A:$C,3,0) -> 3029000 | O150: =I150=N150 -> TRUE
E151: 132550 | F151: MOBIL GLYGOYLE 220 D208LT | I151: 3173000 | J151: 132550 | K151: DRUM | L151: IND | M151: 208 | N151: =VLOOKUP(E151,[3]Sheet1!$A:$C,3,0) -> 3173000 | O151: =I151=N151 -> TRUE
E152: 132558 | F152: MOBIL GLYGOYLE 320, 208 LT DRUM | I152: 3541000 | J152: 132558 | K152: DRUM | L152: IND | M152: 208 | N152: =VLOOKUP(E152,[3]Sheet1!$A:$C,3,0) -> 3541000 | O152: =I152=N152 -> TRUE
E153: 140202 | F153: MOBILITH SHC 220 PAIL 16KG:SG | I153: 352000 | J153: 140202 | K153: PAIL | L153: IND | M153: 16 | N153: =VLOOKUP(E153,[3]Sheet1!$A:$C,3,0) -> 352000 | O153: =I153=N153 -> TRUE
E154: 140203 | F154: MOBILITH SHC 460, 16KG/35.2LB PAIL | I154: 355000 | J154: 140203 | K154: PAIL | L154: IND | M154: 16 | N154: =VLOOKUP(E154,[3]Sheet1!$A:$C,3,0) -> 355000 | O154: =I154=N154 -> TRUE
E155: 132575 | F155: MOBILITH SHC 1500, 16KG/35.2LB PAIL | I155: 394000 | J155: 132575 | K155: PAIL | L155: IND | M155: 16 | N155: =VLOOKUP(E155,[3]Sheet1!$A:$C,3,0) -> 394000 | O155: =I155=N155 -> TRUE
E156: 132610 | F156: MOBILITH SHC PM 460, 174KG/383.6LB | I156: 3730000 | J156: 132610 | K156: DRUM | L156: IND | M156: 174 | N156: =VLOOKUP(E156,[3]Sheet1!$A:$C,3,0) -> 3730000 | O156: =I156=N156 -> TRUE
E157: 132611 | F157: MOBILITH SHC PM 460, 35.2LB PAIL | I157: 338000 | J157: 132611 | K157: PAIL | L157: IND | M157: 15.87 | N157: =VLOOKUP(E157,[3]Sheet1!$A:$C,3,0) -> 338000 | O157: =I157=N157 -> TRUE
E158: 132642 | F158: MOBILITH SHC 100, 16 KG/35.2 LB PAIL | I158: 351000 | J158: 132642 | K158: PAIL | L158: IND | M158: 16 | N158: =VLOOKUP(E158,[3]Sheet1!$A:$C,3,0) -> 351000 | O158: =I158=N158 -> TRUE
E159: 132796 | F159: MOBILTEMP SHC 460 SPECIAL, 18KG PAIL | I159: 562000 | J159: 132796 | K159: PAIL | L159: IND | M159: 18 | N159: =VLOOKUP(E159,[3]Sheet1!$A:$C,3,0) -> 562000 | O159: =I159=N159 -> TRUE
E160: 132835 | F160: MOBIL GLYGOYLE 460, 208LT DRUM | I160: 3480000 | J160: 132835 | K160: DRUM | L160: IND | M160: 208 | N160: =VLOOKUP(E160,[3]Sheet1!$A:$C,3,0) -> 3480000 | O160: =I160=N160 -> TRUE
... E204: 135448 | F204: MOBIL SHC GEAR 6800,390LB. | I204: 3842000 | J204: 135448 | K204: DRUM | L204: IND | M204: 177 | N204: =VLOOKUP(E204,[3]Sheet1!$A:$C,3,0) -> 3842000 | O204: =I204=N204 -> TRUE
E205: 135449 | F205: M-SHC GEAR 6800,48X1LB. | J205: 135449 | K205: BOSM | L205: IND | M205: 21.1 | N205: =VLOOKUP(E205,[3]Sheet1!$A:$C,3,0) -> #N/A | O205: =I205=N205 -> #N/A
E206: 135451 | F206: M-SHC GEAR 46M,390LB. | I206: 3847000 | J206: 135451 | K206: DRUM | L206: IND | M206: 177 | N206: =VLOOKUP(E206,[3]Sheet1!$A:$C,3,0) -> 3847000 | O206: =I206=N206 -> TRUE
E207: 135452 | F207: MOBIL SHC 624,55GA | I207: 2586000 | J207: 135452 | K207: DRUM | L207: IND | M207: 208 | N207: =VLOOKUP(E207,[3]Sheet1!$A:$C,3,0) -> 2586000 | O207: =I207=N207 -> TRUE
E208: 135453 | F208: MOBIL SHC 624,5GA | I208: 262000 | J208: 135453 | K208: PAIL | L208: IND | M208: 18.9 | N208: =VLOOKUP(E208,[3]Sheet1!$A:$C,3,0) -> 262000 | O208: =I208=N208 -> TRUE
E209: 135454 | F209: MOBIL SHC 626,55GA | I209: 2602000 | J209: 135454 | K209: DRUM | L209: IND | M209: 208 | N209: =VLOOKUP(E209,[3]Sheet1!$A:$C,3,0) -> 2602000 | O209: =I209=N209 -> TRUE
E210: 135455 | F210: MOBIL SHC 626,5GA | I210: 282000 | J210: 135455 | K210: PAIL | L210: IND | M210: 18.9 | N210: =VLOOKUP(E210,[3]Sheet1!$A:$C,3,0) -> 282000 | O210: =I210=N210 -> TRUE
E211: 135456 | F211: MOBIL SHC 629,55GA | I211: 2995000 | J211: 135456 | K211: DRUM | L211: IND | M211: 208 | N211: =VLOOKUP(E211,[3]Sheet1!$A:$C,3,0) -> 2995000 | O211: =I211=N211 -> TRUE
E212: 135457 | F212: MOBIL SHC 629,5GA | I212: 287000 | J212: 135457 | K212: PAIL | L212: IND | M212: 18.9 | N212: =VLOOKUP(E212,[3]Sheet1!$A:$C,3,0) -> 287000 | O212: =I212=N212 -> TRUE
E213: 135458 | F213: MOBIL SHC 630,55GA | I213: 2763000 | J213: 135458 | K213: DRUM | L213: IND | M213: 208 | N213: =VLOOKUP(E213,[3]Sheet1!$A:$C,3,0) -> 2763000 | O213: =I213=N213 -> TRUE
...

Sheet 자차(대명)
B2: 발 주 서 | M2: 발주 접수처 (엑슨모빌 중국 상하이 고객지원팀)
M3: · 부서메일주소 : koreadcp@exxonmobil.com
M4: · 수신부담팩스 : 00798 8521 8501
M5: · 수신부담전화 : 00798 8521 8503
B7: 대리점명 | D7: (주)영일오엔씨 | F7: 대리점코드 | G7: 모빌(194637) | K7: 발주일 | L7: =TODAY() -> 45981 | N7: 납기일
B8: 전화번호 | D8: 02-2693-5189 | F8: 팩스번호 | G8: 02-2693-5902 | K8: 담당자 | N8: 연락처
B9: 주소 | K9: 납 지
B11: 순번 (No.) | C11: 발주처 | D11: 거래처명 (Ship to) | E11: 코드번호 (Child Code) | F11: 제품코드 (P-Code) | G11: 제품명 (Product Name) | J11: 규격 (Package) | K11: 제품군 (Lob) | L11: 수량 (Quanty) | M11: 물량/리터 (Volume) | N11: 단가 (Unit Price) | O11: 금액(별도) (Amounts) | P11: 오더번호 | R11: 중복
B12: 1 | C12: 모빌대명광유 | D12: 화성창고-일반가 | E12: =IF($D12<>0,VLOOKUP($D12,$D$45:$E$64,2,FALSE),"") -> 194667 | F12: 135013 | G12: =IF($F12<>0,VLOOKUP($F12,$E$71:$M$516,2,FALSE),"") -> MOBIL GLYGOYLE 22, 208LT DRUM | J12: =IF($F12<>0,VLOOKUP($F12,$E$71:$M$516,7,FALSE),"") -> DRUM | K12: =IF($F12<>0,VLOOKUP($F12,$E$71:$M$516,8,FALSE),"") -> IND | L12: 2 | M12: =IF($L12<>0,VLOOKUP($F12,$E$71:$M$516,9,FALSE)*$L12,"") -> 416 | N12: =IF($F12<>0,VLOOKUP($F12,$E$71:$M$516,5,FALSE),"") -> 2922000 | O12: =IF(L12<>0,$L12*$N12,"") -> 5844000 | R12: =COUNTIF($F$11:F17,F12) -> 1 | S12: =O12*1.1 -> 6428400 | T12: 2602000 | U12: =N12=T12 -> FALSE
B13: 2 | C13: 울산90자2064/한창용 | E13: =IF($D13<>0,VLOOKUP($D13,$D$45:$E$64,2,FALSE),"") | G13: =IF($F13<>0,VLOOKUP($F13,$E$71:$M$516,2,FALSE),"") | J13: =IF($F13<>0,VLOOKUP($F13,$E$71:$M$516,7,FALSE),"") | K13: =IF($F13<>0,VLOOKUP($F13,$E$71:$M$516,8,FALSE),"") | M13: =IF($L13<>0,VLOOKUP($F13,$E$71:$M$516,9,FALSE)*$L13,"") | N13: =IF($F13<>0,VLOOKUP($F13,$E$71:$M$516,5,FALSE),"") | O13: =IF(L13<>0,$L13*$N13,"") | R13: =COUNTIF($F$11:F18,F13) -> 0 | S13: =O13*1.1 -> #VALUE! | T13: 2995000 | U13: =N13=T13 -> FALSE
B14: 3 | E14: =IF($D14<>0,VLOOKUP($D14,$D$45:$E$64,2,FALSE),"") | G14: =IF($F14<>0,VLOOKUP($F14,$E$71:$M$516,2,FALSE),"") | J14: =IF($F14<>0,VLOOKUP($F14,$E$71:$M$516,7,FALSE),"") | K14: =IF($F14<>0,VLOOKUP($F14,$E$71:$M$516,8,FALSE),"") | M14: =IF($L14<>0,VLOOKUP($F14,$E$71:$M$516,9,FALSE)*$L14,"") | N14: =IF($F14<>0,VLOOKUP($F14,$E$71:$M$516,5,FALSE),"") | O14: =IF(L14<>0,$L14*$N14,"") | R14: =COUNTIF($F$11:F18,F14) -> 0 | S14: =O14*1.1 -> #VALUE! | T14: 2763000 | U14: =N14=T14 -> FALSE
B15: 4 | E15: =IF($D15<>0,VLOOKUP($D15,$D$45:$E$64,2,FALSE),"") | G15: =IF($F15<>0,VLOOKUP($F15,$E$71:$M$516,2,FALSE),"") | J15: =IF($F15<>0,VLOOKUP($F15,$E$71:$M$516,7,FALSE),"") | K15: =IF($F15<>0,VLOOKUP($F15,$E$71:$M$516,8,FALSE),"") | M15: =IF($L15<>0,VLOOKUP($F15,$E$71:$M$516,9,FALSE)*$L15,"") | N15: =IF($F15<>0,VLOOKUP($F15,$E$71:$M$516,5,FALSE),"") | O15: =IF(L15<>0,$L15*$N15,"") | R15: =COUNTIF($F$11:F19,F15) -> 0 | S15: =O15*1.1 -> #VALUE! | T15: 2938000 | U15: =N15=T15 -> FALSE
B16: 5 | E16: =IF($D16<>0,VLOOKUP($D16,$D$45:$E$64,2,FALSE),"") | G16: =IF($F16<>0,VLOOKUP($F16,$E$71:$M$516,2,FALSE),"") | J16: =IF($F16<>0,VLOOKUP($F16,$E$71:$M$516,7,FALSE),"") | K16: =IF($F16<>0,VLOOKUP($F16,$E$71:$M$516,8,FALSE),"") | M16: =IF($L16<>0,VLOOKUP($F16,$E$71:$M$516,9,FALSE)*$L16,"") | N16: =IF($F16<>0,VLOOKUP($F16,$E$71:$M$516,5,FALSE),"") | O16: =IF(L16<>0,$L16*$N16,"") | R16: =COUNTIF($F$11:F20,F16) -> 0 | S16: =O16*1.1 -> #VALUE! | T16: 684000 | U16: =N16=T16 -> FALSE
B17: 6 | E17: =IF($D17<>0,VLOOKUP($D17,$D$45:$E$64,2,FALSE),"") | G17: =IF($F17<>0,VLOOKUP($F17,$E$71:$M$516,2,FALSE),"") | J17: =IF($F17<>0,VLOOKUP($F17,$E$71:$M$516,7,FALSE),"") | K17: =IF($F17<>0,VLOOKUP($F17,$E$71:$M$516,8,FALSE),"") | M17: =IF($L17<>0,VLOOKUP($F17,$E$71:$M$516,9,FALSE)*$L17,"") | N17: =IF($F17<>0,VLOOKUP($F17,$E$71:$M$516,5,FALSE),"") | O17: =IF(L17<>0,$L17*$N17,"") | R17: =COUNTIF($F$11:F21,F17) -> 0 | S17: =O17*1.1 -> #VALUE! | U17: =N17=T17 -> TRUE
B18: 7 | E18: =IF($D18<>0,VLOOKUP($D18,$D$45:$E$64,2,FALSE),"") | G18: =IF($F18<>0,VLOOKUP($F18,$E$71:$M$516,2,FALSE),"") | J18: =IF($F18<>0,VLOOKUP($F18,$E$71:$M$516,7,FALSE),"") | K18: =IF($F18<>0,VLOOKUP($F18,$E$71:$M$516,8,FALSE),"") | M18: =IF($L18<>0,VLOOKUP($F18,$E$71:$M$516,9,FALSE)*$L18,"") | N18: =IF($F18<>0,VLOOKUP($F18,$E$71:$M$516,5,FALSE),"") | O18: =IF(L18<>0,$L18*$N18,"") | R18: =COUNTIF($F$11:F22,F18) -> 0 | S18: =O18*1.1 -> #VALUE! | U18: =N18=T18 -> TRUE
B19: 8 | E19: =IF($D19<>0,VLOOKUP($D19,$D$45:$E$64,2,FALSE),"") | G19: =IF($F19<>0,VLOOKUP($F19,$E$71:$M$516,2,FALSE),"") | J19: =IF($F19<>0,VLOOKUP($F19,$E$71:$M$516,7,FALSE),"") | K19: =IF($F19<>0,VLOOKUP($F19,$E$71:$M$516,8,FALSE),"") | M19: =IF($L19<>0,VLOOKUP($F19,$E$71:$M$516,9,FALSE)*$L19,"") | N19: =IF($F19<>0,VLOOKUP($F19,$E$71:$M$516,5,FALSE),"") | O19: =IF(L19<>0,$L19*$N19,"") | R19: =COUNTIF($F$11:F25,F19) -> 0 | S19: =O19*1.1 -> #VALUE! | U19: =N19=T19 -> TRUE
B20: 9 | E20: =IF($D20<>0,VLOOKUP($D20,$D$45:$E$64,2,FALSE),"") | G20: =IF($F20<>0,VLOOKUP($F20,$E$71:$M$516,2,FALSE),"") | J20: =IF($F20<>0,VLOOKUP($F20,$E$71:$M$516,7,FALSE),"") | K20: =IF($F20<>0,VLOOKUP($F20,$E$71:$M$516,8,FALSE),"") | M20: =IF($L20<>0,VLOOKUP($F20,$E$71:$M$516,9,FALSE)*$L20,"") | N20: =IF($F20<>0,VLOOKUP($F20,$E$71:$M$516,5,FALSE),"") | O20: =IF(L20<>0,$L20*$N20,"") | R20: =COUNTIF($F$11:F26,F20) -> 0 | S20: =O20*1.1 -> #VALUE! | U20: =N20=T20 -> TRUE
B21: 10 | E21: =IF($D21<>0,VLOOKUP($D21,$D$45:$E$64,2,FALSE),"") | G21: =IF($F21<>0,VLOOKUP($F21,$E$71:$M$516,2,FALSE),"") | J21: =IF($F21<>0,VLOOKUP($F21,$E$71:$M$516,7,FALSE),"") | K21: =IF($F21<>0,VLOOKUP($F21,$E$71:$M$516,8,FALSE),"") | M21: =IF($L21<>0,VLOOKUP($F21,$E$71:$M$516,9,FALSE)*$L21,"") | N21: =IF($F21<>0,VLOOKUP($F21,$E$71:$M$516,5,FALSE),"") | O21: =IF(L21<>0,$L21*$N21,"") | R21: =COUNTIF($F$11:F27,F21) -> 0 | S21: =O21*1.1 -> #VALUE! | U21: =N21=T21 -> TRUE
B22: 11 | E22: =IF($D22<>0,VLOOKUP($D22,$D$45:$E$64,2,FALSE),"") | G22: =IF($F22<>0,VLOOKUP($F22,$E$71:$M$516,2,FALSE),"") | J22: =IF($F22<>0,VLOOKUP($F22,$E$71:$M$516,7,FALSE),"") | K22: =IF($F22<>0,VLOOKUP($F22,$E$71:$M$516,8,FALSE),"") | M22: =IF($L22<>0,VLOOKUP($F22,$E$71:$M$516,9,FALSE)*$L22,"") | N22: =IF($F22<>0,VLOOKUP($F22,$E$71:$M$516,5,FALSE),"") | O22: =IF(L22<>0,$L22*$N22,"") | R22: =COUNTIF($F$11:F28,F22) -> 0 | S22: =O22*1.1 -> #VALUE! | U22: =N22=T22 -> TRUE
B23: 12 | E23: =IF($D23<>0,VLOOKUP($D23,$D$45:$E$64,2,FALSE),"") | G23: =IF($F23<>0,VLOOKUP($F23,$E$71:$M$516,2,FALSE),"") | J23: =IF($F23<>0,VLOOKUP($F23,$E$71:$M$516,7,FALSE),"") | K23: =IF($F23<>0,VLOOKUP($F23,$E$71:$M$516,8,FALSE),"") | M23: =IF($L23<>0,VLOOKUP($F23,$E$71:$M$516,9,FALSE)*$L23,"") | N23: =IF($F23<>0,VLOOKUP($F23,$E$71:$M$516,5,FALSE),"") | O23: =IF(L23<>0,$L23*$N23,"") | R23: =COUNTIF($F$11:F29,F23) -> 0 | S23: =O23*1.1 -> #VALUE! | U23: =N23=T23 -> TRUE
B24: 13 | E24: =IF($D24<>0,VLOOKUP($D24,$D$45:$E$64,2,FALSE),"") | G24: =IF($F24<>0,VLOOKUP($F24,$E$71:$M$516,2,FALSE),"") | J24: =IF($F24<>0,VLOOKUP($F24,$E$71:$M$516,7,FALSE),"") | K24: =IF($F24<>0,VLOOKUP($F24,$E$71:$M$516,8,FALSE),"") | M24: =IF($L24<>0,VLOOKUP($F24,$E$71:$M$516,9,FALSE)*$L24,"") | N24: =IF($F24<>0,VLOOKUP($F24,$E$71:$M$516,5,FALSE),"") | O24: =IF(L24<>0,$L24*$N24,"") | R24: =COUNTIF($F$11:F29,F24) -> 0 | S24: =O24*1.1 -> #VALUE! | U24: =N24=T24 -> TRUE
B25: 14 | E25: =IF($D25<>0,VLOOKUP($D25,$D$45:$E$64,2,FALSE),"") | G25: =IF($F25<>0,VLOOKUP($F25,$E$71:$M$516,2,FALSE),"") | J25: =IF($F25<>0,VLOOKUP($F25,$E$71:$M$516,7,FALSE),"") | K25: =IF($F25<>0,VLOOKUP($F25,$E$71:$M$516,8,FALSE),"") | M25: =IF($L25<>0,VLOOKUP($F25,$E$71:$M$516,9,FALSE)*$L25,"") | N25: =IF($F25<>0,VLOOKUP($F25,$E$71:$M$516,5,FALSE),"") | O25: =IF(L25<>0,$L25*$N25,"") | R25: =COUNTIF($F$11:F30,F25) -> 0 | S25: =O25*1.1 -> #VALUE! | U25: =N25=T25 -> TRUE
B26: 15 | E26: =IF($D26<>0,VLOOKUP($D26,$D$45:$E$64,2,FALSE),"") | G26: =IF($F26<>0,VLOOKUP($F26,$E$71:$M$516,2,FALSE),"") | J26: =IF($F26<>0,VLOOKUP($F26,$E$71:$M$516,7,FALSE),"") | K26: =IF($F26<>0,VLOOKUP($F26,$E$71:$M$516,8,FALSE),"") | M26: =IF($L26<>0,VLOOKUP($F26,$E$71:$M$516,9,FALSE)*$L26,"") | N26: =IF($F26<>0,VLOOKUP($F26,$E$71:$M$516,5,FALSE),"") | O26: =IF(L26<>0,$L26*$N26,"") | R26: =COUNTIF($F$11:F31,F26) -> 0 | S26: =O26*1.1 -> #VALUE! | U26: =N26=T26 -> TRUE
G27: =IF($F27<>0,VLOOKUP($F27,$E$71:$M$502,2,FALSE),"") | J27: =IF($F27<>0,VLOOKUP($F27,$E$71:$M$502,7,FALSE),"") | K27: =IF($F27<>0,VLOOKUP($F27,$E$71:$M$502,8,FALSE),"") | M27: =IF($L27<>0,VLOOKUP($F27,$E$71:$M$502,9,FALSE)*$L27,"") | N27: =IF($F27<>0,VLOOKUP($F27,$E$71:$M$502,5,FALSE),"") | O27: =IF(L27<>0,$L27*$N27,"")
G28: =IF($F28<>0,VLOOKUP($F28,$E$71:$M$502,2,FALSE),"") | I28: 발주물량 | J28: 리터(Liter) | K28: =SUM(M12:M26) -> 416 | M28: 발주 금액 | N28: 부가세별도 | O28: =SUM(O12:O26) -> 5844000
G29: =IF($F29<>0,VLOOKUP($F29,$E$71:$M$502,2,FALSE),"") | J29: 드럼(Drum) | K29: =$K$28/200 -> 2.08 | N29: 부가세포함 | O29: =O28*1.1 -> 6428400
B41: 발주서 기초자료
D45: 거래처명 | E45: 거래처코드 | G45: 배송지 | H45: 주소 | M45: 담당자 | N45: 연락처
D46: SAMKWANG-YI | E46: 194712 | G46: 삼광상사-일반가 | H46: 울산광역시 북구 죽전로 2 (효문동)
D47: 화성창고-AUTO AL | E47: 199210 | G47: 영일-화성(AL) | H47: 경기도 화성시 향남읍 구문천1길 43-9
D48: 화성창고-일반가 | E48: 194667 | G48: 영일오앤씨 - 대리점 가격 | H48: 경기도 화성시 향남읍 구문천1길 43-9
D50: 하이스코-당진 | E50: 194675 | G50: 영일-현대제철(당진) | H50: 충남 당진시 송악읍 북부산업로 1480
D51: 하이스코-순천 | E51: 194701 | G51: 영일-현대제철(순천) | H51: 전남 순천시 해룡면 선월리 인덕로 300
D52: 화성창고-하이스코 | E52: 194729 | G52: 영일-현대제철(화성창고) | H52: 경기도 화성시 향남읍 구문천1길 43-9
D53: 화성창고-아주지오텍 | E53: 202724 | G53: 영일 - 아주지오텍(화성창고) | H53: 경기도 화성시 향남읍 구문천1길 43-9
D54: 화성창고-위아 | E54: 203805 | G54: 영일 - 위아(화성창고) | H54: 경기도 화성시 향남읍 구문천1길 43-9
D55: 화성창고-화성에너지 | E55: 200584 | G55: 영일 - 화성(에너지) | H55: 경기도 화성시 향남읍 구문천1길 43-9
D56: 화성창고-korail | E56: 207998 | G56: 영일-코레일-화성창고 | H56: 경기도 화성시 향남읍 구문천1길 43-9
D57: 화성창고-MBK | E57: 211914 | G57: 영일 - MBK (화성) | H57: 경기도 화성시 향남읍 구문천1길 43-9
D58: 화성창고-두산 | E58: 203477 | G58: 영일 화성-두산 | H58: 경기도 화성시 향남읍 구문천1길 43-9
D59: 화성창고-SEW | E59: 215691 | G59: 영일-SEW-화성창고 | H59: 경기도 화성시 향남읍 구문천1길 43-9
D70: 거래처구분 | E70: 거래처코드 | F70: 제품명 | G70: 제품명 | H70: 제품명 | I70: 가격 | J70: 제품코드 | K70: 포장단위 | L70: 제품라인 | M70: 단위물량
E71: 120645 | F71: MOBILUBE 1 SHC 75W-90 DRUM 208L | I71: 2213000 | J71: 120645 | K71: DRUM | L71: CVL | M71: 200 | N71: 2213000 | O71: TRUE
E72: 122916 | F72: MOBILUBE 1 SHC 75W-90 CTN 12X1L | I72: 140000 | J72: 122916 | K72: BOLG | L72: CVL | M72: 12 | N72: 140000 | O72: TRUE
E73: 129171 | F73: MOBILUBE HD 80W-90 PAIL 20L | I73: 59700 | J73: 129171 | K73: PAIL | L73: CVL | M73: 20 | N73: 59700 | O73: TRUE
E74: 129174 | F74: MOBILUBE HD 85W-140 PAIL 20L | I74: 70200 | J74: 129174 | K74: PAIL | L74: CVL | M74: 20 | N74: 70200 | O74: TRUE
E75: 134989 | F75: MOBILUBE GX-A 80W PAIL 20L | I75: 90900 | J75: 134989 | K75: PAIL | L75: CVL | M75: 20 | N75: 90900 | O75: TRUE
E76: 135691 | F76: MOBILUBE LS 85W-90 PAIL 20L | I76: 91100 | J76: 135691 | K76: PAIL | L76: CVL | M76: 20 | N76: 91100 | O76: TRUE
E77: 138838 | F77: MOBIL HYDRAULIC 10W DRUM 200L | I77: 615000 | J77: 138838 | K77: DRUM | L77: CVL | M77: 200 | N77: 615000 | O77: TRUE
E78: 138840 | F78: Mobil Delvac Hydraulic 10W 20L | I78: 65600 | J78: 138840 | K78: PAIL | L78: CVL | M78: 20 | N78: 65600 | O78: TRUE
E79: 138851 | F79: MOBIL FLUID LT DRUM 208L | I79: 1193000 | J79: 138851 | K79: DRUM | L79: CVL | M79: 208 | N79: 1193000 | O79: TRUE
E80: 138889 | F80: MOBILUBE GX 80W-90 DRUM 200L | I80: 520000 | J80: 138889 | K80: DRUM | L80: CVL | M80: 200 | N80: 520000 | O80: TRUE
E81: 138890 | F81: MOBILUBE GX 80W-90 PAIL 20L | I81: 54000 | J81: 138890 | K81: PAIL | L81: CVL | M81: 20 | N81: 54000 | O81: TRUE
E82: 138893 | F82: MOBILUBE HD 80W-90 DRUM 200L | I82: 552000 | J82: 138893 | K82: DRUM | L82: CVL | M82: 200 | N82: 552000 | O82: TRUE
... E89: 140382 | F89: MOBIL DELVAC 1 GEAR 75W90 DRUM 200L | I89: 2212000 | J89: 140382 | K89: DRUM | L89: CVL | M89: 208 | N89: 2212000 | O89: TRUE
E90: 140563 | F90: M-DELVAC 1 GO 75W90 PAIL 35LB | I90: 216000 | J90: 140563 | K90: PAIL | L90: CVL | M90: 16 | N90: #N/A | O90: #N/A
E91: 143003 | F91: MOBIL DELVAC 1 TF 75W-80 PAIL 20L | I91: 150000 | J91: 143003 | K91: PAIL | L91: CVL | M91: 20 | N91: #N/A | O91: #N/A
E92: 143240 | F92: M DV ULTRA 5W-40 UP V1 CTN 4X4L | I92: 107800 | J92: 143240 | K92: BOSM | L92: CVL | M92: 16 | N92: #N/A | O92: #N/A
E93: 138583 | F93: MOBIL ATF 220 CTN 12X1L:TW | I93: 44600 | J93: 138583 | K93: BOSM | L93: MBK | M93: 12 | N93: #N/A | O93: #N/A
E94: 123205 | F94: MOBIL BRAKE FLUID DOT4 CTN 12X0.5L | I94: 60300 | J94: 123205 | K94: BOSM | L94: PVL | M94: 6 | N94: #N/A | O94: #N/A
E95: 124476 | F95: MOBIL MULTIPURPOSE ATF PAIL 20L | I95: 63200 | J95: 124476 | K95: PAIL | L95: PVL | M95: 20 | N95: #N/A | O95: #N/A
E96: 135080 | F96: MOBIL ANTIFREEZE EXTRA CTN 12X1L | I96: 110000 | J96: 135080 | K96: BOSM | L96: PVL | M96: 12 | N96: #N/A | O96: #N/A
E97: 138806 | F97: MOBIL OUTBOARD PLUS CTN 24X0.414L | I97: 148600 | J97: 138806 | K97: BOLG | L97: PVL | M97: 9.94 | N97: 216000 | O97: TRUE
E98: 138827 | F98: MOBIL MULTIPURPOSE ATF DRUM 200L | I98: 595000 | J98: 138827 | K98: DRUM | L98: PVL | M98: 200 | N98: 150000 | O98: TRUE
E99: 138888 | F99: MOBILUBE 1 SHC 75W-90 PAIL 20L:KR | I99: 233000 | J99: 138888 | K99: PAIL | L99: PVL | M99: 20 | N99: 107800 | O99: TRUE
E100: 138892 | F100: MOBILUBE GX 80W-90 CTN 4X4 | I100: 46500 | J100: 138892 | K100: BOLG | L100: PVL | M100: 16 | N100: #N/A | O100: #N/A
E101: 142227 | F101: MOBIL DELVAC XHP ESP S 10W-40 DM 200L:KR | I101: 853000 | J101: 142227 | K101: DRUM | L101: PVL | M101: 200 | N101: 60300 | O101: TRUE
E102: 140169 | F102: MOBIL Super 3000 FP 0W30 CTN 12X1L | I102: 62400 | J102: 140169 | K102: BOSM | L102: PVL | M102: 12 | N102: 63200 | O102: TRUE
E103: 140657 | F103: MOBIL 1 5W30(SN) CTN 12X1L | I103: 118000 | J103: 140657 | K103: BOSM | L103: PVL | M103: 12 | N103: 110000 | O103: TRUE
E104: 140660 | F104: MOBIL 1 0W-40(SN) CTN 12X1L | I104: 118000 | J104: 140660 | K104: BOSM | L104: PVL | M104: 12 | N104: 148600 | O104: TRUE
E105: 140661 | F105: MOBIL 1 0W-40 DRUM 200L: KR | I105: 1789000 | J105: 140661 | K105: DRUM | L105: PVL | M105: 200 | N105: 595000 | O105: TRUE
E106: 141593 | F106: MOBIL SPECIAL PLUS 5W-30 DRUM 200L | I106: 479000 | J106: 141593 | K106: DRUM | L106: PVL | M106: 200 | N106: 233000 | O106: TRUE
E107: 120082 | F107: MOBILGREASE 28, 16KG/35.2LB | I107: 605000 | J107: 120082 | K107: PAIL | L107: AVI | M107: 16 | N107: 46500 | O107: TRUE
E108: 120084 | F108: JET OIL 254 24X1QT CTN/CANS METAL | I108: 458000 | J108: 120084 | K108: BOX | L108: AVI | M108: 22.8 | N108: #N/A | O108: #N/A
E109: 120088 | F109: MOBIL JET OIL II,55GA(208LT),DRUM,METAL | I109: 4264030 | J109: 120088 | K109: DRUM | L109: AVI | M109: 208 | N109: #N/A | O109: #N/A
E110: 120089 | F110: MOBIL JET OIL II,24X1QT,CTN/CANS,METAL | I110: 380000 | J110: 120089 | K110: BOX | L110: AVI | M110: 22.8 | N110: 118000 | O110: TRUE
E111: 134601 | F111: MOBIL AERO HF, 55GA DRUM | I111: 3724000 | J111: 134601 | K111: DRUM | L111: AVI | M111: 200 | N111: 118000 | O111: TRUE
E112: 134756 | F112: MOBILGREASE 33, 16KG PAIL | I112: 662000 | J112: 134756 | K112: PAIL | L112: AVI | M112: 16 | N112: 1789000 | O112: TRUE
E113: 135390 | F113: HYJET V, 5GA PAIL | I113: 524000 | J113: 135390 | K113: PAIL | L113: AVI | M113: 20 | N113: #N/A | O113: #N/A
E114: 120969 | F114: MOBILARMA 798,5GA (16.70KG/18.93LT),PAIL | I114: 235000 | J114: 120969 | K114: PAIL | L114: IND | M114: 18.9 | N114: #N/A | O114: #N/A
E115: 121540 | F115: UNIVIS HVI 26,208LT,DRUM | I115: 1684000 | J115: 121540 | K115: DRUM | L115: IND | M115: 208 | N115: #N/A | O115: #N/A
E116: 121558 | F116: MOBIL TAC 375NC 38LB(17.2 KG) PAIL | I116: 311000 | J116: 121558 | K116: PAIL | L116: IND | M116: 17.252 | N116: #N/A | O116: #N/A
E117: 121759 | F117: MOBIL GARGOYLE ARCTIC 300, 208LT DR | I117: 1230000 | J117: 121759 | K117: DRUM | L117: IND | M117: 208 | N117: #N/A | O117: #N/A
E118: 121762 | F118: GARGOYLE ARCTIC C HEAVY,208LT | I118: 1302000 | J118: 121762 | K118: DRUM | L118: IND | M118: 208 | N118: #N/A | O118: #N/A
E119: 121764 | F119: GARGOYLE ARCTIC 155,208LT,DRUM,METAL | I119: 1246000 | J119: 121764 | K119: DRUM | L119: IND | M119: 208 | N119: #N/A | O119: #N/A
E120: 121892 | F120: EAL ARCTIC 100,5GA(18.9LT),PAIL,METAL | I120: 481000 | J120: 121892 | K120: PAIL | L120: IND | M120: 18.9 | N120: 479000 | O120: TRUE
E121: 121902 | F121: EAL ARCTIC 32 5GA(18.9LT) PAIL METAL | I121: 410000 | J121: 121902 | K121: PAIL | L121: IND | M121: 18.9 | N121: #N/A | O121: #N/A
E122: 121904 | F122: EAL ARCTIC 46,5GA(18.9LT),PAIL,METAL | I122: 430000 | J122: 121904 | K122: PAIL | L122: IND | M122: 18.9 | N122: #N/A | O122: #N/A
E123: 121907 | F123: MOBIL EAL ARCTIC 68 5GA(18.9LT) PAIL | I123: 398000 | J123: 121907 | K123: PAIL | L123: IND | M123: 18.9 | N123: 605000 | O123: TRUE
E124: 122135 | F124: MOBIL PEGASUS 710, 208LT DR | I124: 1207000 | J124: 122135 | K124: DRUM | L124: IND | M124: 208 | N124: 458000 | O124: TRUE
E125: 122167 | F125: MOBIL RARUS 827 208LT DRUM METAL | I125: 3124000 | J125: 122167 | K125: DRUM | L125: IND | M125: 208 | N125: #N/A | O125: #N/A
E126: 122187 | F126: SHC 524,208LT,DRUM,METAL | I126: 2760000 | J126: 122187 | K126: DRUM | L126: IND | M126: 208 | N126: 380000 | O126: TRUE
E127: 122612 | F127: WYROL H 15, 208LT, DR | I127: 1525000 | J127: 122612 | K127: DRUM | L127: IND | M127: 208 | N127: 3724000 | O127: TRUE
E128: 122650 | F128: MOBIL GARGOYLE ARCTIC SHC 226E D208L | I128: 3190000 | J128: 122650 | K128: DRUM | L128: IND | M128: 208 | N128: 662000 | O128: TRUE
E129: 122713 | F129: MOBIL ALMO 527 PAIL 20L | I129: 106000 | J129: 122713 | K129: PAIL | L129: IND | M129: 20 | N129: 524000 | O129: TRUE
E130: 122766 | F130: MOBIL DTE OIL HEAVY PAIL 20L | I130: 83600 | J130: 122766 | K130: PAIL | L130: IND | M130: 20 | N130: 222000 | O130: FALSE
E131: 122821 | F131: PEGASUS 1 208LT DRM METAL NEW-TGT HD PR | J131: 122821 | K131: DRUM | L131: IND | M131: 208 | N131: 1684000 | O131: TRUE
E132: 122837 | F132: MOBIL RARUS 424 PAIL 20L | I132: 62800 | J132: 122837 | K132: PAIL | L132: IND | M132: 20 | N132: 311000 | O132: TRUE
E133: 122842 | F133: MOBIL RARUS 427 P20LT | I133: 79200 | J133: 122842 | K133: PAIL | L133: IND | M133: 20 | N133: 1230000 | O133: TRUE
E134: 144277 | F134: MOBIL VACUOLINE 1409 PAIL 20L | I134: 46600 | J134: 122885 | K134: PAIL | L134: IND | M134: 20 | N134: 1302000 | O134: TRUE
...

Sheet 자차(경동)
B2: 발 주 서 | M2: 발주 접수처 (엑슨모빌 중국 상하이 고객지원팀)
M3: · 부서메일주소 : koreadcp@exxonmobil.com
M4: · 수신부담팩스 : 00798 8521 8501
M5: · 수신부담전화 : 00798 8521 8503
B7: 대리점명 | D7: (주)영일오엔씨 | F7: 대리점코드 | G7: 모빌(194637) | K7: 발주일 | L7: =TODAY() -> 45981 | N7: 납기일
B8: 전화번호 | D8: 02-2693-5189 | F8: 팩스번호 | G8: 02-2693-5902 | K8: 담당자 | N8: 연락처
B9: 주소 | K9: 납 지
B11: 순번 (No.) | C11: 발주처 | D11: 거래처명 (Ship to) | E11: 코드번호 (Child Code) | F11: 제품코드 (P-Code) | G11: 제품명 (Product Name) | J11: 규격 (Package) | K11: 제품군 (Lob) | L11: 수량 (Quanty) | M11: 물량/리터 (Volume) | N11: 단가 (Unit Price) | O11: 금액(별도) (Amounts) | P11: 오더번호 | R11: 중복
B12: 1 | C12: 경동입차 | D12: 화성창고-일반가 | E12: =IF($D12<>0,VLOOKUP($D12,$D$45:$E$64,2,FALSE),"") -> 194667 | F12: 135304 | G12: =IF($F12<>0,VLOOKUP($F12,$E$71:$M$516,2,FALSE),"") -> MOBIL RARUS 829, 55GA DRUM | J12: =IF($F12<>0,VLOOKUP($F12,$E$71:$M$516,7,FALSE),"") -> DRUM | K12: =IF($F12<>0,VLOOKUP($F12,$E$71:$M$516,8,FALSE),"") -> IND | L12: 1 | M12: =IF($L12<>0,VLOOKUP($F12,$E$71:$M$516,9,FALSE)*$L12,"") -> 208 | N12: =IF($F12<>0,VLOOKUP($F12,$E$71:$M$516,5,FALSE),"") -> 3473000 | O12: =IF(L12<>0,$L12*$N12,"") -> 3473000 | R12: =COUNTIF($F$11:F17,F12) -> 1 | S12: =O12*1.1 -> 3820300 | T12: 330000 | U12: =N12=T12 -> FALSE
B13: 2 | C13: 영동모빌 | E13: =IF($D13<>0,VLOOKUP($D13,$D$45:$E$64,2,FALSE),"") | G13: =IF($F13<>0,VLOOKUP($F13,$E$71:$M$516,2,FALSE),"") | J13: =IF($F13<>0,VLOOKUP($F13,$E$71:$M$516,7,FALSE),"") | K13: =IF($F13<>0,VLOOKUP($F13,$E$71:$M$516,8,FALSE),"") | M13: =IF($L13<>0,VLOOKUP($F13,$E$71:$M$516,9,FALSE)*$L13,"") | N13: =IF($F13<>0,VLOOKUP($F13,$E$71:$M$516,5,FALSE),"") | O13: =IF(L13<>0,$L13*$N13,"") | R13: =COUNTIF($F$11:F18,F13) -> 0 | S13: =O13*1.1 -> #VALUE! | U13: =N13=T13 -> TRUE
B14: 3 | E14: =IF($D14<>0,VLOOKUP($D14,$D$45:$E$64,2,FALSE),"") | G14: =IF($F14<>0,VLOOKUP($F14,$E$71:$M$516,2,FALSE),"") | J14: =IF($F14<>0,VLOOKUP($F14,$E$71:$M$516,7,FALSE),"") | K14: =IF($F14<>0,VLOOKUP($F14,$E$71:$M$516,8,FALSE),"") | M14: =IF($L14<>0,VLOOKUP($F14,$E$71:$M$516,9,FALSE)*$L14,"") | N14: =IF($F14<>0,VLOOKUP($F14,$E$71:$M$516,5,FALSE),"") | O14: =IF(L14<>0,$L14*$N14,"") | R14: =COUNTIF($F$11:F18,F14) -> 0 | S14: =O14*1.1 -> #VALUE! | U14: =N14=T14 -> TRUE
B15: 4 | E15: =IF($D15<>0,VLOOKUP($D15,$D$45:$E$64,2,FALSE),"") | G15: =IF($F15<>0,VLOOKUP($F15,$E$71:$M$516,2,FALSE),"") | J15: =IF($F15<>0,VLOOKUP($F15,$E$71:$M$516,7,FALSE),"") | K15: =IF($F15<>0,VLOOKUP($F15,$E$71:$M$516,8,FALSE),"") | M15: =IF($L15<>0,VLOOKUP($F15,$E$71:$M$516,9,FALSE)*$L15,"") | N15: =IF($F15<>0,VLOOKUP($F15,$E$71:$M$516,5,FALSE),"") | O15: =IF(L15<>0,$L15*$N15,"") | R15: =COUNTIF($F$11:F19,F15) -> 0 | S15: =O15*1.1 -> #VALUE! | U15: =N15=T15 -> TRUE
B16: 5 | E16: =IF($D16<>0,VLOOKUP($D16,$D$45:$E$64,2,FALSE),"") | G16: =IF($F16<>0,VLOOKUP($F16,$E$71:$M$516,2,FALSE),"") | J16: =IF($F16<>0,VLOOKUP($F16,$E$71:$M$516,7,FALSE),"") | K16: =IF($F16<>0,VLOOKUP($F16,$E$71:$M$516,8,FALSE),"") | M16: =IF($L16<>0,VLOOKUP($F16,$E$71:$M$516,9,FALSE)*$L16,"") | N16: =IF($F16<>0,VLOOKUP($F16,$E$71:$M$516,5,FALSE),"") | O16: =IF(L16<>0,$L16*$N16,"") | R16: =COUNTIF($F$11:F20,F16) -> 0 | S16: =O16*1.1 -> #VALUE! | U16: =N16=T16 -> TRUE
B17: 6 | E17: =IF($D17<>0,VLOOKUP($D17,$D$45:$E$64,2,FALSE),"") | G17: =IF($F17<>0,VLOOKUP($F17,$E$71:$M$516,2,FALSE),"") | J17: =IF($F17<>0,VLOOKUP($F17,$E$71:$M$516,7,FALSE),"") | K17: =IF($F17<>0,VLOOKUP($F17,$E$71:$M$516,8,FALSE),"") | M17: =IF($L17<>0,VLOOKUP($F17,$E$71:$M$516,9,FALSE)*$L17,"") | N17: =IF($F17<>0,VLOOKUP($F17,$E$71:$M$516,5,FALSE),"") | O17: =IF(L17<>0,$L17*$N17,"") | R17: =COUNTIF($F$11:F21,F17) -> 0 | S17: =O17*1.1 -> #VALUE! | U17: =N17=T17 -> TRUE
B18: 7 | E18: =IF($D18<>0,VLOOKUP($D18,$D$45:$E$64,2,FALSE),"") | G18: =IF($F18<>0,VLOOKUP($F18,$E$71:$M$516,2,FALSE),"") | J18: =IF($F18<>0,VLOOKUP($F18,$E$71:$M$516,7,FALSE),"") | K18: =IF($F18<>0,VLOOKUP($F18,$E$71:$M$516,8,FALSE),"") | M18: =IF($L18<>0,VLOOKUP($F18,$E$71:$M$516,9,FALSE)*$L18,"") | N18: =IF($F18<>0,VLOOKUP($F18,$E$71:$M$516,5,FALSE),"") | O18: =IF(L18<>0,$L18*$N18,"") | R18: =COUNTIF($F$11:F22,F18) -> 0 | S18: =O18*1.1 -> #VALUE! | U18: =N18=T18 -> TRUE
B19: 8 | E19: =IF($D19<>0,VLOOKUP($D19,$D$45:$E$64,2,FALSE),"") | G19: =IF($F19<>0,VLOOKUP($F19,$E$71:$M$516,2,FALSE),"") | J19: =IF($F19<>0,VLOOKUP($F19,$E$71:$M$516,7,FALSE),"") | K19: =IF($F19<>0,VLOOKUP($F19,$E$71:$M$516,8,FALSE),"") | M19: =IF($L19<>0,VLOOKUP($F19,$E$71:$M$516,9,FALSE)*$L19,"") | N19: =IF($F19<>0,VLOOKUP($F19,$E$71:$M$516,5,FALSE),"") | O19: =IF(L19<>0,$L19*$N19,"") | R19: =COUNTIF($F$11:F25,F19) -> 0 | S19: =O19*1.1 -> #VALUE! | U19: =N19=T19 -> TRUE
B20: 9 | E20: =IF($D20<>0,VLOOKUP($D20,$D$45:$E$64,2,FALSE),"") | G20: =IF($F20<>0,VLOOKUP($F20,$E$71:$M$516,2,FALSE),"") | J20: =IF($F20<>0,VLOOKUP($F20,$E$71:$M$516,7,FALSE),"") | K20: =IF($F20<>0,VLOOKUP($F20,$E$71:$M$516,8,FALSE),"") | M20: =IF($L20<>0,VLOOKUP($F20,$E$71:$M$516,9,FALSE)*$L20,"") | N20: =IF($F20<>0,VLOOKUP($F20,$E$71:$M$516,5,FALSE),"") | O20: =IF(L20<>0,$L20*$N20,"") | R20: =COUNTIF($F$11:F26,F20) -> 0 | S20: =O20*1.1 -> #VALUE! | U20: =N20=T20 -> TRUE
B21: 10 | E21: =IF($D21<>0,VLOOKUP($D21,$D$45:$E$64,2,FALSE),"") | G21: =IF($F21<>0,VLOOKUP($F21,$E$71:$M$516,2,FALSE),"") | J21: =IF($F21<>0,VLOOKUP($F21,$E$71:$M$516,7,FALSE),"") | K21: =IF($F21<>0,VLOOKUP($F21,$E$71:$M$516,8,FALSE),"") | M21: =IF($L21<>0,VLOOKUP($F21,$E$71:$M$516,9,FALSE)*$L21,"") | N21: =IF($F21<>0,VLOOKUP($F21,$E$71:$M$516,5,FALSE),"") | O21: =IF(L21<>0,$L21*$N21,"") | R21: =COUNTIF($F$11:F27,F21) -> 0 | S21: =O21*1.1 -> #VALUE! | U21: =N21=T21 -> TRUE
B22: 11 | E22: =IF($D22<>0,VLOOKUP($D22,$D$45:$E$64,2,FALSE),"") | G22: =IF($F22<>0,VLOOKUP($F22,$E$71:$M$516,2,FALSE),"") | J22: =IF($F22<>0,VLOOKUP($F22,$E$71:$M$516,7,FALSE),"") | K22: =IF($F22<>0,VLOOKUP($F22,$E$71:$M$516,8,FALSE),"") | M22: =IF($L22<>0,VLOOKUP($F22,$E$71:$M$516,9,FALSE)*$L22,"") | N22: =IF($F22<>0,VLOOKUP($F22,$E$71:$M$516,5,FALSE),"") | O22: =IF(L22<>0,$L22*$N22,"") | R22: =COUNTIF($F$11:F28,F22) -> 0 | S22: =O22*1.1 -> #VALUE! | U22: =N22=T22 -> TRUE
B23: 12 | E23: =IF($D23<>0,VLOOKUP($D23,$D$45:$E$64,2,FALSE),"") | G23: =IF($F23<>0,VLOOKUP($F23,$E$71:$M$516,2,FALSE),"") | J23: =IF($F23<>0,VLOOKUP($F23,$E$71:$M$516,7,FALSE),"") | K23: =IF($F23<>0,VLOOKUP($F23,$E$71:$M$516,8,FALSE),"") | M23: =IF($L23<>0,VLOOKUP($F23,$E$71:$M$516,9,FALSE)*$L23,"") | N23: =IF($F23<>0,VLOOKUP($F23,$E$71:$M$516,5,FALSE),"") | O23: =IF(L23<>0,$L23*$N23,"") | R23: =COUNTIF($F$11:F29,F23) -> 0 | S23: =O23*1.1 -> #VALUE! | U23: =N23=T23 -> TRUE
B24: 13 | E24: =IF($D24<>0,VLOOKUP($D24,$D$45:$E$64,2,FALSE),"") | G24: =IF($F24<>0,VLOOKUP($F24,$E$71:$M$516,2,FALSE),"") | J24: =IF($F24<>0,VLOOKUP($F24,$E$71:$M$516,7,FALSE),"") | K24: =IF($F24<>0,VLOOKUP($F24,$E$71:$M$516,8,FALSE),"") | M24: =IF($L24<>0,VLOOKUP($F24,$E$71:$M$516,9,FALSE)*$L24,"") | N24: =IF($F24<>0,VLOOKUP($F24,$E$71:$M$516,5,FALSE),"") | O24: =IF(L24<>0,$L24*$N24,"") | R24: =COUNTIF($F$11:F29,F24) -> 0 | S24: =O24*1.1 -> #VALUE! | U24: =N24=T24 -> TRUE
B25: 14 | E25: =IF($D25<>0,VLOOKUP($D25,$D$45:$E$64,2,FALSE),"") | G25: =IF($F25<>0,VLOOKUP($F25,$E$71:$M$516,2,FALSE),"") | J25: =IF($F25<>0,VLOOKUP($F25,$E$71:$M$516,7,FALSE),"") | K25: =IF($F25<>0,VLOOKUP($F25,$E$71:$M$516,8,FALSE),"") | M25: =IF($L25<>0,VLOOKUP($F25,$E$71:$M$516,9,FALSE)*$L25,"") | N25: =IF($F25<>0,VLOOKUP($F25,$E$71:$M$516,5,FALSE),"") | O25: =IF(L25<>0,$L25*$N25,"") | R25: =COUNTIF($F$11:F30,F25) -> 0 | S25: =O25*1.1 -> #VALUE! | U25: =N25=T25 -> TRUE
B26: 15 | E26: =IF($D26<>0,VLOOKUP($D26,$D$45:$E$64,2,FALSE),"") | G26: =IF($F26<>0,VLOOKUP($F26,$E$71:$M$516,2,FALSE),"") | J26: =IF($F26<>0,VLOOKUP($F26,$E$71:$M$516,7,FALSE),"") | K26: =IF($F26<>0,VLOOKUP($F26,$E$71:$M$516,8,FALSE),"") | M26: =IF($L26<>0,VLOOKUP($F26,$E$71:$M$516,9,FALSE)*$L26,"") | N26: =IF($F26<>0,VLOOKUP($F26,$E$71:$M$516,5,FALSE),"") | O26: =IF(L26<>0,$L26*$N26,"") | R26: =COUNTIF($F$11:F31,F26) -> 0 | S26: =O26*1.1 -> #VALUE! | U26: =N26=T26 -> TRUE
G27: =IF($F27<>0,VLOOKUP($F27,$E$71:$M$502,2,FALSE),"") | J27: =IF($F27<>0,VLOOKUP($F27,$E$71:$M$502,7,FALSE),"") | K27: =IF($F27<>0,VLOOKUP($F27,$E$71:$M$502,8,FALSE),"") | M27: =IF($L27<>0,VLOOKUP($F27,$E$71:$M$502,9,FALSE)*$L27,"") | N27: =IF($F27<>0,VLOOKUP($F27,$E$71:$M$502,5,FALSE),"") | O27: =IF(L27<>0,$L27*$N27,"")
G28: =IF($F28<>0,VLOOKUP($F28,$E$71:$M$502,2,FALSE),"") | I28: 발주물량 | J28: 리터(Liter) | K28: =SUM(M12:M26) -> 208 | M28: 발주 금액 | N28: 부가세별도 | O28: =SUM(O12:O26) -> 3473000
G29: =IF($F29<>0,VLOOKUP($F29,$E$71:$M$502,2,FALSE),"") | J29: 드럼(Drum) | K29: =$K$28/200 -> 1.04 | N29: 부가세포함 | O29: =O28*1.1 -> 3820300
B41: 발주서 기초자료
D45: 거래처명 | E45: 거래처코드 | G45: 배송지 | H45: 주소 | M45: 담당자 | N45: 연락처
D46: SAMKWANG-YI | E46: 194712 | G46: 삼광상사-일반가 | H46: 울산광역시 북구 죽전로 2 (효문동)
D47: 화성창고-AUTO AL | E47: 199210 | G47: 영일-화성(AL) | H47: 경기도 화성시 향남읍 구문천1길 43-9
D48: 화성창고-일반가 | E48: 194667 | G48: 영일오앤씨 - 대리점 가격 | H48: 경기도 화성시 향남읍 구문천1길 43-9
D50: 하이스코-당진 | E50: 194675 | G50: 영일-현대제철(당진) | H50: 충남 당진시 송악읍 북부산업로 1480
D51: 하이스코-순천 | E51: 194701 | G51: 영일-현대제철(순천) | H51: 전남 순천시 해룡면 선월리 인덕로 300
D52: 화성창고-하이스코 | E52: 194729 | G52: 영일-현대제철(화성창고) | H52: 경기도 화성시 향남읍 구문천1길 43-9
D53: 화성창고-아주지오텍 | E53: 202724 | G53: 영일 - 아주지오텍(화성창고) | H53: 경기도 화성시 향남읍 구문천1길 43-9
D54: 화성창고-위아 | E54: 203805 | G54: 영일 - 위아(화성창고) | H54: 경기도 화성시 향남읍 구문천1길 43-9
D55: 화성창고-화성에너지 | E55: 200584 | G55: 영일 - 화성(에너지) | H55: 경기도 화성시 향남읍 구문천1길 43-9
D56: 화성창고-korail | E56: 207998 | G56: 영일-코레일-화성창고 | H56: 경기도 화성시 향남읍 구문천1길 43-9
D57: 화성창고-MBK | E57: 211914 | G57: 영일 - MBK (화성) | H57: 경기도 화성시 향남읍 구문천1길 43-9
D58: 화성창고-두산 | E58: 203477 | G58: 영일 화성-두산 | H58: 경기도 화성시 향남읍 구문천1길 43-9
D59: 화성창고-SEW | E59: 215691 | G59: 영일-SEW-화성창고 | H59: 경기도 화성시 향남읍 구문천1길 43-9
D70: 거래처구분 | E70: 거래처코드 | F70: 제품명 | G70: 제품명 | H70: 제품명 | I70: 가격 | J70: 제품코드 | K70: 포장단위 | L70: 제품라인 | M70: 단위물량
E71: 120645 | F71: MOBILUBE 1 SHC 75W-90 DRUM 208L | I71: 2213000 | J71: 120645 | K71: DRUM | L71: CVL | M71: 200 | N71: 2213000 | O71: TRUE
E72: 122916 | F72: MOBILUBE 1 SHC 75W-90 CTN 12X1L | I72: 140000 | J72: 122916 | K72: BOLG | L72: CVL | M72: 12 | N72: 140000 | O72: TRUE
E73: 129171 | F73: MOBILUBE HD 80W-90 PAIL 20L | I73: 59700 | J73: 129171 | K73: PAIL | L73: CVL | M73: 20 | N73: 59700 | O73: TRUE
E74: 129174 | F74: MOBILUBE HD 85W-140 PAIL 20L | I74: 70200 | J74: 129174 | K74: PAIL | L74: CVL | M74: 20 | N74: 70200 | O74: TRUE
E75: 134989 | F75: MOBILUBE GX-A 80W PAIL 20L | I75: 90900 | J75: 134989 | K75: PAIL | L75: CVL | M75: 20 | N75: 90900 | O75: TRUE
E76: 135691 | F76: MOBILUBE LS 85W-90 PAIL 20L | I76: 91100 | J76: 135691 | K76: PAIL | L76: CVL | M76: 20 | N76: 91100 | O76: TRUE
E77: 138838 | F77: MOBIL HYDRAULIC 10W DRUM 200L | I77: 615000 | J77: 138838 | K77: DRUM | L77: CVL | M77: 200 | N77: 615000 | O77: TRUE
E78: 138840 | F78: Mobil Delvac Hydraulic 10W 20L | I78: 65600 | J78: 138840 | K78: PAIL | L78: CVL | M78: 20 | N78: 65600 | O78: TRUE
E79: 138851 | F79: MOBIL FLUID LT DRUM 208L | I79: 1193000 | J79: 138851 | K79: DRUM | L79: CVL | M79: 208 | N79: 1193000 | O79: TRUE
E80: 138889 | F80: MOBILUBE GX 80W-90 DRUM 200L | I80: 520000 | J80: 138889 | K80: DRUM | L80: CVL | M80: 200 | N80: 520000 | O80: TRUE
E81: 138890 | F81: MOBILUBE GX 80W-90 PAIL 20L | I81: 54000 | J81: 138890 | K81: PAIL | L81: CVL | M81: 20 | N81: 54000 | O81: TRUE
E82: 138893 | F82: MOBILUBE HD 80W-90 DRUM 200L | I82: 552000 | J82: 138893 | K82: DRUM | L82: CVL | M82: 200 | N82: 552000 | O82: TRUE
... E89: 140382 | F89: MOBIL DELVAC 1 GEAR 75W90 DRUM 200L | I89: 2212000 | J89: 140382 | K89: DRUM | L89: CVL | M89: 208 | N89: 2212000 | O89: TRUE
E90: 140563 | F90: M-DELVAC 1 GO 75W90 PAIL 35LB | I90: 216000 | J90: 140563 | K90: PAIL | L90: CVL | M90: 16 | N90: #N/A | O90: #N/A
E91: 143003 | F91: MOBIL DELVAC 1 TF 75W-80 PAIL 20L | I91: 150000 | J91: 143003 | K91: PAIL | L91: CVL | M91: 20 | N91: #N/A | O91: #N/A
E92: 143240 | F92: M DV ULTRA 5W-40 UP V1 CTN 4X4L | I92: 107800 | J92: 143240 | K92: BOSM | L92: CVL | M92: 16 | N92: #N/A | O92: #N/A
E93: 138583 | F93: MOBIL ATF 220 CTN 12X1L:TW | I93: 44600 | J93: 138583 | K93: BOSM | L93: MBK | M93: 12 | N93: #N/A | O93: #N/A
E94: 123205 | F94: MOBIL BRAKE FLUID DOT4 CTN 12X0.5L | I94: 60300 | J94: 123205 | K94: BOSM | L94: PVL | M94: 6 | N94: #N/A | O94: #N/A
E95: 124476 | F95: MOBIL MULTIPURPOSE ATF PAIL 20L | I95: 63200 | J95: 124476 | K95: PAIL | L95: PVL | M95: 20 | N95: #N/A | O95: #N/A
E96: 135080 | F96: MOBIL ANTIFREEZE EXTRA CTN 12X1L | I96: 110000 | J96: 135080 | K96: BOSM | L96: PVL | M96: 12 | N96: #N/A | O96: #N/A
E97: 138806 | F97: MOBIL OUTBOARD PLUS CTN 24X0.414L | I97: 148600 | J97: 138806 | K97: BOLG | L97: PVL | M97: 9.94 | N97: 216000 | O97: TRUE
E98: 138827 | F98: MOBIL MULTIPURPOSE ATF DRUM 200L | I98: 595000 | J98: 138827 | K98: DRUM | L98: PVL | M98: 200 | N98: 150000 | O98: TRUE
E99: 138888 | F99: MOBILUBE 1 SHC 75W-90 PAIL 20L:KR | I99: 233000 | J99: 138888 | K99: PAIL | L99: PVL | M99: 20 | N99: 107800 | O99: TRUE
E100: 138892 | F100: MOBILUBE GX 80W-90 CTN 4X4 | I100: 46500 | J100: 138892 | K100: BOLG | L100: PVL | M100: 16 | N100: #N/A | O100: #N/A
E101: 142227 | F101: MOBIL DELVAC XHP ESP S 10W-40 DM 200L:KR | I101: 853000 | J101: 142227 | K101: DRUM | L101: PVL | M101: 200 | N101: 60300 | O101: TRUE
E102: 140169 | F102: MOBIL Super 3000 FP 0W30 CTN 12X1L | I102: 62400 | J102: 140169 | K102: BOSM | L102: PVL | M102: 12 | N102: 63200 | O102: TRUE
E103: 140657 | F103: MOBIL 1 5W30(SN) CTN 12X1L | I103: 118000 | J103: 140657 | K103: BOSM | L103: PVL | M103: 12 | N103: 110000 | O103: TRUE
E104: 140660 | F104: MOBIL 1 0W-40(SN) CTN 12X1L | I104: 118000 | J104: 140660 | K104: BOSM | L104: PVL | M104: 12 | N104: 148600 | O104: TRUE
E105: 140661 | F105: MOBIL 1 0W-40 DRUM 200L: KR | I105: 1789000 | J105: 140661 | K105: DRUM | L105: PVL | M105: 200 | N105: 595000 | O105: TRUE
E106: 141593 | F106: MOBIL SPECIAL PLUS 5W-30 DRUM 200L | I106: 479000 | J106: 141593 | K106: DRUM | L106: PVL | M106: 200 | N106: 233000 | O106: TRUE
E107: 120082 | F107: MOBILGREASE 28, 16KG/35.2LB | I107: 605000 | J107: 120082 | K107: PAIL | L107: AVI | M107: 16 | N107: 46500 | O107: TRUE
E108: 120084 | F108: JET OIL 254 24X1QT CTN/CANS METAL | I108: 458000 | J108: 120084 | K108: BOX | L108: AVI | M108: 22.8 | N108: #N/A | O108: #N/A
E109: 120088 | F109: MOBIL JET OIL II,55GA(208LT),DRUM,METAL | I109: 4264030 | J109: 120088 | K109: DRUM | L109: AVI | M109: 208 | N109: #N/A | O109: #N/A
E110: 120089 | F110: MOBIL JET OIL II,24X1QT,CTN/CANS,METAL | I110: 380000 | J110: 120089 | K110: BOX | L110: AVI | M110: 22.8 | N110: 118000 | O110: TRUE
E111: 134601 | F111: MOBIL AERO HF, 55GA DRUM | I111: 3724000 | J111: 134601 | K111: DRUM | L111: AVI | M111: 200 | N111: 118000 | O111: TRUE
E112: 134756 | F112: MOBILGREASE 33, 16KG PAIL | I112: 662000 | J112: 134756 | K112: PAIL | L112: AVI | M112: 16 | N112: 1789000 | O112: TRUE
E113: 135390 | F113: HYJET V, 5GA PAIL | I113: 524000 | J113: 135390 | K113: PAIL | L113: AVI | M113: 20 | N113: #N/A | O113: #N/A
E114: 120969 | F114: MOBILARMA 798,5GA (16.70KG/18.93LT),PAIL | I114: 235000 | J114: 120969 | K114: PAIL | L114: IND | M114: 18.9 | N114: #N/A | O114: #N/A
E115: 121540 | F115: UNIVIS HVI 26,208LT,DRUM | I115: 1684000 | J115: 121540 | K115: DRUM | L115: IND | M115: 208 | N115: #N/A | O115: #N/A
