Workbook

Sheet 2025년
BW1: 10 | BZ1: =BW1/12 -> 0.83333333
B2: 구분 | F2: 2023년 실적 | G2: 2024년 실적 | H2: 2025년(P) | I2: 증감율 | J2: 누적 | O2: 1월 | T2: 2월 | Y2: 3월 | AD2: 4월 | AI2: 5월 | AN2: 6월 | AS2: 7월 | AX2: 8월 | BC2: 9월 | BH2: 10월 | BM2: 11월 | BR2: 12월
J3: 2024년 | K3: 목표 | L3: 2025년 | M3: 달성율 | N3: 전년대비 | O3: =J3 -> 2024년 | P3: =K3 -> 목표 | Q3: =L3 -> 2025년 | R3: =M3 -> 달성율 | S3: =N3 -> 전년대비 | T3: =O3 -> 2024년 | U3: =P3 -> 목표 | V3: =Q3 -> 2025년 | ... BV3: =BQ3 -> 전년대비
B4: Auto+IL | D4: 판매량 | F4: ='2024년 실적'!G4 -> 10656512 | G4: ='2024년 실적'!L4 -> 10517294 | H4: =H9+H29 -> 11825000 | I4: =H4/G4-1 -> 0.12433864 | J4: =J9+J29 -> 8489461 | K4: =K9+K29 -> 9654680 | L4: =L9+L29 -> 8826715 | M4: =L4/K4-1 -> -0.085757892 | N4: =L4/J4-1 -> 0.039726197 | O4: =O9+O29 -> 750995 | P4: =P9+P29 -> 909418 | Q4: =Q9+Q29 -> 729749 | R4: =Q4/P4-1 -> -0.19756482 | S4: =Q4/O4-1 -> -0.028290468 | T4: =T9+T29 -> 731815 | U4: =U9+U29 -> 966418 | V4: =V9+V29 -> 885251 | W4: =V4/U4-1 -> -0.083987467 | X4: =V4/T4-1 -> 0.20966501 | Y4: =Y9+Y29 -> 940726 | Z4: =Z9+Z29 -> 1023418 | AA4: =AA9+AA29 -> 833839 | AB4: =AA4/Z4-1 -> -0.18524103 | AC4: =AA4/Y4-1 -> -0.11362182 | AD4: =AD9+AD29 -> 899518 | AE4: =AE9+AE29 -> 966418 | AF4: =AF9+AF29 -> 986877 | AG4: =AF4/AE4-1 -> 0.021169929 | AH4: =AF4/AD4-1 -> 0.097117567 | AI4: =AI9+AI29 -> 888999 | AJ4: =AJ9+AJ29 -> 966418 | AK4: =AK9+AK29 -> 949364 | AL4: =AK4/AJ4-1 -> -0.017646608 | AM4: =AK4/AI4-1 -> 0.067902214 | AN4: =AN9+AN29 -> 810468 | AO4: =AO9+AO29 -> 966418 | AP4: =AP9+AP29 -> 967394 | AQ4: =AP4/AO4-1 -> 0.001009915 | AR4: =AP4/AN4-1 -> 0.19362393 | AS4: =AS9+AS29 -> 917440 | AT4: =AT9+AT29 -> 966418 | AU4: =AU9+AU29 -> 851003 | AV4: =AU4/AT4-1 -> -0.11942555 | AW4: =AU4/AS4-1 -> -0.072415635 | AX4: =AX9+AX29 -> 839998 | AY4: =AY9+AY29 -> 966418 | AZ4: =AZ9+AZ29 -> 879550 | BA4: =AZ4/AY4-1 -> -0.089886571 | BB4: =AZ4/AX4-1 -> 0.047085826 | BC4: =BC9+BC29 -> 762755 | BD4: =BD9+BD29 -> 966418 | BE4: =BE9+BE29 -> 981485 | BF4: =BE4/BD4-1 -> 0.015590562 | BG4: =BE4/BC4-1 -> 0.28676312 | BH4: =BH9+BH29 -> 1032921 | BI4: =BI9+BI29 -> 1051918 | BJ4: =BJ9+BJ29 -> 859631 | BK4: =BJ4/BI4-1 -> -0.18279657 | BL4: =BJ4/BH4-1 -> -0.16776694 | BM4: =BM9+BM29 -> 970781 | BN4: =BN9+BN29 -> 1051918 | BO4: =BO9+BO29 -> 0 | BP4: =BO4/BN4-1 -> -1 | BQ4: =BO4/BM4-1 -> -1 | BR4: =BR9+BR29 -> 970878 | BS4: =BS9+BS29 -> 1023418 | BT4: =BT9+BT29 -> 0 | BU4: =BT4/BS4-1 -> -1 | BV4: =BT4/BR4-1 -> -1 | BX4: =L4-J4 -> 337254
D5: sell-in | F5: ='2024년 실적'!G5 -> 10654645 | G5: ='2024년 실적'!L5 -> 10432495 | H5: =H8+H28 -> 11825000 | I5: =H5/G5-1 -> 0.13347766 | J5: =J8+J28 -> 8551937 | K5: =K8+K28 -> 9736680 | L5: =L8+L28 -> 8912487 | M5: =L5/K5-1 -> -0.084648258 | N5: =L5/J5-1 -> 0.042160039 | O5: =O8+O28 -> 638533 | P5: =P8+P28 -> 909418 | Q5: =Q8+Q28 -> 664936 | R5: =Q5/P5-1 -> -0.26883347 | S5: =Q5/O5-1 -> 0.041349468 | T5: =T8+T28 -> 719427 | U5: =U8+U28 -> 966418 | V5: =V8+V28 -> 950172 | W5: =V5/U5-1 -> -0.016810531 | X5: =V5/T5-1 -> 0.32073442 | Y5: =Y8+Y28 -> 924619 | Z5: =Z8+Z28 -> 1023418 | AA5: =AA8+AA28 -> 879459 | AB5: =AA5/Z5-1 -> -0.14066491 | AC5: =AA5/Y5-1 -> -0.048841739 | AD5: =AD8+AD28 -> 938664 | AE5: =AE8+AE28 -> 966418 | AF5: =AF8+AF28 -> 994782 | AG5: =AF5/AE5-1 -> 0.029349619 | AH5: =AF5/AD5-1 -> 0.059784971 | AI5: =AI8+AI28 -> 978656 | AJ5: =AJ8+AJ28 -> 953418 | AK5: =AK8+AK28 -> 905373 | AL5: =AK5/AJ5-1 -> -0.050392378 | AM5: =AK5/AI5-1 -> -0.074881266 | AN5: =AN8+AN28 -> 833917 | AO5: =AO8+AO28 -> 966418 | AP5: =AP8+AP28 -> 1019715 | AQ5: =AP5/AO5-1 -> 0.055149014 | AR5: =AP5/AN5-1 -> 0.22280155 | AS5: =AS8+AS28 -> 825476 | AT5: =AT8+AT28 -> 966418 | AU5: =AU8+AU28 -> 885158 | AV5: =AU5/AT5-1 -> -0.084083699 | AW5: =AU5/AS5-1 -> 0.072300103 | AX5: =AX8+AX28 -> 851637 | AY5: =AY8+AY28 -> 966418 | AZ5: =AZ8+AZ28 -> 828054 | BA5: =AZ5/AY5-1 -> -0.143172 | BB5: =AZ5/AX5-1 -> -0.027691376 | BC5: =BC8+BC28 -> 720078 | BD5: =BD8+BD28 -> 966418 | BE5: =BE8+BE28 -> 1060818 | BF5: =BE5/BD5-1 -> 0.0976803 | BG5: =BE5/BC5-1 -> 0.47319874 | BH5: =BH8+BH28 -> 1120930 | BI5: =BI8+BI28 -> 1051918 | BJ5: =BJ8+BJ28 -> 724020 | BK5: =BJ5/BI5-1 -> -0.31171441 | BL5: =BJ5/BH5-1 -> -0.35408991 | BM5: =BM8+BM28 -> 945381 | BN5: =BN8+BN28 -> 1051918 | BO5: =BO8+BO28 -> 0 | BP5: =BO5/BN5-1 -> -1 | BQ5: =BO5/BM5-1 -> -1 | BR5: =BR8+BR28 -> 935177 | BS5: =BS8+BS28 -> 1023418 | BT5: =BT8+BT28 -> 0 | BU5: =BT5/BS5-1 -> -1 | BV5: =BT5/BR5-1 -> -1 | BX5: =L5-J5 -> 360550
D6: 재고 | F6: ='2024년 실적'!G6 -> 753757 | G6: ='2024년 실적'!L6 -> 668998 | H6: =H7+H27 -> 492708 | I6: =H6/G6-1 -> -0.26351349 | J6: =J7+J27 -> 740283 | K6: =K7+K27 -> 525959 | L6: =L7+L27 -> 648940 | M6: =L6/K6-1 -> 0.23382241 | N6: =L6/J6-1 -> -0.1233893 | O6: =O7+O27 -> 639609 | P6: =P7+P27 -> 454709 | Q6: =Q7+Q27 -> 601684 | R6: =Q6/P6-1 -> 0.3232287 | S6: =Q6/O6-1 -> -0.059294037 | T6: =T7+T27 -> 563024 | U6: =U7+U27 -> 476709 | V6: =V7+V27 -> 662331 | W6: =V6/U6-1 -> 0.3893822 | X6: =V6/T6-1 -> 0.17638147 | Y6: =Y7+Y27 -> 476578 | Z6: =Z7+Z27 -> 511709 | AA6: =AA7+AA27 -> 705672 | AB6: =AA6/Z6-1 -> 0.37904942 | AC6: =AA6/Y6-1 -> 0.4807062 | AD6: =AD7+AD27 -> 483429 | AE6: =AE7+AE27 -> 483209 | AF6: =AF7+AF27 -> 721498 | AG6: =AF6/AE6-1 -> 0.49313858 | AH6: =AF6/AD6-1 -> 0.49245908 | AI6: =AI7+AI27 -> 749888 | AJ6: =AJ7+AJ27 -> 476709 | AK6: =AK7+AK27 -> 676501 | AL6: =AK6/AJ6-1 -> 0.41910683 | AM6: =AK6/AI6-1 -> -0.097863948 | AN6: =AN7+AN27 -> 771620 | AO6: =AO7+AO27 -> 483209 | AP6: =AP7+AP27 -> 627682 | AQ6: =AP6/AO6-1 -> 0.29898657 | AR6: =AP6/AN6-1 -> -0.18654001 | AS6: =AS7+AS27 -> 449939 | AT6: =AT7+AT27 -> 483209 | AU6: =AU7+AU27 -> 760061 | AV6: =AU6/AT6-1 -> 0.57294463 | AW6: =AU6/AS6-1 -> 0.68925343 | AX6: =AX7+AX27 -> 614643 | AY6: =AY7+AY27 -> 483209 | AZ6: =AZ7+AZ27 -> 707639 | BA6: =AZ6/AY6-1 -> 0.46445741 | BB6: =AZ6/AX6-1 -> 0.15130084 | BC6: =BC7+BC27 -> 651732 | BD6: =BD7+BD27 -> 483209 | BE6: =BE7+BE27 -> 785543 | BF6: =BE6/BD6-1 -> 0.62567957 | BG6: =BE6/BC6-1 -> 0.20531599 | BH6: =BH7+BH27 -> 740283 | BI6: =BI7+BI27 -> 525959 | BJ6: =BJ7+BJ27 -> 648940 | BK6: =BJ6/BI6-1 -> 0.23382241 | BL6: =BJ6/BH6-1 -> -0.1233893 | BM6: =BM7+BM27 -> 705251 | BN6: =BN7+BN27 -> 525959 | BO6: =BO7+BO27 -> 0 | BP6: =BO6/BN6-1 -> -1 | BQ6: =BO6/BM6-1 -> -1 | BR6: =BR7+BR27 -> 668998 | BS6: =BS7+BS27 -> 511709 | BT6: =BT7+BT27 -> 0 | BU6: =BT6/BS6-1 -> -1 | BV6: =BT6/BR6-1 -> -1 | BX6: =L6-G6 -> -20058
B7: B2C | C7: Auto | D7: 재고 | F7: ='2024년 실적'!G7 -> 343119 | G7: ='2024년 실적'!L7 -> 309009 | H7: =ROUND(H8/24,0) -> 237500 | I7: =H7/G7-1 -> -0.23141397 | J7: =BH7 -> 356671 | K7: =BI7 -> 270750 | L7: =BJ7 -> 332935 | M7: =L7/K7-1 -> 0.22967682 | N7: =L7/J7-1 -> -0.066548724 | O7: ='2024년 실적'!Q7 -> 309841 | P7: =ROUND(P9/2,2) -> 199500 | Q7: =169559+129032 -> 298591 | R7: =Q7/P7-1 -> 0.49669674 | S7: =Q7/O7-1 -> -0.036308946 | T7: ='2024년 실적'!V7 -> 284901 | U7: 221500 | V7: 334118 | W7: =V7/U7-1 -> 0.50843341 | X7: =V7/T7-1 -> 0.17275124 | Y7: ='2024년 실적'!AA7 -> 135478 | Z7: =Z8/2 -> 256500 | AA7: =207878+155999 -> 363877 | AB7: =AA7/Z7-1 -> 0.41862378 | AC7: =AA7/Y7-1 -> 1.6858752 | AD7: ='2024년 실적'!AF7 -> 152494 | AE7: =AE8/2 -> 228000 | AF7: 349398 | AG7: =AF7/AE7-1 -> 0.53244737 | AH7: =AF7/AD7-1 -> 1.2912246 | AI7: ='2024년 실적'!AK7 -> 343961 | AJ7: =AJ8/2 -> 221500 | AK7: 332385 | AL7: =AK7/AJ7-1 -> 0.50060948 | AM7: =AK7/AI7-1 -> -0.033654978 | AN7: ='2024년 실적'!AP7 -> 352267 | AO7: =AO8/2 -> 228000 | AP7: 338603 | AQ7: =AP7/AO7-1 -> 0.48510088 | AR7: =AP7/AN7-1 -> -0.03878876 | AS7: ='2024년 실적'!AU7 -> 158232 | AT7: =AT8/2 -> 228000 | AU7: 387894 | AV7: =AU7/AT7-1 -> 0.70128947 | AW7: =AU7/AS7-1 -> 1.4514258 | AX7: ='2024년 실적'!AZ7 -> 337471 | AY7: =AY9/2 -> 228000 | AZ7: 370048 | BA7: =AZ7/AY7-1 -> 0.62301754 | BB7: =AZ7/AX7-1 -> 0.096532739 | BC7: ='2024년 실적'!BE7 -> 336907 | BD7: =BD9/2 -> 228000 | BE7: 404138 | BF7: =BE7/BD7-1 -> 0.77253509 | BG7: =BE7/BC7-1 -> 0.19955359 | BH7: ='2024년 실적'!BJ7 -> 356671 | BI7: =BI8/2 -> 270750 | BJ7: 332935 | BK7: =BJ7/BI7-1 -> 0.22967682 | BL7: =BJ7/BH7-1 -> -0.066548724 | BM7: ='2024년 실적'!BO7 -> 330282 | BN7: =BN8/2 -> 270750 | BP7: =BO7/BN7-1 -> -1 | BQ7: =BO7/BM7-1 -> -1 | BR7: ='2024년 실적'!BT7 -> 309009 | BS7: =BS9/2 -> 256500 | BU7: =BT7/BS7-1 -> -1 | BV7: =BT7/BR7-1 -> -1
D8: sell-in | F8: ='2024년 실적'!G8 -> 4950552 | G8: ='2024년 실적'!L8 -> 5050656 | H8: =H9 -> 5700000 | I8: =H8/G8-1 -> 0.12856627 | J8: =O8+T8+Y8+AD8+AI8+AN8+AS8+AX8+BC8+BH8 -> 4188376 | K8: =P8+U8+Z8+AE8+AJ8+AO8+AT8+AY8+BD8+BI8 -> 4632500 | L8: =Q8+V8+AA8+AF8+AK8+AP8+AU8+AZ8+BE8+BJ8 -> 4469546 | M8: =L8/K8-1 -> -0.035176255 | N8: =L8/J8-1 -> 0.067131031 | O8: ='2024년 실적'!Q8 -> 297287 | P8: =P9 -> 399000 | Q8: 337645 | R8: =Q8/P8-1 -> -0.15377193 | S8: =Q8/O8-1 -> 0.13575434 | T8: ='2024년 실적'!V8 -> 322387 | U8: =U9 -> 456000 | V8: 465225 | W8: =V8/U8-1 -> 0.020230263 | X8: =V8/T8-1 -> 0.44306377 | Y8: ='2024년 실적'!AA8 -> 456333 | Z8: =Z9 -> 513000 | AA8: =276187+166804 -> 442991 | AB8: =AA8/Z8-1 -> -0.13646979 | AC8: =AA8/Y8-1 -> -0.029237421 | AD8: ='2024년 실적'!AF8 -> 491302 | AE8: =AE9 -> 456000 | AF8: 446722 | AG8: =AF8/AE8-1 -> -0.020346491 | AH8: =AF8/AD8-1 -> -0.090738487 | AI8: ='2024년 실적'!AK8 -> 427552 | AJ8: 443000 | AK8: 468535 | AL8: =AK8/AJ8-1 -> 0.057641084 | AM8: =AK8/AI8-1 -> 0.095855007 | AN8: ='2024년 실적'!AP8 -> 417231 | AO8: =AO9 -> 456000 | AP8: 546396 | AQ8: =AP8/AO8-1 -> 0.19823684 | AR8: =AP8/AN8-1 -> 0.30957671 | AS8: ='2024년 실적'!AU8 -> 425307 | AT8: =AT9 -> 456000 | AU8: 412989 | AV8: =AU8/AT8-1 -> -0.094322368 | AW8: =AU8/AS8-1 -> -0.028962608 | AX8: ='2024년 실적'!AZ8 -> 410717 | AY8: =AY9 -> 456000 | AZ8: 418512 | BA8: =AZ8/AY8-1 -> -0.082210526 | BB8: =AZ8/AX8-1 -> 0.018979005 | BC8: ='2024년 실적'!BE8 -> 377030 | BD8: =BD9 -> 456000 | BE8: 519753 | BF8: =BE8/BD8-1 -> 0.13980921 | BG8: =BE8/BC8-1 -> 0.37854547 | BH8: ='2024년 실적'!BJ8 -> 563230 | BI8: =BI9 -> 541500 | BJ8: 410778 | BK8: =BJ8/BI8-1 -> -0.2414072 | BL8: =BJ8/BH8-1 -> -0.2706745 | BM8: ='2024년 실적'!BO8 -> 444511 | BN8: =BN9 -> 541500 | BP8: =BO8/BN8-1 -> -1 | BQ8: =BO8/BM8-1 -> -1 | BR8: ='2024년 실적'!BT8 -> 417769 | BS8: =BS9 -> 513000 | BU8: =BT8/BS8-1 -> -1 | BV8: =BT8/BR8-1 -> -1 | BX8: =L8-J8 -> 281170 | BZ8: 목표대비
D9: AUTO 합계 | F9: ='2024년 실적'!G9 -> 4859570 | G9: ='2024년 실적'!L9 -> 5083802 | H9: =H10+H26 -> 5700000 | I9: =H9/G9-1 -> 0.1212081 | J9: =J10+J26 -> 4089810 | K9: =K10+K26 -> 4550500 | L9: =L10+L26 -> 4346066 | M9: =L9/K9-1 -> -0.044925613 | N9: =L9/J9-1 -> 0.062657189 | O9: =O10+O26 -> 328580 | P9: =P10+P26 -> 399000 | Q9: =Q10+Q26 -> 346892 | R9: =Q9/P9-1 -> -0.13059649 | S9: =Q9/O9-1 -> 0.05573072 | T9: =T10+T26 -> 346389 | U9: =U10+U26 -> 456000 | V9: =V10+V26 -> 428944 | W9: =V9/U9-1 -> -0.059333333 | X9: =V9/T9-1 -> 0.23833032 | Y9: =Y10+Y26 -> 464840 | Z9: =Z10+Z26 -> 513000 | AA9: =AA10+AA26 -> 406769 | AB9: =AA9/Z9-1 -> -0.20707797 | AC9: =AA9/Y9-1 -> -0.12492686 | AD9: =AD10+AD26 -> 455471 | AE9: =AE10+AE26 -> 456000 | AF9: =AF10+AF26 -> 471885 | AG9: =AF9/AE9-1 -> 0.034835526 | AH9: =AF9/AD9-1 -> 0.036037421 | AI9: =AI10+AI26 -> 396406 | AJ9: =AJ10+AJ26 -> 456000 | AK9: =AK10+AK26 -> 485185 | AL9: =AK9/AJ9-1 -> 0.064002193 | AM9: =AK9/AI9-1 -> 0.22395978 | AN9: =AN10+AN26 -> 408513 | AO9: =AO10+AO26 -> 456000 | AP9: =AP10+AP26 -> 475620 | AQ9: =AP9/AO9-1 -> 0.043026316 | AR9: =AP9/AN9-1 -> 0.16427139 | AS9: =AS10+AS26 -> 432986 | AT9: =AT10+AT26 -> 456000 | AU9: =AU10+AU26 -> 426398 | AV9: =AU9/AT9-1 -> -0.064916667 | AW9: =AU9/AS9-1 -> -0.015215273 | AX9: =AX10+AX26 -> 415086 | AY9: =AY10+AY26 -> 456000 | AZ9: =AZ10+AZ26 -> 435464 | BA9: =AZ9/AY9-1 -> -0.045035088 | BB9: =AZ9/AX9-1 -> 0.049093441 | BC9: =BC10+BC26 -> 384010 | BD9: =BD10+BD26 -> 456000 | BE9: =BE10+BE26 -> 484749 | BF9: =BE9/BD9-1 -> 0.063046053 | BG9: =BE9/BC9-1 -> 0.26233431 | BH9: =BH10+BH26 -> 543703 | BI9: =BI10+BI26 -> 541500 | BJ9: =BJ10+BJ26 -> 481588 | BK9: =BJ9/BI9-1 -> -0.11064081 | BL9: =BJ9/BH9-1 -> -0.11424436 | BM9: =BM10+BM26 -> 469271 | BN9: =BN10+BN26 -> 541500 | BO9: =BO10+BO26 -> 0 | BP9: =BO9/BN9-1 -> -1 | BQ9: =BO9/BM9-1 -> -1 | BR9: =BR10+BR26 -> 438547 | BS9: =BS10+BS26 -> 513000 | BT9: =BT10+BT26 -> 0 | BU9: =BT9/BS9-1 -> -1 | BV9: =BT9/BR9-1 -> -1 | BW9: =L9/$BW$1*12 -> 5215279.2 | BX9: =L9-J9 -> 256256 | BZ9: =L9/H9 -> 0.76246772
D10: B2C 소계 | F10: ='2024년 실적'!G10 -> 4024174 | G10: ='2024년 실적'!L10 -> 4179787 | H10: =H15+H20+H23+H24+H25 -> 4700000 | I10: =H10/G10-1 -> 0.12445921 | J10: =J15+J20+J23+J24+J25 -> 3430314 | K10: =K15+K20+K23+K24+K25 -> 3830500 | L10: =L15+L20+L23+L24+L25 -> 3608431 | M10: =L10/K10-1 -> -0.057973894 | N10: =L10/J10-1 -> 0.051924401 | O10: =O15+O20+O23+O24+O25 -> 274687 | P10: =P15+P20+P23+P24+P25 -> 329000 | Q10: =Q15+Q20+Q23+Q24+Q25 -> 291318 | R10: =Q10/P10-1 -> -0.11453495 | S10: =Q10/O10-1 -> 0.060545275 | T10: =T15+T20+T23+T24+T25 -> 268242 | U10: =U15+U20+U23+U24+U25 -> 376000 | V10: =V15+V20+V23+V24+V25 -> 341292 | W10: =V10/U10-1 -> -0.092308511 | X10: =V10/T10-1 -> 0.27232872 | Y10: =Y15+Y20+Y23+Y24+Y25 -> 393184 | Z10: =Z15+Z20+Z23+Z24+Z25 -> 423000 | AA10: =AA15+AA20+AA23+AA24+AA25 -> 347446 | AB10: =AA10/Z10-1 -> -0.17861466 | AC10: =AA10/Y10-1 -> -0.11632722 | AD10: =AD15+AD20+AD23+AD24+AD25 -> 372658 | AE10: =AE15+AE20+AE23+AE24+AE25 -> 376000 | AF10: =AF15+AF20+AF23+AF24+AF25 -> 396605 | AG10: =AF10/AE10-1 -> 0.054800532 | AH10: =AF10/AD10-1 -> 0.064259992 | AI10: =AI15+AI20+AI23+AI24+AI25 -> 317789 | AJ10: =AJ15+AJ20+AJ23+AJ24+AJ25 -> 376000 | AK10: =AK15+AK20+AK23+AK24+AK25 -> 393541 | AL10: =AK10/AJ10-1 -> 0.046651596 | AM10: =AK10/AI10-1 -> 0.238372 | AN10: =AN15+AN20+AN23+AN24+AN25 -> 341134 | AO10: =AO15+AO20+AO23+AO24+AO25 -> 376000 | AP10: =AP15+AP20+AP23+AP24+AP25 -> 383622 | AQ10: =AP10/AO10-1 -> 0.020271277 | AR10: =AP10/AN10-1 -> 0.1245493 | AS10: =AS15+AS20+AS23+AS24+AS25 -> 349793 | AT10: =AT15+AT20+AT23+AT24+AT25 -> 376000 | AU10: =AU15+AU20+AU23+AU24+AU25 -> 345784 | AV10: =AU10/AT10-1 -> -0.080361702 | AW10: =AU10/AS10-1 -> -0.011461064 | AX10: =AX15+AX20+AX23+AX24+AX25 -> 333757 | AY10: =AY15+AY20+AY23+AY24+AY25 -> 376000 | AZ10: =AZ15+AZ20+AZ23+AZ24+AZ25 -> 335646 | BA10: =AZ10/AY10-1 -> -0.10732447 | BB10: =AZ10/AX10-1 -> 0.0056598064 | BC10: =BC15+BC20+BC23+BC24+BC25 -> 321541 | BD10: =BD15+BD20+BD23+BD24+BD25 -> 376000 | BE10: =BE15+BE20+BE23+BE24+BE25 -> 389017 | BF10: =BE10/BD10-1 -> 0.034619681 | BG10: =BE10/BC10-1 -> 0.20985193 | BH10: =BH15+BH20+BH23+BH24+BH25 -> 457529 | BI10: =BI15+BI20+BI23+BI24+BI25 -> 446500 | BJ10: =BJ15+BJ20+BJ23+BJ24+BJ25 -> 384160 | BK10: =BJ10/BI10-1 -> -0.13961926 | BL10: =BJ10/BH10-1 -> -0.16035923 | BM10: =BM15+BM20+BM23+BM24+BM25 -> 381403 | BN10: =BN15+BN20+BN23+BN24+BN25 -> 446500 | BO10: =BO15+BO20+BO23+BO24+BO25 -> 0 | BP10: =BO10/BN10-1 -> -1 | BQ10: =BO10/BM10-1 -> -1 | BR10: =BR15+BR20+BR23+BR24+BR25 -> 368070 | BS10: =BS15+BS20+BS23+BS24+BS25 -> 423000 | BT10: =BT15+BT20+BT23+BT24+BT25 -> 0 | BU10: =BT10/BS10-1 -> -1 | BV10: =BT10/BR10-1 -> -1 | BW10: =L10/$BW$1*12 -> 4330117.2 | BX10: =L10-J10 -> 178117 | BZ10: =L10/H10 -> 0.76775128
D11: B2C 팀 소계 | F11: ='2024년 실적'!G11 -> 2526417 | G11: ='2024년 실적'!L11 -> 2758457 | H11: =H12+H13+H16+H17+H18+H21+H24 -> 3150000 | I11: =H11/G11-1 -> 0.14194276 | J11: =J12+J13+J16+J17+J18+J21+J24 -> 2284225 | K11: =K12+K13+K16+K17+K18+K21+K24 -> 2567250 | L11: =L12+L13+L16+L17+L18+L21+L24 -> 2401694 | M11: =L11/K11-1 -> -0.064487681 | N11: =L11/J11-1 -> 0.051426195 | O11: =O12+O13+O16+O17+O18+O21+O24 -> 196934 | P11: =P12+P13+P16+P17+P18+P21+P24 -> 220500 | Q11: =Q12+Q13+Q16+Q17+Q18+Q21+Q24 -> 183957 | R11: =Q11/P11-1 -> -0.16572789 | S11: =Q11/O11-1 -> -0.065895173 | T11: =T12+T13+T16+T17+T18+T21+T24 -> 175693 | U11: =U12+U13+U16+U17+U18+U21+U24 -> 252000 | V11: =V12+V13+V16+V17+V18+V21+V24 -> 214388 | W11: =V11/U11-1 -> -0.14925397 | X11: =V11/T11-1 -> 0.22024213 | Y11: =Y12+Y13+Y16+Y17+Y18+Y21+Y24 -> 279353 | Z11: =Z12+Z13+Z16+Z17+Z18+Z21+Z24 -> 283500 | AA11: =AA12+AA13+AA16+AA17+AA18+AA21+AA24 -> 235602 | AB11: =AA11/Z11-1 -> -0.16895238 | AC11: =AA11/Y11-1 -> -0.15661547 | AD11: =AD12+AD13+AD16+AD17+AD18+AD21+AD24 -> 238174 | AE11: =AE12+AE13+AE16+AE17+AE18+AE21+AE24 -> 252000 | AF11: =AF12+AF13+AF16+AF17+AF18+AF21+AF24 -> 265555 | AG11: =AF11/AE11-1 -> 0.053789683 | AH11: =AF11/AD11-1 -> 0.11496217 | AI11: =AI12+AI13+AI16+AI17+AI18+AI21+AI24 -> 202277 | AJ11: =AJ12+AJ13+AJ16+AJ17+AJ18+AJ21+AJ24 -> 252000 | AK11: =AK12+AK13+AK16+AK17+AK18+AK21+AK24 -> 283486 | AL11: =AK11/AJ11-1 -> 0.12494444 | AM11: =AK11/AI11-1 -> 0.40147422 | AN11: =AN12+AN13+AN16+AN17+AN18+AN21+AN24 -> 220110 | AO11: =AO12+AO13+AO16+AO17+AO18+AO21+AO24 -> 252000 | AP11: =AP12+AP13+AP16+AP17+AP18+AP21+AP24 -> 248318 | AQ11: =AP11/AO11-1 -> -0.014611111 | AR11: =AP11/AN11-1 -> 0.1281541 | AS11: =AS12+AS13+AS16+AS17+AS18+AS21+AS24 -> 213751 | AT11: =AT12+AT13+AT16+AT17+AT18+AT21+AT24 -> 252000 | AU11: =AU12+AU13+AU16+AU17+AU18+AU21+AU24 -> 227858 | AV11: =AU11/AT11-1 -> -0.095801587 | AW11: =AU11/AS11-1 -> 0.065997352 | AX11: =AX12+AX13+AX16+AX17+AX18+AX21+AX24 -> 221691 | AY11: =AY12+AY13+AY16+AY17+AY18+AY21+AY24 -> 252000 | AZ11: =AZ12+AZ13+AZ16+AZ17+AZ18+AZ21+AZ24 -> 213759 | BA11: =AZ11/AY11-1 -> -0.15175 | BB11: =AZ11/AX11-1 -> -0.035779531 | BC11: =BC12+BC13+BC16+BC17+BC18+BC21+BC24 -> 212618 | BD11: =BD12+BD13+BD16+BD17+BD18+BD21+BD24 -> 252000 | BE11: =BE12+BE13+BE16+BE17+BE18+BE21+BE24 -> 259684 | BF11: =BE11/BD11-1 -> 0.030492063 | BG11: =BE11/BC11-1 -> 0.22136414 | BH11: =BH12+BH13+BH16+BH17+BH18+BH21+BH24 -> 323624 | BI11: =BI12+BI13+BI16+BI17+BI18+BI21+BI24 -> 299250 | BJ11: =BJ12+BJ13+BJ16+BJ17+BJ18+BJ21+BJ24 -> 269087 | BK11: =BJ11/BI11-1 -> -0.10079532 | BL11: =BJ11/BH11-1 -> -0.16851964 | BM11: =BM12+BM13+BM16+BM17+BM18+BM21+BM24 -> 238215 | BN11: =BN12+BN13+BN16+BN17+BN18+BN21+BN24 -> 299250 | BO11: =BO12+BO13+BO16+BO17+BO18+BO21+BO24 -> 0 | BP11: =BO11/BN11-1 -> -1 | BQ11: =BO11/BM11-1 -> -1 | BR11: =BR12+BR13+BR16+BR17+BR18+BR21+BR24 -> 236017 | BS11: =BS12+BS13+BS16+BS17+BS18+BS21+BS24 -> 283500 | BT11: =BT12+BT13+BT16+BT17+BT18+BT21+BT24 -> 0 | BU11: =BT11/BS11-1 -> -1 | BV11: =BT11/BR11-1 -> -1 | BW11: =L11/$BW$1*12 -> 2882032.8 | BX11: =L11-J11 -> 117469 | BZ11: =L11/H11 -> 0.76244254
D12: 동부지사 | E12: 맥심팀 | F12: ='2024년 실적'!G12 -> 321951 | G12: ='2024년 실적'!L12 -> 326920 | H12: 380000 | I12: =H12/G12-1 -> 0.16236388 | J12: =O12+T12+Y12+AD12+AI12+AN12+AS12+AX12+BC12+BH12 -> 266639 | K12: =P12+U12+Z12+AE12+AJ12+AO12+AT12+AY12+BD12+BI12 -> 309700 | L12: =Q12+V12+AA12+AF12+AK12+AP12+AU12+AZ12+BE12+BJ12 -> 261116 | M12: =L12/K12-1 -> -0.15687439 | N12: =L12/J12-1 -> -0.020713399 | O12: ='2024년 실적'!Q12 -> 25459 | P12: 26600 | Q12: 23074 | R12: =Q12/P12-1 -> -0.13255639 | S12: =Q12/O12-1 -> -0.093680035 | T12: ='2024년 실적'!V12 -> 23473 | U12: 30400 | V12: 27234 | W12: =V12/U12-1 -> -0.10414474 | X12: =V12/T12-1 -> 0.16022664 | Y12: ='2024년 실적'!AA12 -> 29112 | Z12: 34200 | AA12: 24427 | AB12: =AA12/Z12-1 -> -0.28576023 | AC12: =AA12/Y12-1 -> -0.1609302 | AD12: ='2024년 실적'!AF12 -> 26275 | AE12: 30400 | AF12: 28476 | AG12: =AF12/AE12-1 -> -0.063289474 | AH12: =AF12/AD12-1 -> 0.08376784 | AI12: ='2024년 실적'!AK12 -> 25884 | AJ12: 30400 | AK12: 24269 | AL12: =AK12/AJ12-1 -> -0.20167763 | AM12: =AK12/AI12-1 -> -0.062393757 | AN12: ='2024년 실적'!AP12 -> 25094 | AO12: 30400 | AP12: 28653 | AQ12: =AP12/AO12-1 -> -0.057467105 | AR12: =AP12/AN12-1 -> 0.14182673 | AS12: ='2024년 실적'!AU12 -> 27682 | AT12: 30400 | AU12: 26218 | AV12: =AU12/AT12-1 -> -0.13756579 | AW12: =AU12/AS12-1 -> -0.052886352 | AX12: ='2024년 실적'!AZ12 -> 30232 | AY12: 30400 | AZ12: 22603 | BA12: =AZ12/AY12-1 -> -0.25648026 | BB12: =AZ12/AX12-1 -> -0.2523485 | BC12: ='2024년 실적'!BE12 -> 25176 | BD12: 30400 | BE12: 30270 | BF12: =BE12/BD12-1 -> -0.0042763158 | BG12: =BE12/BC12-1 -> 0.20233556 | BH12: ='2024년 실적'!BJ12 -> 28252 | BI12: 36100 | BJ12: 25892 | BK12: =BJ12/BI12-1 -> -0.28277008 | BL12: =BJ12/BH12-1 -> -0.083533909 | BM12: ='2024년 실적'!BO12 -> 31261 | BN12: 36100 | BP12: =BO12/BN12-1 -> -1 | BQ12: =BO12/BM12-1 -> -1 | BR12: ='2024년 실적'!BT12 -> 29020 | BS12: 34200 | BU12: =BT12/BS12-1 -> -1 | BV12: =BT12/BR12-1 -> -1 | BW12: =L12/$BW$1*12 -> 313339.2 | BX12: =L12-J12 -> -5523 | BZ12: =L12/H12 -> 0.68714737
E13: 솔개팀 | F13: ='2024년 실적'!G13 -> 419768 | G13: ='2024년 실적'!L13 -> 408254 | H13: 500000 | I13: =H13/G13-1 -> 0.22472774 | J13: =O13+T13+Y13+AD13+AI13+AN13+AS13+AX13+BC13+BH13 -> 332891 | K13: =P13+U13+Z13+AE13+AJ13+AO13+AT13+AY13+BD13+BI13 -> 407500 | L13: =Q13+V13+AA13+AF13+AK13+AP13+AU13+AZ13+BE13+BJ13 -> 358318 | M13: =L13/K13-1 -> -0.12069202 | N13: =L13/J13-1 -> 0.076382359 | O13: ='2024년 실적'!Q13 -> 23114 | P13: 35000 | Q13: 27115 | R13: =Q13/P13-1 -> -0.22528571 | S13: =Q13/O13-1 -> 0.17309855 | T13: ='2024년 실적'!V13 -> 23040 | U13: 40000 | V13: 31498 | W13: =V13/U13-1 -> -0.21255 | X13: =V13/T13-1 -> 0.36710069 | Y13: ='2024년 실적'!AA13 -> 32253 | Z13: 45000 | AA13: 35556 | AB13: =AA13/Z13-1 -> -0.20986667 | AC13: =AA13/Y13-1 -> 0.10240908 | AD13: ='2024년 실적'!AF13 -> 38343 | AE13: 40000 | AF13: 36548 | AG13: =AF13/AE13-1 -> -0.0863 | AH13: =AF13/AD13-1 -> -0.046814282 | AI13: ='2024년 실적'!AK13 -> 27107 | AJ13: 40000 | AK13: 43328 | AL13: =AK13/AJ13-1 -> 0.0832 | AM13: =AK13/AI13-1 -> 0.59840632 | AN13: ='2024년 실적'!AP13 -> 31256 | AO13: 40000 | AP13: 33610 | AQ13: =AP13/AO13-1 -> -0.15975 | AR13: =AP13/AN13-1 -> 0.07531354 | AS13: ='2024년 실적'!AU13 -> 31416 | AT13: 40000 | AU13: 38936 | AV13: =AU13/AT13-1 -> -0.0266 | AW13: =AU13/AS13-1 -> 0.23936847 | AX13: ='2024년 실적'!AZ13 -> 30542 | AY13: 40000 | AZ13: 33474 | BA13: =AZ13/AY13-1 -> -0.16315 | BB13: =AZ13/AX13-1 -> 0.095998952 | BC13: ='2024년 실적'!BE13 -> 32278 | BD13: 40000 | BE13: 37534 | BF13: =BE13/BD13-1 -> -0.06165 | BG13: =BE13/BC13-1 -> 0.16283537 | BH13: ='2024년 실적'!BJ13 -> 63542 | BI13: 47500 | BJ13: 40719 | BK13: =BJ13/BI13-1 -> -0.14275789 | BL13: =BJ13/BH13-1 -> -0.35917976 | BM13: ='2024년 실적'!BO13 -> 36878 | BN13: 47500 | BP13: =BO13/BN13-1 -> -1 | BQ13: =BO13/BM13-1 -> -1 | BR13: ='2024년 실적'!BT13 -> 38485 | BS13: 45000 | BU13: =BT13/BS13-1 -> -1 | BV13: =BT13/BR13-1 -> -1 | BW13: =L13/$BW$1*12 -> 429981.6 | BX13: =L13-J13 -> 25427 | BZ13: =L13/H13 -> 0.716636
E14: 사무실 | F14: ='2024년 실적'!G14 -> 207830 | G14: ='2024년 실적'!L14 -> 182489 | H14: 190000 | I14: =H14/G14-1 -> 0.041158645 | J14: =O14+T14+Y14+AD14+AI14+AN14+AS14+AX14+BC14+BH14 -> 139593 | K14: =P14+U14+Z14+AE14+AJ14+AO14+AT14+AY14+BD14+BI14 -> 154850 | L14: =Q14+V14+AA14+AF14+AK14+AP14+AU14+AZ14+BE14+BJ14 -> 167446 | M14: =L14/K14-1 -> 0.081343235 | N14: =L14/J14-1 -> 0.19953006 | O14: ='2024년 실적'!Q14 -> 13981 | P14: 13300 | Q14: 14738 | R14: =Q14/P14-1 -> 0.1081203 | S14: =Q14/O14-1 -> 0.054144911 | T14: ='2024년 실적'!V14 -> 8002 | U14: 15200 | V14: 15112 | W14: =V14/U14-1 -> -0.0057894737 | X14: =V14/T14-1 -> 0.88852787 | Y14: ='2024년 실적'!AA14 -> 10718 | Z14: 17100 | AA14: 15240 | AB14: =AA14/Z14-1 -> -0.10877193 | AC14: =AA14/Y14-1 -> 0.42190707 | AD14: ='2024년 실적'!AF14 -> 12080 | AE14: 15200 | AF14: 24564 | AG14: =AF14/AE14-1 -> 0.61605263 | AH14: =AF14/AD14-1 -> 1.0334437 | AI14: ='2024년 실적'!AK14 -> 15112 | AJ14: 15200 | AK14: 13318 | AL14: =AK14/AJ14-1 -> -0.12381579 | AM14: =AK14/AI14-1 -> -0.11871361 | AN14: ='2024년 실적'!AP14 -> 14825 | AO14: 15200 | AP14: 16034 | AQ14: =AP14/AO14-1 -> 0.054868421 | AR14: =AP14/AN14-1 -> 0.081551433 | AS14: ='2024년 실적'!AU14 -> 11788 | AT14: 15200 | AU14: 17061 | AV14: =AU14/AT14-1 -> 0.12243421 | AW14: =AU14/AS14-1 -> 0.44731931 | AX14: ='2024년 실적'!AZ14 -> 21539 | AY14: 15200 | AZ14: 18028 | BA14: =AZ14/AY14-1 -> 0.18605263 | BB14: =AZ14/AX14-1 -> -0.16300664 | BC14: ='2024년 실적'!BE14 -> 18332 | BD14: 15200 | BE14: 13587 | BF14: =BE14/BD14-1 -> -0.10611842 | BG14: =BE14/BC14-1 -> -0.25883701 | BH14: ='2024년 실적'!BJ14 -> 13216 | BI14: 18050 | BJ14: 19764 | BK14: =BJ14/BI14-1 -> 0.094958449 | BL14: =BJ14/BH14-1 -> 0.49546005 | BM14: ='2024년 실적'!BO14 -> 21416 | BN14: 18050 | BP14: =BO14/BN14-1 -> -1 | BQ14: =BO14/BM14-1 -> -1 | BR14: ='2024년 실적'!BT14 -> 21480 | BS14: 17100 | BU14: =BT14/BS14-1 -> -1 | BV14: =BT14/BR14-1 -> -1 | BW14: =L14/$BW$1*12 -> 200935.2 | BX14: =L14-J14 -> 27853 | BZ14: =L14/H14 -> 0.88129474
E15: 소계 | F15: ='2024년 실적'!G15 -> 949549 | G15: ='2024년 실적'!L15 -> 917663 | H15: =SUM(H12:H14) -> 1070000 | I15: =H15/G15-1 -> 0.16600539 | J15: =SUM(J12:J14) -> 739123 | K15: =SUM(K12:K14) -> 872050 | L15: =SUM(L12:L14) -> 786880 | M15: =L15/K15-1 -> -0.097666418 | N15: =L15/J15-1 -> 0.064613062 | O15: =SUM(O12:O14) -> 62554 | P15: =SUM(P12:P14) -> 74900 | Q15: =SUM(Q12:Q14) -> 64927 | R15: =Q15/P15-1 -> -0.13315087 | S15: =Q15/O15-1 -> 0.037935224 | T15: =SUM(T12:T14) -> 54515 | U15: =SUM(U12:U14) -> 85600 | V15: =SUM(V12:V14) -> 73844 | W15: =V15/U15-1 -> -0.13733645 | X15: =V15/T15-1 -> 0.35456296 | Y15: =SUM(Y12:Y14) -> 72083 | Z15: =SUM(Z12:Z14) -> 96300 | AA15: =SUM(AA12:AA14) -> 75223 | AB15: =AA15/Z15-1 -> -0.21886812 | AC15: =AA15/Y15-1 -> 0.043560895 | AD15: =SUM(AD12:AD14) -> 76698 | AE15: =SUM(AE12:AE14) -> 85600 | AF15: =SUM(AF12:AF14) -> 89588 | AG15: =AF15/AE15-1 -> 0.046588785 | AH15: =AF15/AD15-1 -> 0.16806175 | AI15: =SUM(AI12:AI14) -> 68103 | AJ15: =SUM(AJ12:AJ14) -> 85600 | AK15: =SUM(AK12:AK14) -> 80915 | AL15: =AK15/AJ15-1 -> -0.054731308 | AM15: =AK15/AI15-1 -> 0.18812681 | AN15: =SUM(AN12:AN14) -> 71175 | AO15: =SUM(AO12:AO14) -> 85600 | AP15: =SUM(AP12:AP14) -> 78297 | AQ15: =AP15/AO15-1 -> -0.085315421 | AR15: =AP15/AN15-1 -> 0.10006322 | AS15: =SUM(AS12:AS14) -> 70886 | AT15: =SUM(AT12:AT14) -> 85600 | AU15: =SUM(AU12:AU14) -> 82215 | AV15: =AU15/AT15-1 -> -0.039544393 | AW15: =AU15/AS15-1 -> 0.15981999 | AX15: =SUM(AX12:AX14) -> 82313 | AY15: =SUM(AY12:AY14) -> 85600 | AZ15: =SUM(AZ12:AZ14) -> 74105 | BA15: =AZ15/AY15-1 -> -0.13428738 | BB15: =AZ15/AX15-1 -> -0.099716934 | BC15: =SUM(BC12:BC14) -> 75786 | BD15: =SUM(BD12:BD14) -> 85600 | BE15: =SUM(BE12:BE14) -> 81391 | BF15: =BE15/BD15-1 -> -0.049170561 | BG15: =BE15/BC15-1 -> 0.073958251 | BH15: =SUM(BH12:BH14) -> 105010 | BI15: =SUM(BI12:BI14) -> 101650 | BJ15: =SUM(BJ12:BJ14) -> 86375 | BK15: =BJ15/BI15-1 -> -0.15027054 | BL15: =BJ15/BH15-1 -> -0.17745929 | BM15: =SUM(BM12:BM14) -> 89555 | BN15: =SUM(BN12:BN14) -> 101650 | BO15: =SUM(BO12:BO14) -> 0 | BP15: =BO15/BN15-1 -> -1 | BQ15: =BO15/BM15-1 -> -1 | BR15: =SUM(BR12:BR14) -> 88985 | BS15: =SUM(BS12:BS14) -> 96300 | BT15: =SUM(BT12:BT14) -> 0 | BU15: =BT15/BS15-1 -> -1 | BV15: =BT15/BR15-1 -> -1 | BW15: =L15/$BW$1*12 -> 944256 | BX15: =L15-J15 -> 47757 | BZ15: =L15/H15 -> 0.73540187
D16: 서부지사 | E16: 아리안팀 | F16: ='2024년 실적'!G16 -> 265892 | G16: ='2024년 실적'!L16 -> 345199 | H16: 390000 | I16: =H16/G16-1 -> 0.12978311 | J16: =O16+T16+Y16+AD16+AI16+AN16+AS16+AX16+BC16+BH16 -> 282919 | K16: =P16+U16+Z16+AE16+AJ16+AO16+AT16+AY16+BD16+BI16 -> 317850 | L16: =Q16+V16+AA16+AF16+AK16+AP16+AU16+AZ16+BE16+BJ16 -> 295693 | M16: =L16/K16-1 -> -0.069708982 | N16: =L16/J16-1 -> 0.045150732 | O16: ='2024년 실적'!Q16 -> 24956 | P16: 27300 | Q16: 27472 | R16: =Q16/P16-1 -> 0.0063003663 | S16: =Q16/O16-1 -> 0.10081744 | T16: ='2024년 실적'!V16 -> 22654 | U16: 31200 | V16: 28046 | W16: =V16/U16-1 -> -0.10108974 | X16: =V16/T16-1 -> 0.23801536 | Y16: ='2024년 실적'!AA16 -> 28088 | Z16: 35100 | AA16: 28563 | AB16: =AA16/Z16-1 -> -0.18623932 | AC16: =AA16/Y16-1 -> 0.016911136 | AD16: ='2024년 실적'!AF16 -> 32132 | AE16: 31200 | AF16: 31610 | AG16: =AF16/AE16-1 -> 0.013141026 | AH16: =AF16/AD16-1 -> -0.016245487 | AI16: ='2024년 실적'!AK16 -> 27494 | AJ16: 31200 | AK16: 30918 | AL16: =AK16/AJ16-1 -> -0.0090384615 | AM16: =AK16/AI16-1 -> 0.12453626 | AN16: ='2024년 실적'!AP16 -> 28060 | AO16: 31200 | AP16: 27004 | AQ16: =AP16/AO16-1 -> -0.13448718 | AR16: =AP16/AN16-1 -> -0.037633642 | AS16: ='2024년 실적'!AU16 -> 30993 | AT16: 31200 | AU16: 32372 | AV16: =AU16/AT16-1 -> 0.037564103 | AW16: =AU16/AS16-1 -> 0.044493918 | AX16: ='2024년 실적'!AZ16 -> 30145 | AY16: 31200 | AZ16: 28788 | BA16: =AZ16/AY16-1 -> -0.077307692 | BB16: =AZ16/AX16-1 -> -0.045015757 | BC16: ='2024년 실적'!BE16 -> 25653 | BD16: 31200 | BE16: 30937 | BF16: =BE16/BD16-1 -> -0.0084294872 | BG16: =BE16/BC16-1 -> 0.20597981 | BH16: ='2024년 실적'!BJ16 -> 32744 | BI16: 37050 | BJ16: 29983 | BK16: =BJ16/BI16-1 -> -0.19074224 | BL16: =BJ16/BH16-1 -> -0.084320792 | BM16: ='2024년 실적'!BO16 -> 30570 | BN16: 37050 | BP16: =BO16/BN16-1 -> -1 | BQ16: =BO16/BM16-1 -> -1 | BR16: ='2024년 실적'!BT16 -> 31710 | BS16: 35100 | BU16: =BT16/BS16-1 -> -1 | BV16: =BT16/BR16-1 -> -1 | BW16: =L16/$BW$1*12 -> 354831.6 | BX16: =L16-J16 -> 12774 | BZ16: =L16/H16 -> 0.75818718
E17: 미추홀팀 | F17: ='2024년 실적'!G17 -> 554782 | G17: ='2024년 실적'!L17 -> 681035 | H17: 750000 | I17: =H17/G17-1 -> 0.10126499 | J17: =O17+T17+Y17+AD17+AI17+AN17+AS17+AX17+BC17+BH17 -> 575469 | K17: =P17+U17+Z17+AE17+AJ17+AO17+AT17+AY17+BD17+BI17 -> 611250 | L17: =Q17+V17+AA17+AF17+AK17+AP17+AU17+AZ17+BE17+BJ17 -> 595025 | M17: =L17/K17-1 -> -0.026543967 | N17: =L17/J17-1 -> 0.033982717 | O17: ='2024년 실적'!Q17 -> 51458 | P17: 52500 | Q17: 43848 | R17: =Q17/P17-1 -> -0.1648 | S17: =Q17/O17-1 -> -0.1478876 | T17: ='2024년 실적'!V17 -> 41572 | U17: 60000 | V17: 49035 | W17: =V17/U17-1 -> -0.18275 | X17: =V17/T17-1 -> 0.17951987 | Y17: ='2024년 실적'!AA17 -> 111312 | Z17: 67500 | AA17: 60892 | AB17: =AA17/Z17-1 -> -0.097896296 | AC17: =AA17/Y17-1 -> -0.45296105 | AD17: ='2024년 실적'!AF17 -> 45296 | AE17: 60000 | AF17: 66140 | AG17: =AF17/AE17-1 -> 0.10233333 | AH17: =AF17/AD17-1 -> 0.46017308 | AI17: ='2024년 실적'!AK17 -> 45576 | AJ17: 60000 | AK17: 81294 | AL17: =AK17/AJ17-1 -> 0.3549 | AM17: =AK17/AI17-1 -> 0.78370195 | AN17: ='2024년 실적'!AP17 -> 57196 | AO17: 60000 | AP17: 77020 | AQ17: =AP17/AO17-1 -> 0.28366667 | AR17: =AP17/AN17-1 -> 0.34659766 | AS17: ='2024년 실적'!AU17 -> 45164 | AT17: 60000 | AU17: 45132 | AV17: =AU17/AT17-1 -> -0.2478 | AW17: =AU17/AS17-1 -> -0.00070852892 | AX17: ='2024년 실적'!AZ17 -> 49634 | AY17: 60000 | AZ17: 49406 | BA17: =AZ17/AY17-1 -> -0.17656667 | BB17: =AZ17/AX17-1 -> -0.0045936253 | BC17: ='2024년 실적'!BE17 -> 47638 | BD17: 60000 | BE17: 60172 | BF17: =BE17/BD17-1 -> 0.0028666667 | BG17: =BE17/BC17-1 -> 0.26310928 | BH17: ='2024년 실적'!BJ17 -> 80623 | BI17: 71250 | BJ17: 62086 | BK17: =BJ17/BI17-1 -> -0.12861754 | BL17: =BJ17/BH17-1 -> -0.22992198 | BM17: ='2024년 실적'!BO17 -> 51218 | BN17: 71250 | BP17: =BO17/BN17-1 -> -1 | BQ17: =BO17/BM17-1 -> -1 | BR17: ='2024년 실적'!BT17 -> 54348 | BS17: 67500 | BU17: =BT17/BS17-1 -> -1 | BV17: =BT17/BR17-1 -> -1 | BW17: =L17/$BW$1*12 -> 714030 | BX17: =L17-J17 -> 19556 | BZ17: =L17/H17 -> 0.79336667
E18: 랜더스팀 | F18: ='2024년 실적'!G18 -> 316827 | G18: ='2024년 실적'!L18 -> 265074 | H18: 300000 | I18: =H18/G18-1 -> 0.13175943 | J18: =O18+T18+Y18+AD18+AI18+AN18+AS18+AX18+BC18+BH18 -> 216703 | K18: =P18+U18+Z18+AE18+AJ18+AO18+AT18+AY18+BD18+BI18 -> 244500 | L18: =Q18+V18+AA18+AF18+AK18+AP18+AU18+AZ18+BE18+BJ18 -> 230987 | M18: =L18/K18-1 -> -0.055267894 | N18: =L18/J18-1 -> 0.0659151 | O18: ='2024년 실적'!Q18 -> 21467 | P18: 21000 | Q18: 16550 | R18: =Q18/P18-1 -> -0.21190476 | S18: =Q18/O18-1 -> -0.22904924 | T18: ='2024년 실적'!V18 -> 19730 | U18: 24000 | V18: 20077 | W18: =V18/U18-1 -> -0.16345833 | X18: =V18/T18-1 -> 0.01758743 | Y18: ='2024년 실적'!AA18 -> 20764 | Z18: 27000 | AA18: 21952 | AB18: =AA18/Z18-1 -> -0.18696296 | AC18: =AA18/Y18-1 -> 0.05721441 | AD18: ='2024년 실적'!AF18 -> 21938 | AE18: 24000 | AF18: 24115 | AG18: =AF18/AE18-1 -> 0.0047916667 | AH18: =AF18/AD18-1 -> 0.099234205 | AI18: ='2024년 실적'!AK18 -> 22265 | AJ18: 24000 | AK18: 26146 | AL18: =AK18/AJ18-1 -> 0.089416667 | AM18: =AK18/AI18-1 -> 0.17430945 | AN18: ='2024년 실적'!AP18 -> 21398 | AO18: 24000 | AP18: 23244 | AQ18: =AP18/AO18-1 -> -0.0315 | AR18: =AP18/AN18-1 -> 0.086269745 | AS18: ='2024년 실적'!AU18 -> 22294 | AT18: 24000 | AU18: 24062 | AV18: =AU18/AT18-1 -> 0.0025833333 | AW18: =AU18/AS18-1 -> 0.079303849 | AX18: ='2024년 실적'!AZ18 -> 22017 | AY18: 24000 | AZ18: 22573 | BA18: =AZ18/AY18-1 -> -0.059458333 | BB18: =AZ18/AX18-1 -> 0.025253213 | BC18: ='2024년 실적'!BE18 -> 20017 | BD18: 24000 | BE18: 26159 | BF18: =BE18/BD18-1 -> 0.089958333 | BG18: =BE18/BC18-1 -> 0.30683919 | BH18: ='2024년 실적'!BJ18 -> 24813 | BI18: 28500 | BJ18: 26109 | BK18: =BJ18/BI18-1 -> -0.083894737 | BL18: =BJ18/BH18-1 -> 0.052230686 | BM18: ='2024년 실적'!BO18 -> 25063 | BN18: 28500 | BP18: =BO18/BN18-1 -> -1 | BQ18: =BO18/BM18-1 -> -1 | BR18: ='2024년 실적'!BT18 -> 23308 | BS18: 27000 | BU18: =BT18/BS18-1 -> -1 | BV18: =BT18/BR18-1 -> -1 | BW18: =L18/$BW$1*12 -> 277184.4 | BX18: =L18-J18 -> 14284 | BZ18: =L18/H18 -> 0.76995667
E19: 사무실 | F19: ='2024년 실적'!G19 -> 666952 | G19: ='2024년 실적'!L19 -> 669366 | H19: 698000 | I19: =H19/G19-1 -> 0.042777793 | J19: =O19+T19+Y19+AD19+AI19+AN19+AS19+AX19+BC19+BH19 -> 548123 | K19: =P19+U19+Z19+AE19+AJ19+AO19+AT19+AY19+BD19+BI19 -> 568870 | L19: =Q19+V19+AA19+AF19+AK19+AP19+AU19+AZ19+BE19+BJ19 -> 551571 | M19: =L19/K19-1 -> -0.030409408 | N19: =L19/J19-1 -> 0.0062905589 | O19: ='2024년 실적'!Q19 -> 41822 | P19: 48860 | Q19: 57133 | R19: =Q19/P19-1 -> 0.16932051 | S19: =Q19/O19-1 -> 0.36609918 | T19: ='2024년 실적'!V19 -> 39970 | U19: 55840 | V19: 64272 | W19: =V19/U19-1 -> 0.15100287 | X19: =V19/T19-1 -> 0.608006 | Y19: ='2024년 실적'!AA19 -> 54988 | Z19: 62820 | AA19: 43316 | AB19: =AA19/Z19-1 -> -0.31047437 | AC19: =AA19/Y19-1 -> -0.21226449 | AD19: ='2024년 실적'!AF19 -> 69684 | AE19: 55840 | AF19: 55264 | AG19: =AF19/AE19-1 -> -0.010315186 | AH19: =AF19/AD19-1 -> -0.20693416 | AI19: ='2024년 실적'!AK19 -> 54288 | AJ19: 55840 | AK19: 49971 | AL19: =AK19/AJ19-1 -> -0.10510387 | AM19: =AK19/AI19-1 -> -0.079520336 | AN19: ='2024년 실적'!AP19 -> 64667 | AO19: 55840 | AP19: 55724 | AQ19: =AP19/AO19-1 -> -0.0020773639 | AR19: =AP19/AN19-1 -> -0.1382931 | AS19: ='2024년 실적'!AU19 -> 64020 | AT19: 55840 | AU19: 51623 | AV19: =AU19/AT19-1 -> -0.075519341 | AW19: =AU19/AS19-1 -> -0.19364261 | AX19: ='2024년 실적'!AZ19 -> 53627 | AY19: 55840 | AZ19: 61007 | BA19: =AZ19/AY19-1 -> 0.092532235 | BB19: =AZ19/AX19-1 -> 0.13761725 | BC19: ='2024년 실적'!BE19 -> 49995 | BD19: 55840 | BE19: 63774 | BF19: =BE19/BD19-1 -> 0.14208453 | BG19: =BE19/BC19-1 -> 0.27560756 | BH19: ='2024년 실적'!BJ19 -> 55062 | BI19: 66310 | BJ19: 49487 | BK19: =BJ19/BI19-1 -> -0.25370231 | BL19: =BJ19/BH19-1 -> -0.1012495 | BM19: ='2024년 실적'!BO19 -> 63034 | BN19: 66310 | BP19: =BO19/BN19-1 -> -1 | BQ19: =BO19/BM19-1 -> -1 | BR19: ='2024년 실적'!BT19 -> 58209 | BS19: 62820 | BU19: =BT19/BS19-1 -> -1 | BV19: =BT19/BR19-1 -> -1 | BW19: =L19/$BW$1*12 -> 661885.2 | BX19: =L19-J19 -> 3448 | BZ19: =L19/H19 -> 0.79021633
E20: 소계 | F20: ='2024년 실적'!G20 -> 1804453 | G20: ='2024년 실적'!L20 -> 1960674 | H20: =SUM(H16:H19) -> 2138000 | I20: =H20/G20-1 -> 0.090441348 | J20: =SUM(J16:J19) -> 1623214 | K20: =SUM(K16:K19) -> 1742470 | L20: =SUM(L16:L19) -> 1673276 | M20: =L20/K20-1 -> -0.039710296 | N20: =L20/J20-1 -> 0.030841282 | O20: =SUM(O16:O19) -> 139703 | P20: =SUM(P16:P19) -> 149660 | Q20: =SUM(Q16:Q19) -> 145003 | R20: =Q20/P20-1 -> -0.031117199 | S20: =Q20/O20-1 -> 0.037937625 | T20: =SUM(T16:T19) -> 123926 | U20: =SUM(U16:U19) -> 171040 | V20: =SUM(V16:V19) -> 161430 | W20: =V20/U20-1 -> -0.056185688 | X20: =V20/T20-1 -> 0.30263222 | Y20: =SUM(Y16:Y19) -> 215152 | Z20: =SUM(Z16:Z19) -> 192420 | AA20: =SUM(AA16:AA19) -> 154723 | AB20: =AA20/Z20-1 -> -0.19590999 | AC20: =AA20/Y20-1 -> -0.28086655 | AD20: =SUM(AD16:AD19) -> 169050 | AE20: =SUM(AE16:AE19) -> 171040 | AF20: =SUM(AF16:AF19) -> 177129 | AG20: =AF20/AE20-1 -> 0.03559986 | AH20: =AF20/AD20-1 -> 0.047790594 | AI20: =SUM(AI16:AI19) -> 149623 | AJ20: =SUM(AJ16:AJ19) -> 171040 | AK20: =SUM(AK16:AK19) -> 188329 | AL20: =AK20/AJ20-1 -> 0.10108162 | AM20: =AK20/AI20-1 -> 0.25869017 | AN20: =SUM(AN16:AN19) -> 171321 | AO20: =SUM(AO16:AO19) -> 171040 | AP20: =SUM(AP16:AP19) -> 182992 | AQ20: =AP20/AO20-1 -> 0.069878391 | AR20: =AP20/AN20-1 -> 0.068123581 | AS20: =SUM(AS16:AS19) -> 162471 | AT20: =SUM(AT16:AT19) -> 171040 | AU20: =SUM(AU16:AU19) -> 153189 | AV20: =AU20/AT20-1 -> -0.1043674 | AW20: =AU20/AS20-1 -> -0.057130196 | AX20: =SUM(AX16:AX19) -> 155423 | AY20: =SUM(AY16:AY19) -> 171040 | AZ20: =SUM(AZ16:AZ19) -> 161774 | BA20: =AZ20/AY20-1 -> -0.054174462 | BB20: =AZ20/AX20-1 -> 0.040862678 | BC20: =SUM(BC16:BC19) -> 143303 | BD20: =SUM(BD16:BD19) -> 171040 | BE20: =SUM(BE16:BE19) -> 181042 | BF20: =BE20/BD20-1 -> 0.058477549 | BG20: =BE20/BC20-1 -> 0.26335108 | BH20: =SUM(BH16:BH19) -> 193242 | BI20: =SUM(BI16:BI19) -> 203110 | BJ20: =SUM(BJ16:BJ19) -> 167665 | BK20: =BJ20/BI20-1 -> -0.17451135 | BL20: =BJ20/BH20-1 -> -0.13235736 | BM20: =SUM(BM16:BM19) -> 169885 | BN20: =SUM(BN16:BN19) -> 203110 | BO20: =SUM(BO16:BO19) -> 0 | BP20: =BO20/BN20-1 -> -1 | BQ20: =BO20/BM20-1 -> -1 | BR20: =SUM(BR16:BR19) -> 167575 | BS20: =SUM(BS16:BS19) -> 192420 | BT20: =SUM(BT16:BT19) -> 0 | BU20: =BT20/BS20-1 -> -1 | BV20: =BT20/BR20-1 -> -1 | BW20: =L20/$BW$1*12 -> 2007931.2 | BX20: =L20-J20 -> 50062 | BZ20: =L20/H20 -> 0.78263611
D21: 중부 | E21: 클라쓰팀 | F21: ='2024년 실적'!G21 -> 567346 | G21: ='2024년 실적'!L21 -> 647422 | H21: 730000 | I21: =H21/G21-1 -> 0.12754896 | J21: =O21+T21+Y21+AD21+AI21+AN21+AS21+AX21+BC21+BH21 -> 540607 | K21: =P21+U21+Z21+AE21+AJ21+AO21+AT21+AY21+BD21+BI21 -> 594950 | L21: =Q21+V21+AA21+AF21+AK21+AP21+AU21+AZ21+BE21+BJ21 -> 580834 | M21: =L21/K21-1 -> -0.023726364 | N21: =L21/J21-1 -> 0.074410801 | O21: ='2024년 실적'!Q21 -> 44434 | P21: 51100 | Q21: 37914 | R21: =Q21/P21-1 -> -0.25804305 | S21: =Q21/O21-1 -> -0.14673448 | T21: ='2024년 실적'!V21 -> 38792 | U21: 58400 | V21: 50462 | W21: =V21/U21-1 -> -0.13592466 | X21: =V21/T21-1 -> 0.30083522 | Y21: ='2024년 실적'!AA21 -> 51640 | Z21: 65700 | AA21: 55146 | AB21: =AA21/Z21-1 -> -0.16063927 | AC21: =AA21/Y21-1 -> 0.067893106 | AD21: ='2024년 실적'!AF21 -> 67734 | AE21: 58400 | AF21: 69178 | AG21: =AF21/AE21-1 -> 0.18455479 | AH21: =AF21/AD21-1 -> 0.021318688 | AI21: ='2024년 실적'!AK21 -> 47127 | AJ21: 58400 | AK21: 70765 | AL21: =AK21/AJ21-1 -> 0.21172945 | AM21: =AK21/AI21-1 -> 0.50158083 | AN21: ='2024년 실적'!AP21 -> 50438 | AO21: 58400 | AP21: 51257 | AQ21: =AP21/AO21-1 -> -0.12231164 | AR21: =AP21/AN21-1 -> 0.016237757 | AS21: ='2024년 실적'!AU21 -> 48176 | AT21: 58400 | AU21: 53898 | AV21: =AU21/AT21-1 -> -0.077089041 | AW21: =AU21/AS21-1 -> 0.11877283 | AX21: ='2024년 실적'!AZ21 -> 53422 | AY21: 58400 | AZ21: 49422 | BA21: =AZ21/AY21-1 -> -0.15373288 | BB21: =AZ21/AX21-1 -> -0.074875519 | BC21: ='2024년 실적'!BE21 -> 55410 | BD21: 58400 | BE21: 67494 | BF21: =BE21/BD21-1 -> 0.15571918 | BG21: =BE21/BC21-1 -> 0.21808338 | BH21: ='2024년 실적'!BJ21 -> 83434 | BI21: 69350 | BJ21: 75298 | BK21: =BJ21/BI21-1 -> 0.085767844 | BL21: =BJ21/BH21-1 -> -0.097514203 | BM21: ='2024년 실적'!BO21 -> 55539 | BN21: 69350 | BP21: =BO21/BN21-1 -> -1 | BQ21: =BO21/BM21-1 -> -1 | BR21: ='2024년 실적'!BT21 -> 51276 | BS21: 65700 | BU21: =BT21/BS21-1 -> -1 | BV21: =BT21/BR21-1 -> -1 | BW21: =L21/$BW$1*12 -> 697000.8 | BX21: =L21-J21 -> 40227 | BZ21: =L21/H21 -> 0.79566301
E22: 사무실 | F22: ='2024년 실적'!G22 -> 12804 | G22: ='2024년 실적'!L22 -> 11862 | H22: 12000 | I22: =H22/G22-1 -> 0.011633789 | J22: =O22+T22+Y22+AD22+AI22+AN22+AS22+AX22+BC22+BH22 -> 8252 | K22: =P22+U22+Z22+AE22+AJ22+AO22+AT22+AY22+BD22+BI22 -> 9780 | L22: =Q22+V22+AA22+AF22+AK22+AP22+AU22+AZ22+BE22+BJ22 -> 8324 | M22: =L22/K22-1 -> -0.14887526 | N22: =L22/J22-1 -> 0.0087251575 | O22: ='2024년 실적'!Q22 -> 70 | P22: 840 | Q22: 58 | R22: =Q22/P22-1 -> -0.93095238 | S22: =Q22/O22-1 -> -0.17142857 | T22: ='2024년 실적'!V22 -> 30 | U22: 960 | V22: 168 | W22: =V22/U22-1 -> -0.825 | X22: =V22/T22-1 -> 4.6 | Y22: ='2024년 실적'!AA22 -> 1308 | Z22: 1080 | AA22: 2300 | AB22: =AA22/Z22-1 -> 1.1296296 | AC22: =AA22/Y22-1 -> 0.75840979 | AD22: ='2024년 실적'!AF22 -> 508 | AE22: 960 | AF22: 58 | AG22: =AF22/AE22-1 -> -0.93958333 | AH22: =AF22/AD22-1 -> -0.88582677 | AI22: ='2024년 실적'!AK22 -> 892 | AJ22: 960 | AK22: 1114 | AL22: =AK22/AJ22-1 -> 0.16041667 | AM22: =AK22/AI22-1 -> 0.24887892 | AN22: ='2024년 실적'!AP22 -> 1254 | AO22: 960 | AP22: 1770 | AQ22: =AP22/AO22-1 -> 0.84375 | AR22: =AP22/AN22-1 -> 0.41148325 | AS22: ='2024년 실적'!AU22 -> 150 | AT22: 960 | AU22: 1522 | AV22: =AU22/AT22-1 -> 0.58541667 | AW22: =AU22/AS22-1 -> 9.1466667 | AX22: ='2024년 실적'!AZ22 -> 2894 | AY22: 960 | AZ22: 54 | BA22: =AZ22/AY22-1 -> -0.94375 | BB22: =AZ22/AX22-1 -> -0.9813407 | BC22: ='2024년 실적'!BE22 -> 52 | BD22: 960 | BE22: 196 | BF22: =BE22/BD22-1 -> -0.79583333 | BG22: =BE22/BC22-1 -> 2.7692308 | BH22: ='2024년 실적'!BJ22 -> 1094 | BI22: 1140 | BJ22: 1084 | BK22: =BJ22/BI22-1 -> -0.049122807 | BL22: =BJ22/BH22-1 -> -0.0091407678 | BM22: ='2024년 실적'!BO22 -> 1714 | BN22: 1140 | BP22: =BO22/BN22-1 -> -1 | BQ22: =BO22/BM22-1 -> -1 | BR22: ='2024년 실적'!BT22 -> 1896 | BS22: 1080 | BU22: =BT22/BS22-1 -> -1 | BV22: =BT22/BR22-1 -> -1 | BW22: =L22/$BW$1*12 -> 9988.8 | BX22: =L22-J22 -> 72 | BZ22: =L22/H22 -> 0.69366667
E23: 소계 | F23: ='2024년 실적'!G23 -> 580150 | G23: ='2024년 실적'!L23 -> 659284 | H23: =SUM(H21:H22) -> 742000 | I23: =H23/G23-1 -> 0.12546338 | J23: =SUM(J21:J22) -> 548859 | K23: =SUM(K21:K22) -> 604730 | L23: =SUM(L21:L22) -> 589158 | M23: =L23/K23-1 -> -0.025750335 | N23: =L23/J23-1 -> 0.073423229 | O23: =SUM(O21:O22) -> 44504 | P23: =SUM(P21:P22) -> 51940 | Q23: =SUM(Q21:Q22) -> 37972 | R23: =Q23/P23-1 -> -0.26892568 | S23: =Q23/O23-1 -> -0.14677332 | T23: =SUM(T21:T22) -> 38822 | U23: =SUM(U21:U22) -> 59360 | V23: =SUM(V21:V22) -> 50630 | W23: =V23/U23-1 -> -0.14706873 | X23: =V23/T23-1 -> 0.30415744 | Y23: =SUM(Y21:Y22) -> 52948 | Z23: =SUM(Z21:Z22) -> 66780 | AA23: =SUM(AA21:AA22) -> 57446 | AB23: =AA23/Z23-1 -> -0.13977239 | AC23: =AA23/Y23-1 -> 0.084951273 | AD23: =SUM(AD21:AD22) -> 68242 | AE23: =SUM(AE21:AE22) -> 59360 | AF23: =SUM(AF21:AF22) -> 69236 | AG23: =AF23/AE23-1 -> 0.16637466 | AH23: =AF23/AD23-1 -> 0.01456581 | AI23: =SUM(AI21:AI22) -> 48019 | AJ23: =SUM(AJ21:AJ22) -> 59360 | AK23: =SUM(AK21:AK22) -> 71879 | AL23: =AK23/AJ23-1 -> 0.2108996 | AM23: =AK23/AI23-1 -> 0.49688665 | AN23: =SUM(AN21:AN22) -> 51692 | AO23: =SUM(AO21:AO22) -> 59360 | AP23: =SUM(AP21:AP22) -> 53027 | AQ23: =AP23/AO23-1 -> -0.10668801 | AR23: =AP23/AN23-1 -> 0.025826047 | AS23: ='2024년 실적'!AU23 -> 48326 | AT23: =SUM(AT21:AT22) -> 59360 | AU23: =SUM(AU21:AU22) -> 55420 | AV23: =AU23/AT23-1 -> -0.066374663 | AW23: =AU23/AS23-1 -> 0.14679469 | AX23: =SUM(AX21:AX22) -> 56316 | AY23: =SUM(AY21:AY22) -> 59360 | AZ23: =SUM(AZ21:AZ22) -> 49476 | BA23: =AZ23/AY23-1 -> -0.16650943 | BB23: =AZ23/AX23-1 -> -0.12145749 | BC23: =SUM(BC21:BC22) -> 55462 | BD23: =SUM(BD21:BD22) -> 59360 | BE23: =SUM(BE21:BE22) -> 67690 | BF23: =BE23/BD23-1 -> 0.14033019 | BG23: =BE23/BC23-1 -> 0.22047528 | BH23: =SUM(BH21:BH22) -> 84528 | BI23: =SUM(BI21:BI22) -> 70490 | BJ23: =SUM(BJ21:BJ22) -> 76382 | BK23: =BJ23/BI23-1 -> 0.083586324 | BL23: =BJ23/BH23-1 -> -0.096370433 | BM23: =SUM(BM21:BM22) -> 57253 | BN23: =SUM(BN21:BN22) -> 70490 | BO23: =SUM(BO21:BO22) -> 0 | BP23: =BO23/BN23-1 -> -1 | BQ23: =BO23/BM23-1 -> -1 | BR23: =SUM(BR21:BR22) -> 53172 | BS23: =SUM(BS21:BS22) -> 66780 | BT23: =SUM(BT21:BT22) -> 0 | BU23: =BT23/BS23-1 -> -1 | BV23: =BT23/BR23-1 -> -1 | BW23: =L23/$BW$1*12 -> 706989.6 | BX23: =L23-J23 -> 40299 | BZ23: =L23/H23 -> 0.79401348
D24: 제주 | E24: 삼다도팀 | F24: ='2024년 실적'!G24 -> 79851 | G24: ='2024년 실적'!L24 -> 84553 | H24: 100000 | I24: =H24/G24-1 -> 0.18269015 | J24: =O24+T24+Y24+AD24+AI24+AN24+AS24+AX24+BC24+BH24 -> 68997 | K24: =P24+U24+Z24+AE24+AJ24+AO24+AT24+AY24+BD24+BI24 -> 81500 | L24: =Q24+V24+AA24+AF24+AK24+AP24+AU24+AZ24+BE24+BJ24 -> 79721 | M24: =L24/K24-1 -> -0.021828221 | N24: =L24/J24-1 -> 0.15542705 | O24: ='2024년 실적'!Q24 -> 6046 | P24: 7000 | Q24: 7984 | R24: =Q24/P24-1 -> 0.14057143 | S24: =Q24/O24-1 -> 0.32054251 | T24: ='2024년 실적'!V24 -> 6432 | U24: 8000 | V24: 8036 | W24: =V24/U24-1 -> 0.0045 | X24: =V24/T24-1 -> 0.24937811 | Y24: ='2024년 실적'!AA24 -> 6184 | Z24: 9000 | AA24: 9066 | AB24: =AA24/Z24-1 -> 0.0073333333 | AC24: =AA24/Y24-1 -> 0.4660414 | AD24: ='2024년 실적'!AF24 -> 6456 | AE24: 8000 | AF24: 9488 | AG24: =AF24/AE24-1 -> 0.186 | AH24: =AF24/AD24-1 -> 0.46964064 | AI24: ='2024년 실적'!AK24 -> 6824 | AJ24: 8000 | AK24: 6766 | AL24: =AK24/AJ24-1 -> -0.15425 | AM24: =AK24/AI24-1 -> -0.0084994138 | AN24: ='2024년 실적'!AP24 -> 6668 | AO24: 8000 | AP24: 7530 | AQ24: =AP24/AO24-1 -> -0.05875 | AR24: =AP24/AN24-1 -> 0.12927415 | AS24: ='2024년 실적'!AU24 -> 8026 | AT24: 8000 | AU24: 7240 | AV24: =AU24/AT24-1 -> -0.095 | AW24: =AU24/AS24-1 -> -0.097931722 | AX24: ='2024년 실적'!AZ24 -> 5699 | AY24: 8000 | AZ24: 7493 | BA24: =AZ24/AY24-1 -> -0.063375 | BB24: =AZ24/AX24-1 -> 0.31479207 | BC24: ='2024년 실적'!BE24 -> 6446 | BD24: 8000 | BE24: 7118 | BF24: =BE24/BD24-1 -> -0.11025 | BG24: =BE24/BC24-1 -> 0.1042507 | BH24: ='2024년 실적'!BJ24 -> 10216 | BI24: 9500 | BJ24: 9000 | BK24: =BJ24/BI24-1 -> -0.052631579 | BL24: =BJ24/BH24-1 -> -0.11902897 | BM24: ='2024년 실적'!BO24 -> 7686 | BN24: 9500 | BP24: =BO24/BN24-1 -> -1 | BQ24: =BO24/BM24-1 -> -1 | BR24: ='2024년 실적'!BT24 -> 7870 | BS24: 9000 | BU24: =BT24/BS24-1 -> -1 | BV24: =BT24/BR24-1 -> -1 | BW24: =L24/$BW$1*12 -> 95665.2 | BX24: =L24-J24 -> 10724 | BZ24: =L24/H24 -> 0.79721
D25: 남부지사 | E25: 남부지사 | F25: ='2024년 실적'!G25 -> 610171 | G25: ='2024년 실적'!L25 -> 557613 | H25: 650000 | I25: =H25/G25-1 -> 0.16568301 | J25: =O25+T25+Y25+AD25+AI25+AN25+AS25+AX25+BC25+BH25 -> 450121 | K25: =P25+U25+Z25+AE25+AJ25+AO25+AT25+AY25+BD25+BI25 -> 529750 | L25: =Q25+V25+AA25+AF25+AK25+AP25+AU25+AZ25+BE25+BJ25 -> 479396 | M25: =L25/K25-1 -> -0.095052383 | N25: =L25/J25-1 -> 0.065038068 | O25: ='2024년 실적'!Q25 -> 21880 | P25: 45500 | Q25: 35432 | R25: =Q25/P25-1 -> -0.22127473 | S25: =Q25/O25-1 -> 0.61937843 | T25: ='2024년 실적'!V25 -> 44547 | U25: 52000 | V25: 47352 | W25: =V25/U25-1 -> -0.089384615 | X25: =V25/T25-1 -> 0.062967203 | Y25: ='2024년 실적'!AA25 -> 46817 | Z25: 58500 | AA25: 50988 | AB25: =AA25/Z25-1 -> -0.12841026 | AC25: =AA25/Y25-1 -> 0.089091569 | AD25: ='2024년 실적'!AF25 -> 52212 | AE25: 52000 | AF25: 51164 | AG25: =AF25/AE25-1 -> -0.016076923 | AH25: =AF25/AD25-1 -> -0.020072014 | AI25: ='2024년 실적'!AK25 -> 45220 | AJ25: 52000 | AK25: 45652 | AL25: =AK25/AJ25-1 -> -0.12207692 | AM25: =AK25/AI25-1 -> 0.009553295 | AN25: ='2024년 실적'!AP25 -> 40278 | AO25: 52000 | AP25: 61776 | AQ25: =AP25/AO25-1 -> 0.188 | AR25: =AP25/AN25-1 -> 0.5337405 | AS25: ='2024년 실적'!AU25 -> 60084 | AT25: 52000 | AU25: 47720 | AV25: =AU25/AT25-1 -> -0.082307692 | AW25: =AU25/AS25-1 -> -0.20577858 | AX25: ='2024년 실적'!AZ25 -> 34006 | AY25: 52000 | AZ25: 42798 | BA25: =AZ25/AY25-1 -> -0.17696154 | BB25: =AZ25/AX25-1 -> 0.25854261 | BC25: ='2024년 실적'!BE25 -> 40544 | BD25: 52000 | BE25: 51776 | BF25: =BE25/BD25-1 -> -0.0043076923 | BG25: =BE25/BC25-1 -> 0.27703236 | BH25: ='2024년 실적'!BJ25 -> 64533 | BI25: 61750 | BJ25: 44738 | BK25: =BJ25/BI25-1 -> -0.27549798 | BL25: =BJ25/BH25-1 -> -0.30674229 | BM25: ='2024년 실적'!BO25 -> 57024 | BN25: 61750 | BP25: =BO25/BN25-1 -> -1 | BQ25: =BO25/BM25-1 -> -1 | BR25: ='2024년 실적'!BT25 -> 50468 | BS25: 58500 | BU25: =BT25/BS25-1 -> -1 | BV25: =BT25/BR25-1 -> -1 | BW25: =L25/$BW$1*12 -> 575275.2 | BX25: =L25-J25 -> 29275 | BZ25: =L25/H25 -> 0.73753231
B26: B2B | D26: B2B Auto소계 | F26: ='2024년 실적'!G26 -> 835396 | G26: ='2024년 실적'!L26 -> 904015 | H26: 1000000 | I26: =H26/G26-1 -> 0.10617634 | J26: =O26+T26+Y26+AD26+AI26+AN26+AS26+AX26+BC26 -> 659496 | K26: =P26+U26+Z26+AE26+AJ26+AO26+AT26+AY26+BD26 -> 720000 | L26: =Q26+V26+AA26+AF26+AK26+AP26+AU26+AZ26+BE26 -> 737635 | M26: =L26/K26-1 -> 0.024493056 | N26: =L26/J26-1 -> 0.1184829 | O26: ='2024년 실적'!Q26 -> 53893 | P26: 70000 | Q26: 55574 | R26: =Q26/P26-1 -> -0.20608571 | S26: =Q26/O26-1 -> 0.031191435 | T26: ='2024년 실적'!V26 -> 78147 | U26: 80000 | V26: 87652 | W26: =V26/U26-1 -> 0.09565 | X26: =V26/T26-1 -> 0.12162975 | Y26: ='2024년 실적'!AA26 -> 71656 | Z26: 90000 | AA26: 59323 | AB26: =AA26/Z26-1 -> -0.34085556 | AC26: =AA26/Y26-1 -> -0.17211399 | AD26: ='2024년 실적'!AF26 -> 82813 | AE26: 80000 | AF26: 75280 | AG26: =AF26/AE26-1 -> -0.059 | AH26: =AF26/AD26-1 -> -0.090963979 | AI26: ='2024년 실적'!AK26 -> 78617 | AJ26: 80000 | AK26: 91644 | AL26: =AK26/AJ26-1 -> 0.14555 | AM26: =AK26/AI26-1 -> 0.16570207 | AN26: ='2024년 실적'!AP26 -> 67379 | AO26: 80000 | AP26: 91998 | AQ26: =AP26/AO26-1 -> 0.149975 | AR26: =AP26/AN26-1 -> 0.36538091 | AS26: ='2024년 실적'!AU26 -> 83193 | AT26: 80000 | AU26: 80614 | AV26: =AU26/AT26-1 -> 0.007675 | AW26: =AU26/AS26-1 -> -0.031000204 | AX26: ='2024년 실적'!AZ26 -> 81329 | AY26: 80000 | AZ26: 99818 | BA26: =AZ26/AY26-1 -> 0.247725 | BB26: =AZ26/AX26-1 -> 0.22733588 | BC26: ='2024년 실적'!BE26 -> 62469 | BD26: 80000 | BE26: 95732 | BF26: =BE26/BD26-1 -> 0.19665 | BG26: =BE26/BC26-1 -> 0.53247211 | BH26: ='2024년 실적'!BJ26 -> 86174 | BI26: 95000 | BJ26: 97428 | BK26: =BJ26/BI26-1 -> 0.025557895 | BL26: =BJ26/BH26-1 -> 0.13059624 | BM26: ='2024년 실적'!BO26 -> 87868 | BN26: 95000 | BP26: =BO26/BN26-1 -> -1 | BQ26: =BO26/BM26-1 -> -1 | BR26: ='2024년 실적'!BT26 -> 70477 | BS26: 90000 | BU26: =BT26/BS26-1 -> -1 | BV26: =BT26/BR26-1 -> -1 | BW26: =L26/$BW$1*12 -> 885162 | BX26: =L26-J26 -> 78139 | BZ26: =L26/H26 -> 0.737635
C27: IL | D27: 재고 | F27: ='2024년 실적'!G27 -> 410638 | G27: ='2024년 실적'!L27 -> 359989 | H27: =ROUND(H28/24,0) -> 255208 | I27: =H27/G27-1 -> -0.29106723 | J27: =BH27 -> 383612 | K27: =BI27 -> 255209 | L27: =BJ27 -> 316005 | M27: =L27/K27-1 -> 0.23822044 | N27: =L27/J27-1 -> -0.17623797 | O27: ='2024년 실적'!Q27 -> 329768 | P27: =ROUND(P28/2,2) -> 255209 | Q27: 303093 | S27: =Q27/O27-1 -> -0.080890202 | T27: ='2024년 실적'!V27 -> 278123 | U27: =U28/2 -> 255209 | V27: 328213 | W27: =V27/U27-1 -> 0.28605574 | X27: =V27/T27-1 -> 0.18010017 | Y27: ='2024년 실적'!AA27 -> 341100 | Z27: =Z28/2 -> 255209 | AA27: 341795 | AB27: =AA27/Z27-1 -> 0.33927487 | AC27: =AA27/Y27-1 -> 0.0020375257 | AD27: ='2024년 실적'!AF27 -> 330935 | AE27: =AE28/2 -> 255209 | AF27: 372100 | AG27: =AF27/AE27-1 -> 0.45802068 | AH27: =AF27/AD27-1 -> 0.12438999 | AI27: ='2024년 실적'!AK27 -> 405927 | AJ27: =AJ28/2 -> 255209 | AK27: 344116 | AL27: =AK27/AJ27-1 -> 0.34836938 | AM27: =AK27/AI27-1 -> -0.15227122 | AN27: ='2024년 실적'!AP27 -> 419353 | AO27: =AO28/2 -> 255209 | AP27: 289079 | AQ27: =AP27/AO27-1 -> 0.13271476 | AR27: =AP27/AN27-1 -> -0.31065475 | AS27: ='2024년 실적'!AU27 -> 291707 | AT27: =AT28/2 -> 255209 | AU27: 372167 | AV27: =AU27/AT27-1 -> 0.45828321 | AW27: =AU27/AS27-1 -> 0.27582471 | AX27: ='2024년 실적'!AZ27 -> 277172 | AY27: =AY29/2 -> 255209 | AZ27: 337591 | BA27: =AZ27/AY27-1 -> 0.3228021 | BB27: =AZ27/AX27-1 -> 0.21798378 | BC27: ='2024년 실적'!BE27 -> 314825 | BD27: =BD29/2 -> 255209 | BE27: 381405 | BF27: =BE27/BD27-1 -> 0.49448099 | BG27: =BE27/BC27-1 -> 0.21148257 | BH27: ='2024년 실적'!BJ27 -> 383612 | BI27: =BI28/2 -> 255209 | BJ27: 316005 | BK27: =BJ27/BI27-1 -> 0.23822044 | BL27: =BJ27/BH27-1 -> -0.17623797 | BM27: ='2024년 실적'!BO27 -> 374969 | BN27: =BN28/2 -> 255209 | BP27: =BO27/BN27-1 -> -1 | BQ27: =BO27/BM27-1 -> -1 | BR27: ='2024년 실적'!BT27 -> 359989 | BS27: =BS29/2 -> 255209 | BU27: =BT27/BS27-1 -> -1 | BV27: =BT27/BR27-1 -> -1
D28: sell-in | F28: ='2024년 실적'!G28 -> 5704093 | G28: ='2024년 실적'!L28 -> 5381839 | H28: =H29 -> 6125000 | I28: =H28/G28-1 -> 0.13808681 | J28: =O28+T28+Y28+AD28+AI28+AN28+AS28+AX28+BC28+BH28 -> 4363561 | K28: =P28+U28+Z28+AE28+AJ28+AO28+AT28+AY28+BD28+BI28 -> 5104180 | L28: =Q28+V28+AA28+AF28+AK28+AP28+AU28+AZ28+BE28+BJ28 -> 4442941 | M28: =L28/K28-1 -> -0.12954853 | N28: =L28/J28-1 -> 0.018191564 | O28: ='2024년 실적'!Q28 -> 341246 | P28: =P29 -> 510418 | Q28: 327291 | R28: =Q28/P28-1 -> -0.35877849 | S28: =Q28/O28-1 -> -0.040894252 | T28: ='2024년 실적'!V28 -> 397040 | U28: =U29 -> 510418 | V28: 484947 | W28: =V28/U28-1 -> -0.049902237 | X28: =V28/T28-1 -> 0.2214059 | Y28: ='2024년 실적'!AA28 -> 468286 | Z28: =Z29 -> 510418 | AA28: 436468 | AB28: =AA28/Z28-1 -> -0.14488125 | AC28: =AA28/Y28-1 -> -0.067945657 | AD28: ='2024년 실적'!AF28 -> 447362 | AE28: =AE29 -> 510418 | AF28: 548060 | AG28: =AF28/AE28-1 -> 0.073747399 | AH28: =AF28/AD28-1 -> 0.22509288 | AI28: ='2024년 실적'!AK28 -> 551104 | AJ28: =AJ29 -> 510418 | AK28: 436838 | AL28: =AK28/AJ28-1 -> -0.14415636 | AM28: =AK28/AI28-1 -> -0.20734018 | AN28: ='2024년 실적'!AP28 -> 416686 | AO28: =AO29 -> 510418 | AP28: 473319 | AQ28: =AP28/AO28-1 -> -0.072683565 | AR28: =AP28/AN28-1 -> 0.13591289 | AS28: ='2024년 실적'!AU28 -> 400169 | AT28: =AT29 -> 510418 | AU28: 472169 | AV28: =AU28/AT28-1 -> -0.074936621 | AW28: =AU28/AS28-1 -> 0.17992398 | AX28: ='2024년 실적'!AZ28 -> 440920 | AY28: =AY29 -> 510418 | AZ28: 409542 | BA28: =AZ28/AY28-1 -> -0.1976341 | BB28: =AZ28/AX28-1 -> -0.071164837 | BC28: ='2024년 실적'!BE28 -> 343048 | BD28: =BD29 -> 510418 | BE28: 541065 | BF28: =BE28/BD28-1 -> 0.060042945 | BG28: =BE28/BC28-1 -> 0.57722826 | BH28: ='2024년 실적'!BJ28 -> 557700 | BI28: =BI29 -> 510418 | BJ28: 313242 | BK28: =BJ28/BI28-1 -> -0.38630299 | BL28: =BJ28/BH28-1 -> -0.43833244 | BM28: ='2024년 실적'!BO28 -> 500870 | BN28: =BN29 -> 510418 | BP28: =BO28/BN28-1 -> -1 | BQ28: =BO28/BM28-1 -> -1 | BR28: ='2024년 실적'!BT28 -> 517408 | BS28: =BS29 -> 510418 | BU28: =BT28/BS28-1 -> -1 | BV28: =BT28/BR28-1 -> -1 | BX28: =L28-J28 -> 79380
D29: IL 합계 | F29: ='2024년 실적'!G29 -> 5796942 | G29: ='2024년 실적'!L29 -> 5433492 | H29: =SUM(H30:H36) -> 6125000 | I29: =H29/G29-1 -> 0.12726769 | J29: =SUM(J30:J36) -> 4399651 | K29: =SUM(K30:K36) -> 5104180 | L29: =SUM(L30:L36) -> 4480649 | M29: =L29/K29-1 -> -0.12216086 | N29: =L29/J29-1 -> 0.018410097 | O29: =SUM(O30:O36) -> 422415 | P29: =SUM(P30:P36) -> 510418 | Q29: =SUM(Q30:Q36) -> 382857 | R29: =Q29/P29-1 -> -0.24991478 | S29: =Q29/O29-1 -> -0.093647243 | T29: =SUM(T30:T36) -> 385426 | U29: =SUM(U30:U36) -> 510418 | V29: =SUM(V30:V36) -> 456307 | W29: =V29/U29-1 -> -0.10601311 | X29: =V29/T29-1 -> 0.18390301 | Y29: =SUM(Y30:Y36) -> 475886 | Z29: =SUM(Z30:Z36) -> 510418 | AA29: =SUM(AA30:AA36) -> 427070 | AB29: =AA29/Z29-1 -> -0.16329361 | AC29: =AA29/Y29-1 -> -0.10257919 | AD29: =SUM(AD30:AD36) -> 444047 | AE29: =SUM(AE30:AE36) -> 510418 | AF29: =SUM(AF30:AF36) -> 514992 | AG29: =AF29/AE29-1 -> 0.0089612827 | AH29: =AF29/AD29-1 -> 0.15976912 | AI29: =SUM(AI30:AI36) -> 492593 | AJ29: =SUM(AJ30:AJ36) -> 510418 | AK29: =SUM(AK30:AK36) -> 464179 | AL29: =AK29/AJ29-1 -> -0.090590457 | AM29: =AK29/AI29-1 -> -0.057682509 | AN29: =SUM(AN30:AN36) -> 401955 | AO29: =SUM(AO30:AO36) -> 510418 | AP29: =SUM(AP30:AP36) -> 491774 | AQ29: =AP29/AO29-1 -> -0.036526925 | AR29: =AP29/AN29-1 -> 0.22345536 | AS29: =SUM(AS30:AS36) -> 484454 | AT29: =SUM(AT30:AT36) -> 510418 | AU29: =SUM(AU30:AU36) -> 424605 | AV29: =AU29/AT29-1 -> -0.16812299 | AW29: =AU29/AS29-1 -> -0.12353908 | AX29: =SUM(AX30:AX36) -> 424912 | AY29: =SUM(AY30:AY36) -> 510418 | AZ29: =SUM(AZ30:AZ36) -> 444086 | BA29: =AZ29/AY29-1 -> -0.12995623 | BB29: =AZ29/AX29-1 -> 0.045124638 | BC29: =SUM(BC30:BC36) -> 378745 | BD29: =SUM(BD30:BD36) -> 510418 | BE29: =SUM(BE30:BE36) -> 496736 | BF29: =BE29/BD29-1 -> -0.026805481 | BG29: =BE29/BC29-1 -> 0.31153151 | BH29: =SUM(BH30:BH36) -> 489218 | BI29: =SUM(BI30:BI36) -> 510418 | BJ29: =SUM(BJ30:BJ36) -> 378043 | BK29: =BJ29/BI29-1 -> -0.25934626 | BL29: =BJ29/BH29-1 -> -0.22725043 | BM29: =SUM(BM30:BM36) -> 501510 | BN29: =SUM(BN30:BN36) -> 510418 | BO29: =SUM(BO30:BO36) -> 0 | BP29: =BO29/BN29-1 -> -1 | BQ29: =BO29/BM29-1 -> -1 | BR29: =SUM(BR30:BR36) -> 532331 | BS29: =SUM(BS30:BS36) -> 510418 | BT29: =SUM(BT30:BT36) -> 0 | BU29: =BT29/BS29-1 -> -1 | BV29: =BT29/BR29-1 -> -1 | BW29: =L29/$BW$1*12 -> 5376778.8 | BX29: =L29-J29 -> 80998 | BZ29: =L29/H29 -> 0.73153453
D30: 산업1팀 | F30: ='2024년 실적'!G30 -> 901787 | G30: ='2024년 실적'!L30 -> 611096 | H30: 792000 | I30: =H30/G30-1 -> 0.29603205 | J30: =O30+T30+Y30+AD30+AI30+AN30+AS30+AX30+BC30+BH30 -> 500277 | K30: =P30+U30+Z30+AE30+AJ30+AO30+AT30+AY30+BD30+BI30 -> 660000 | L30: =Q30+V30+AA30+AF30+AK30+AP30+AU30+AZ30+BE30+BJ30 -> 486789 | M30: =L30/K30-1 -> -0.26244091 | N30: =L30/J30-1 -> -0.026961064 | O30: ='2024년 실적'!Q30 -> 68175 | P30: =ROUND($H$30/12,0) -> 66000 | Q30: 25157 | R30: =Q30/P30-1 -> -0.61883333 | S30: =Q30/O30-1 -> -0.63099377 | T30: ='2024년 실적'!V30 -> 42265 | U30: =ROUND($H$30/12,0) -> 66000 | V30: 53946 | W30: =V30/U30-1 -> -0.18263636 | X30: =V30/T30-1 -> 0.27637525 | Y30: ='2024년 실적'!AA30 -> 45367 | Z30: =ROUND($H$30/12,0) -> 66000 | AA30: 36368 | AB30: =AA30/Z30-1 -> -0.4489697 | AC30: =AA30/Y30-1 -> -0.19836004 | AD30: ='2024년 실적'!AF30 -> 32159 | AE30: =ROUND($H$30/12,0) -> 66000 | AF30: 73721 | AG30: =AF30/AE30-1 -> 0.11698485 | AH30: =AF30/AD30-1 -> 1.2923909 | AI30: ='2024년 실적'!AK30 -> 60432 | AJ30: =ROUND($H$30/12,0) -> 66000 | AK30: 40691 | AL30: =AK30/AJ30-1 -> -0.3834697 | AM30: =AK30/AI30-1 -> -0.32666468 | AN30: ='2024년 실적'!AP30 -> 38891 | AO30: =ROUND($H$30/12,0) -> 66000 | AP30: 42325 | AQ30: =AP30/AO30-1 -> -0.35871212 | AR30: =AP30/AN30-1 -> 0.088298064 | AS30: ='2024년 실적'!AU30 -> 87598 | AT30: =ROUND($H$30/12,0) -> 66000 | AU30: 48509 | AV30: =AU30/AT30-1 -> -0.26501515 | AW30: =AU30/AS30-1 -> -0.44623165 | AX30: ='2024년 실적'!AZ30 -> 33546 | AY30: =ROUND($H$30/12,0) -> 66000 | AZ30: 87662 | BA30: =AZ30/AY30-1 -> 0.32821212 | BB30: =AZ30/AX30-1 -> 1.6131879 | BC30: ='2024년 실적'!BE30 -> 53620 | BD30: =ROUND($H$30/12,0) -> 66000 | BE30: 43394 | BF30: =BE30/BD30-1 -> -0.34251515 | BG30: =BE30/BC30-1 -> -0.19071242 | BH30: ='2024년 실적'!BJ30 -> 38224 | BI30: =ROUND($H$30/12,0) -> 66000 | BJ30: 35016 | BK30: =BJ30/BI30-1 -> -0.46945455 | BL30: =BJ30/BH30-1 -> -0.083926329 | BM30: ='2024년 실적'!BO30 -> 35128 | BN30: =ROUND($H$30/12,0) -> 66000 | BP30: =BO30/BN30-1 -> -1 | BQ30: =BO30/BM30-1 -> -1 | BR30: ='2024년 실적'!BT30 -> 75691 | BS30: =ROUND($H$30/12,0) -> 66000 | BU30: =BT30/BS30-1 -> -1 | BV30: =BT30/BR30-1 -> -1 | BW30: =L30/$BW$1*12 -> 584146.8 | BX30: =L30-J30 -> -13488 | BZ30: =L30/H30 -> 0.61463258
D31: 산업2팀 | F31: ='2024년 실적'!G31 -> 1808203 | G31: ='2024년 실적'!L31 -> 1755221 | H31: 1982000 | I31: =H31/G31-1 -> 0.12920253 | J31: =O31+T31+Y31+AD31+AI31+AN31+AS31+AX31+BC31+BH31 -> 1415512 | K31: =P31+U31+Z31+AE31+AJ31+AO31+AT31+AY31+BD31+BI31 -> 1651670 | L31: =Q31+V31+AA31+AF31+AK31+AP31+AU31+AZ31+BE31+BJ31 -> 1500061 | M31: =L31/K31-1 -> -0.091791338 | N31: =L31/J31-1 -> 0.059730331 | O31: ='2024년 실적'!Q31 -> 111538 | P31: =ROUND($H$31/12,0) -> 165167 | Q31: 154674 | R31: =Q31/P31-1 -> -0.06352964 | S31: =Q31/O31-1 -> 0.38673815 | T31: ='2024년 실적'!V31 -> 124449 | U31: =ROUND($H$31/12,0) -> 165167 | V31: 141990 | W31: =V31/U31-1 -> -0.14032464 | X31: =V31/T31-1 -> 0.1409493 | Y31: ='2024년 실적'!AA31 -> 124151 | Z31: =ROUND($H$31/12,0) -> 165167 | AA31: 123768 | AB31: =AA31/Z31-1 -> -0.25064934 | AC31: =AA31/Y31-1 -> -0.003084953 | AD31: ='2024년 실적'!AF31 -> 143766 | AE31: =ROUND($H$31/12,0) -> 165167 | AF31: 164305 | AG31: =AF31/AE31-1 -> -0.0052189602 | AH31: =AF31/AD31-1 -> 0.1428641 | AI31: ='2024년 실적'!AK31 -> 152604 | AJ31: =ROUND($H$31/12,0) -> 165167 | AK31: 114418 | AL31: =AK31/AJ31-1 -> -0.30725871 | AM31: =AK31/AI31-1 -> -0.25022935 | AN31: ='2024년 실적'!AP31 -> 149480 | AO31: =ROUND($H$31/12,0) -> 165167 | AP31: 192426 | AQ31: =AP31/AO31-1 -> 0.16503902 | AR31: =AP31/AN31-1 -> 0.28730265 | AS31: ='2024년 실적'!AU31 -> 162718 | AT31: =ROUND($H$31/12,0) -> 165167 | AU31: 129643 | AV31: =AU31/AT31-1 -> -0.21507928 | AW31: =AU31/AS31-1 -> -0.20326577 | AX31: ='2024년 실적'!AZ31 -> 158523 | AY31: =ROUND($H$31/12,0) -> 165167 | AZ31: 139157 | BA31: =AZ31/AY31-1 -> -0.15747698 | BB31: =AZ31/AX31-1 -> -0.12216524 | BC31: ='2024년 실적'!BE31 -> 107225 | BD31: =ROUND($H$31/12,0) -> 165167 | BE31: 190459 | BF31: =BE31/BD31-1 -> 0.15312986 | BG31: =BE31/BC31-1 -> 0.77625554 | BH31: ='2024년 실적'!BJ31 -> 181058 | BI31: =ROUND($H$31/12,0) -> 165167 | BJ31: 149221 | BK31: =BJ31/BI31-1 -> -0.096544709 | BL31: =BJ31/BH31-1 -> -0.17583868 | BM31: ='2024년 실적'!BO31 -> 158741 | BN31: =ROUND($H$31/12,0) -> 165167 | BP31: =BO31/BN31-1 -> -1 | BQ31: =BO31/BM31-1 -> -1 | BR31: ='2024년 실적'!BT31 -> 180968 | BS31: =ROUND($H$31/12,0) -> 165167 | BU31: =BT31/BS31-1 -> -1 | BV31: =BT31/BR31-1 -> -1 | BW31: =L31/$BW$1*12 -> 1800073.2 | BX31: =L31-J31 -> 84549 | BZ31: =L31/H31 -> 0.75684208
D32: 산업3팀 | F32: ='2024년 실적'!G32 -> 597017 | G32: ='2024년 실적'!L32 -> 598520 | H32: 636000 | I32: =H32/G32-1 -> 0.062621132 | J32: =O32+T32+Y32+AD32+AI32+AN32+AS32+AX32+BC32+BH32 -> 511470 | K32: =P32+U32+Z32+AE32+AJ32+AO32+AT32+AY32+BD32+BI32 -> 530000 | L32: =Q32+V32+AA32+AF32+AK32+AP32+AU32+AZ32+BE32+BJ32 -> 378723 | M32: =L32/K32-1 -> -0.2854283 | N32: =L32/J32-1 -> -0.25954015 | O32: ='2024년 실적'!Q32 -> 40781 | P32: =ROUND($H$32/12,0) -> 53000 | Q32: 22920 | R32: =Q32/P32-1 -> -0.56754717 | S32: =Q32/O32-1 -> -0.43797357 | T32: ='2024년 실적'!V32 -> 19931 | U32: =ROUND($H$32/12,0) -> 53000 | V32: 29236 | W32: =V32/U32-1 -> -0.44837736 | X32: =V32/T32-1 -> 0.46686067 | Y32: ='2024년 실적'!AA32 -> 133341 | Z32: =ROUND($H$32/12,0) -> 53000 | AA32: 66376 | AB32: =AA32/Z32-1 -> 0.25237736 | AC32: =AA32/Y32-1 -> -0.50220862 | AD32: ='2024년 실적'!AF32 -> 86715 | AE32: =ROUND($H$32/12,0) -> 53000 | AF32: 53424 | AG32: =AF32/AE32-1 -> 0.008 | AH32: =AF32/AD32-1 -> -0.38391282 | AI32: ='2024년 실적'!AK32 -> 72795 | AJ32: =ROUND($H$32/12,0) -> 53000 | AK32: 46630 | AL32: =AK32/AJ32-1 -> -0.12018868 | AM32: =AK32/AI32-1 -> -0.35943403 | AN32: ='2024년 실적'!AP32 -> 35381 | AO32: =ROUND($H$32/12,0) -> 53000 | AP32: 40281 | AQ32: =AP32/AO32-1 -> -0.23998113 | AR32: =AP32/AN32-1 -> 0.13849241 | AS32: ='2024년 실적'!AU32 -> 27724 | AT32: =ROUND($H$32/12,0) -> 53000 | AU32: 31488 | AV32: =AU32/AT32-1 -> -0.40588679 | AW32: =AU32/AS32-1 -> 0.13576684 | AX32: ='2024년 실적'!AZ32 -> 25308 | AY32: =ROUND($H$32/12,0) -> 53000 | AZ32: 17511 | BA32: =AZ32/AY32-1 -> -0.66960377 | BB32: =AZ32/AX32-1 -> -0.3080844 | BC32: ='2024년 실적'!BE32 -> 20387 | BD32: =ROUND($H$32/12,0) -> 53000 | BE32: 33768 | BF32: =BE32/BD32-1 -> -0.36286792 | BG32: =BE32/BC32-1 -> 0.65634963 | BH32: ='2024년 실적'!BJ32 -> 49107 | BI32: =ROUND($H$32/12,0) -> 53000 | BJ32: 37089 | BK32: =BJ32/BI32-1 -> -0.30020755 | BL32: =BJ32/BH32-1 -> -0.24473089 | BM32: ='2024년 실적'!BO32 -> 26189 | BN32: =ROUND($H$32/12,0) -> 53000 | BP32: =BO32/BN32-1 -> -1 | BQ32: =BO32/BM32-1 -> -1 | BR32: ='2024년 실적'!BT32 -> 60861 | BS32: =ROUND($H$32/12,0) -> 53000 | BU32: =BT32/BS32-1 -> -1 | BV32: =BT32/BR32-1 -> -1 | BW32: =L32/$BW$1*12 -> 454467.6 | BX32: =L32-J32 -> -132747 | BZ32: =L32/H32 -> 0.59547642
D33: 산업4팀 | F33: ='2024년 실적'!G33 -> 359470 | G33: ='2024년 실적'!L33 -> 306873 | H33: 480000 | I33: =H33/G33-1 -> 0.56416498 | J33: =O33+T33+Y33+AD33+AI33+AN33+AS33+AX33+BC33+BH33 -> 251241 | K33: =P33+U33+Z33+AE33+AJ33+AO33+AT33+AY33+BD33+BI33 -> 400000 | L33: =Q33+V33+AA33+AF33+AK33+AP33+AU33+AZ33+BE33+BJ33 -> 273426 | M33: =L33/K33-1 -> -0.316435 | N33: =L33/J33-1 -> 0.088301671 | O33: ='2024년 실적'!Q33 -> 27120 | P33: =ROUND($H$33/12,0) -> 40000 | Q33: 22329 | R33: =Q33/P33-1 -> -0.441775 | S33: =Q33/O33-1 -> -0.17665929 | T33: ='2024년 실적'!V33 -> 32688 | U33: =ROUND($H$33/12,0) -> 40000 | V33: 21390 | W33: =V33/U33-1 -> -0.46525 | X33: =V33/T33-1 -> -0.34563142 | Y33: ='2024년 실적'!AA33 -> 24024 | Z33: =ROUND($H$33/12,0) -> 40000 | AA33: 20290 | AB33: =AA33/Z33-1 -> -0.49275 | AC33: =AA33/Y33-1 -> -0.15542791 | AD33: ='2024년 실적'!AF33 -> 25093 | AE33: =ROUND($H$33/12,0) -> 40000 | AF33: 16846 | AG33: =AF33/AE33-1 -> -0.57885 | AH33: =AF33/AD33-1 -> -0.32865739 | AI33: ='2024년 실적'!AK33 -> 27703 | AJ33: =ROUND($H$33/12,0) -> 40000 | AK33: 57564 | AL33: =AK33/AJ33-1 -> 0.4391 | AM33: =AK33/AI33-1 -> 1.0778977 | AN33: ='2024년 실적'!AP33 -> 23855 | AO33: =ROUND($H$33/12,0) -> 40000 | AP33: 12236 | AQ33: =AP33/AO33-1 -> -0.6941 | AR33: =AP33/AN33-1 -> -0.4870677 | AS33: ='2024년 실적'!AU33 -> 25298 | AT33: =ROUND($H$33/12,0) -> 40000 | AU33: 52017 | AV33: =AU33/AT33-1 -> 0.300425 | AW33: =AU33/AS33-1 -> 1.0561704 | AX33: ='2024년 실적'!AZ33 -> 19069 | AY33: =ROUND($H$33/12,0) -> 40000 | AZ33: 25071 | BA33: =AZ33/AY33-1 -> -0.373225 | BB33: =AZ33/AX33-1 -> 0.31475169 | BC33: ='2024년 실적'!BE33 -> 20740 | BD33: =ROUND($H$33/12,0) -> 40000 | BE33: 19856 | BF33: =BE33/BD33-1 -> -0.5036 | BG33: =BE33/BC33-1 -> -0.042622951 | BH33: ='2024년 실적'!BJ33 -> 25651 | BI33: =ROUND($H$33/12,0) -> 40000 | BJ33: 25827 | BK33: =BJ33/BI33-1 -> -0.354325 | BL33: =BJ33/BH33-1 -> 0.0068613309 | BM33: ='2024년 실적'!BO33 -> 32713 | BN33: =ROUND($H$33/12,0) -> 40000 | BP33: =BO33/BN33-1 -> -1 | BQ33: =BO33/BM33-1 -> -1 | BR33: ='2024년 실적'!BT33 -> 22919 | BS33: =ROUND($H$33/12,0) -> 40000 | BU33: =BT33/BS33-1 -> -1 | BV33: =BT33/BR33-1 -> -1 | BW33: =L33/$BW$1*12 -> 328111.2 | BX33: =L33-J33 -> 22185 | BZ33: =L33/H33 -> 0.5696375
D34: 산업 창원 | F34: ='2024년 실적'!G34 -> 1439800 | G34: ='2024년 실적'!L34 -> 1551933 | H34: 1604000 | I34: =H34/G34-1 -> 0.033549773 | J34: =O34+T34+Y34+AD34+AI34+AN34+AS34+AX34+BC34+BH34 -> 1261637 | K34: =P34+U34+Z34+AE34+AJ34+AO34+AT34+AY34+BD34+BI34 -> 1336670 | L34: =Q34+V34+AA34+AF34+AK34+AP34+AU34+AZ34+BE34+BJ34 -> 1236231 | M34: =L34/K34-1 -> -0.075141209 | N34: =L34/J34-1 -> -0.02013733 | O34: ='2024년 실적'!Q34 -> 143404 | P34: =ROUND($H$34/12,0) -> 133667 | Q34: 107443 | R34: =Q34/P34-1 -> -0.19618904 | S34: =Q34/O34-1 -> -0.25076706 | T34: ='2024년 실적'!V34 -> 124979 | U34: =ROUND($H$34/12,0) -> 133667 | V34: 142667 | W34: =V34/U34-1 -> 0.067331503 | X34: =V34/T34-1 -> 0.14152778 | Y34: ='2024년 실적'!AA34 -> 107491 | Z34: =ROUND($H$34/12,0) -> 133667 | AA34: 118782 | AB34: =AA34/Z34-1 -> -0.11135882 | AC34: =AA34/Y34-1 -> 0.10504135 | AD34: ='2024년 실적'!AF34 -> 114851 | AE34: =ROUND($H$34/12,0) -> 133667 | AF34: 132834 | AG34: =AF34/AE34-1 -> -0.0062319047 | AH34: =AF34/AD34-1 -> 0.15657678 | AI34: ='2024년 실적'!AK34 -> 129609 | AJ34: =ROUND($H$34/12,0) -> 133667 | AK34: 128149 | AL34: =AK34/AJ34-1 -> -0.041281693 | AM34: =AK34/AI34-1 -> -0.01126465 | AN34: ='2024년 실적'!AP34 -> 112106 | AO34: =ROUND($H$34/12,0) -> 133667 | AP34: 119388 | AQ34: =AP34/AO34-1 -> -0.10682517 | AR34: =AP34/AN34-1 -> 0.064956381 | AS34: ='2024년 실적'!AU34 -> 120390 | AT34: =ROUND($H$34/12,0) -> 133667 | AU34: 118988 | AV34: =AU34/AT34-1 -> -0.10981768 | AW34: =AU34/AS34-1 -> -0.011645486 | AX34: ='2024년 실적'!AZ34 -> 124847 | AY34: =ROUND($H$34/12,0) -> 133667 | AZ34: 126634 | BA34: =AZ34/AY34-1 -> -0.052615829 | BB34: =AZ34/AX34-1 -> 0.01431352 | BC34: ='2024년 실적'!BE34 -> 127983 | BD34: =ROUND($H$34/12,0) -> 133667 | BE34: 147854 | BF34: =BE34/BD34-1 -> 0.10613689 | BG34: =BE34/BC34-1 -> 0.15526281 | BH34: ='2024년 실적'!BJ34 -> 155977 | BI34: =ROUND($H$34/12,0) -> 133667 | BJ34: 93492 | BK34: =BJ34/BI34-1 -> -0.30056035 | BL34: =BJ34/BH34-1 -> -0.40060394 | BM34: ='2024년 실적'!BO34 -> 164629 | BN34: =ROUND($H$34/12,0) -> 133667 | BP34: =BO34/BN34-1 -> -1 | BQ34: =BO34/BM34-1 -> -1 | BR34: ='2024년 실적'!BT34 -> 125667 | BS34: =ROUND($H$34/12,0) -> 133667 | BU34: =BT34/BS34-1 -> -1 | BV34: =BT34/BR34-1 -> -1 | BW34: =L34/$BW$1*12 -> 1483477.2 | BX34: =L34-J34 -> -25406 | BZ34: =L34/H34 -> 0.77071758
D35: 산업 부산 | F35: ='2024년 실적'!G35 -> 638927 | G35: ='2024년 실적'!L35 -> 536831 | H35: 581000 | I35: =H35/G35-1 -> 0.08227729 | J35: =O35+T35+Y35+AD35+AI35+AN35+AS35+AX35+BC35+BH35 -> 401634 | K35: =P35+U35+Z35+AE35+AJ35+AO35+AT35+AY35+BD35+BI35 -> 484170 | L35: =Q35+V35+AA35+AF35+AK35+AP35+AU35+AZ35+BE35+BJ35 -> 532967 | M35: =L35/K35-1 -> 0.10078485 | N35: =L35/J35-1 -> 0.32699672 | O35: ='2024년 실적'!Q35 -> 26813 | P35: =ROUND($H$35/12,0) -> 48417 | Q35: 47812 | R35: =Q35/P35-1 -> -0.012495611 | S35: =Q35/O35-1 -> 0.78316488 | T35: ='2024년 실적'!V35 -> 35038 | U35: =ROUND($H$35/12,0) -> 48417 | V35: 62831 | W35: =V35/U35-1 -> 0.29770535 | X35: =V35/T35-1 -> 0.7932245 | Y35: ='2024년 실적'!AA35 -> 37846 | Z35: =ROUND($H$35/12,0) -> 48417 | AA35: 52452 | AB35: =AA35/Z35-1 -> 0.083338497 | AC35: =AA35/Y35-1 -> 0.38593246 | AD35: ='2024년 실적'!AF35 -> 38655 | AE35: =ROUND($H$35/12,0) -> 48417 | AF35: 68144 | AG35: =AF35/AE35-1 -> 0.40743954 | AH35: =AF35/AD35-1 -> 0.76287673 | AI35: ='2024년 실적'!AK35 -> 41586 | AJ35: =ROUND($H$35/12,0) -> 48417 | AK35: 73570 | AL35: =AK35/AJ35-1 -> 0.51950761 | AM35: =AK35/AI35-1 -> 0.76910499 | AN35: ='2024년 실적'!AP35 -> 38775 | AO35: =ROUND($H$35/12,0) -> 48417 | AP35: 74985 | AQ35: =AP35/AO35-1 -> 0.54873288 | AR35: =AP35/AN35-1 -> 0.93384913 | AS35: ='2024년 실적'!AU35 -> 50177 | AT35: =ROUND($H$35/12,0) -> 48417 | AU35: 36416 | AV35: =AU35/AT35-1 -> -0.24786748 | AW35: =AU35/AS35-1 -> -0.27424916 | AX35: ='2024년 실적'!AZ35 -> 58963 | AY35: =ROUND($H$35/12,0) -> 48417 | AZ35: 37025 | BA35: =AZ35/AY35-1 -> -0.23528926 | BB35: =AZ35/AX35-1 -> -0.37206384 | BC35: ='2024년 실적'!BE35 -> 39991 | BD35: =ROUND($H$35/12,0) -> 48417 | BE35: 50464 | BF35: =BE35/BD35-1 -> 0.042278539 | BG35: =BE35/BC35-1 -> 0.26188392 | BH35: ='2024년 실적'!BJ35 -> 33790 | BI35: =ROUND($H$35/12,0) -> 48417 | BJ35: 29268 | BK35: =BJ35/BI35-1 -> -0.39550158 | BL35: =BJ35/BH35-1 -> -0.13382658 | BM35: ='2024년 실적'!BO35 -> 74100 | BN35: =ROUND($H$35/12,0) -> 48417 | BP35: =BO35/BN35-1 -> -1 | BQ35: =BO35/BM35-1 -> -1 | BR35: ='2024년 실적'!BT35 -> 61097 | BS35: =ROUND($H$35/12,0) -> 48417 | BU35: =BT35/BS35-1 -> -1 | BV35: =BT35/BR35-1 -> -1 | BW35: =L35/$BW$1*12 -> 639560.4 | BX35: =L35-J35 -> 131333 | BZ35: =L35/H35 -> 0.91732702
D36: 기타(B2C) | F36: ='2024년 실적'!G36 -> 51738 | G36: ='2024년 실적'!L36 -> 73018 | H36: 50000 | I36: =H36/G36-1 -> -0.31523734 | J36: =O36+T36+Y36+AD36+AI36+AN36+AS36+AX36+BC36+BH36 -> 57880 | K36: =P36+U36+Z36+AE36+AJ36+AO36+AT36+AY36+BD36+BI36 -> 41670 | L36: =Q36+V36+AA36+AF36+AK36+AP36+AU36+AZ36+BE36+BJ36 -> 72452 | M36: =L36/K36-1 -> 0.7387089 | N36: =L36/J36-1 -> 0.25176227 | O36: ='2024년 실적'!Q36 -> 4584 | P36: =ROUND($H$36/12,0) -> 4167 | Q36: 2522 | R36: =Q36/P36-1 -> -0.39476842 | S36: =Q36/O36-1 -> -0.44982548 | T36: ='2024년 실적'!V36 -> 6076 | U36: =ROUND($H$36/12,0) -> 4167 | V36: 4247 | W36: =V36/U36-1 -> 0.019198464 | X36: =V36/T36-1 -> -0.30102041 | Y36: ='2024년 실적'!AA36 -> 3666 | Z36: =ROUND($H$36/12,0) -> 4167 | AA36: 9034 | AB36: =AA36/Z36-1 -> 1.1679866 | AC36: =AA36/Y36-1 -> 1.4642662 | AD36: ='2024년 실적'!AF36 -> 2808 | AE36: =ROUND($H$36/12,0) -> 4167 | AF36: 5718 | AG36: =AF36/AE36-1 -> 0.37221022 | AH36: =AF36/AD36-1 -> 1.0363248 | AI36: ='2024년 실적'!AK36 -> 7864 | AJ36: =ROUND($H$36/12,0) -> 4167 | AK36: 3157 | AL36: =AK36/AJ36-1 -> -0.24238061 | AM36: =AK36/AI36-1 -> -0.59855036 | AN36: ='2024년 실적'!AP36 -> 3467 | AO36: =ROUND($H$36/12,0) -> 4167 | AP36: 10133 | AQ36: =AP36/AO36-1 -> 1.4317255 | AR36: =AP36/AN36-1 -> 1.9226997 | AS36: ='2024년 실적'!AU36 -> 10549 | AT36: =ROUND($H$36/12,0) -> 4167 | AU36: 7544 | AV36: =AU36/AT36-1 -> 0.81041517 | AW36: =AU36/AS36-1 -> -0.28486112 | AX36: ='2024년 실적'!AZ36 -> 4656 | AY36: =ROUND($H$36/12,0) -> 4167 | AZ36: 11026 | BA36: =AZ36/AY36-1 -> 1.6460283 | BB36: =AZ36/AX36-1 -> 1.3681271 | BC36: ='2024년 실적'!BE36 -> 8799 | BD36: =ROUND($H$36/12,0) -> 4167 | BE36: 10941 | BF36: =BE36/BD36-1 -> 1.6256299 | BG36: =BE36/BC36-1 -> 0.24343675 | BH36: ='2024년 실적'!BJ36 -> 5411 | BI36: =ROUND($H$36/12,0) -> 4167 | BJ36: 8130 | BK36: =BJ36/BI36-1 -> 0.95104392 | BL36: =BJ36/BH36-1 -> 0.50249492 | BM36: ='2024년 실적'!BO36 -> 10010 | BN36: =ROUND($H$36/12,0) -> 4167 | BP36: =BO36/BN36-1 -> -1 | BQ36: =BO36/BM36-1 -> -1 | BR36: ='2024년 실적'!BT36 -> 5128 | BS36: =ROUND($H$36/12,0) -> 4167 | BU36: =BT36/BS36-1 -> -1 | BV36: =BT36/BR36-1 -> -1 | BW36: =L36/$BW$1*12 -> 86942.4 | BX36: =L36-J36 -> 14572 | BZ36: =L36/H36 -> 1.44904
C37: B2B 합계 | F37: ='2024년 실적'!G37 -> 6632338 | G37: ='2024년 실적'!L37 -> 6337507 | H37: =H29+H26 -> 7125000 | I37: =H37/G37-1 -> 0.12425911 | J37: =J29+J26 -> 5059147 | K37: =K29+K26 -> 5824180 | L37: =L29+L26 -> 5218284 | M37: =L37/K37-1 -> -0.10403113 | N37: =L37/J37-1 -> 0.031455303 | O37: =O29+O26 -> 476308 | P37: =P29+P26 -> 580418 | Q37: =Q29+Q26 -> 438431 | R37: =Q37/P37-1 -> -0.24462887 | S37: =Q37/O37-1 -> -0.079522074 | T37: =T29+T26 -> 463573 | U37: =U29+U26 -> 590418 | V37: =V29+V26 -> 543959 | W37: =V37/U37-1 -> -0.078688319 | X37: =V37/T37-1 -> 0.17340527 | Y37: =Y29+Y26 -> 547542 | Z37: =Z29+Z26 -> 600418 | AA37: =AA29+AA26 -> 486393 | AB37: =AA37/Z37-1 -> -0.18990936 | AC37: =AA37/Y37-1 -> -0.1116791 | AD37: =AD29+AD26 -> 526860 | AE37: =AE29+AE26 -> 590418 | AF37: =AF29+AF26 -> 590272 | AG37: =AF37/AE37-1 -> -0.00024728243 | AH37: =AF37/AD37-1 -> 0.12035835 | AI37: =AI29+AI26 -> 571210 | AJ37: =AJ29+AJ26 -> 590418 | AK37: =AK29+AK26 -> 555823 | AL37: =AK37/AJ37-1 -> -0.058594081 | AM37: =AK37/AI37-1 -> -0.026937554 | AN37: =AN29+AN26 -> 469334 | AO37: =AO29+AO26 -> 590418 | AP37: =AP29+AP26 -> 583772 | AQ37: =AP37/AO37-1 -> -0.011256432 | AR37: =AP37/AN37-1 -> 0.24383062 | AS37: =AS29+AS26 -> 567647 | AT37: =AT29+AT26 -> 590418 | AU37: =AU29+AU26 -> 505219 | AV37: =AU37/AT37-1 -> -0.14430285 | AW37: =AU37/AS37-1 -> -0.1099768 | AX37: =AX29+AX26 -> 506241 | AY37: =AY29+AY26 -> 590418 | AZ37: =AZ29+AZ26 -> 543904 | BA37: =AZ37/AY37-1 -> -0.078781473 | BB37: =AZ37/AX37-1 -> 0.074397372 | BC37: =BC29+BC26 -> 441214 | BD37: =BD29+BD26 -> 590418 | BE37: =BE29+BE26 -> 592468 | BF37: =BE37/BD37-1 -> 0.0034721164 | BG37: =BE37/BC37-1 -> 0.34281324 | BH37: =BH29+BH26 -> 575392 | BI37: =BI29+BI26 -> 605418 | BJ37: =BJ29+BJ26 -> 475471 | BK37: =BJ37/BI37-1 -> -0.21464013 | BL37: =BJ37/BH37-1 -> -0.17365726 | BM37: =BM29+BM26 -> 589378 | BN37: =BN29+BN26 -> 605418 | BO37: =BO29+BO26 -> 0 | BP37: =BO37/BN37-1 -> -1 | BQ37: =BO37/BM37-1 -> -1 | BR37: =BR29+BR26 -> 602808 | BS37: =BS29+BS26 -> 600418 | BT37: =BT29+BT26 -> 0 | BU37: =BT37/BS37-1 -> -1 | BV37: =BT37/BR37-1 -> -1 | BX37: =L37-J37 -> 159137
B38: AVI 등 | C38: 판매량 | F38: ='2024년 실적'!G38 -> 75342 | G38: ='2024년 실적'!L38 -> 92962 | H38: 84000 | I38: =H38/G38-1 -> -0.096404983 | J38: =O38+T38+Y38+AD38+AI38+AN38+AS38+AX38+BC38+BH38 -> 80249 | K38: =P38+U38+Z38+AE38+AJ38+AO38+AT38+AY38+BD38+BI38 -> 70000 | L38: =Q38+V38+AA38+AF38+AK38+AP38+AU38+AZ38+BE38+BJ38 -> 85902 | M38: =L38/K38-1 -> 0.22717143 | N38: =L38/J38-1 -> 0.070443245 | O38: ='2024년 실적'!Q38 -> 6906 | P38: 7000 | Q38: 13207 | R38: =Q38/P38-1 -> 0.88671429 | S38: =Q38/O38-1 -> 0.91239502 | T38: ='2024년 실적'!V38 -> 6821 | U38: 7000 | V38: 7003 | W38: =V38/U38-1 -> 0.00042857143 | X38: =V38/T38-1 -> 0.026682305 | Y38: ='2024년 실적'!AA38 -> 5904 | Z38: 7000 | AA38: 6956 | AB38: =AA38/Z38-1 -> -0.0062857143 | AC38: =AA38/Y38-1 -> 0.17818428 | AD38: ='2024년 실적'!AF38 -> 10023 | AE38: 7000 | AF38: 4063 | AG38: =AF38/AE38-1 -> -0.41957143 | AH38: =AF38/AD38-1 -> -0.59463235 | AI38: ='2024년 실적'!AK38 -> 9644 | AJ38: 7000 | AK38: 9605 | AL38: =AK38/AJ38-1 -> 0.37214286 | AM38: =AK38/AI38-1 -> -0.0040439652 | AN38: ='2024년 실적'!AP38 -> 6815 | AO38: 7000 | AP38: 6900 | AQ38: =AP38/AO38-1 -> -0.014285714 | AR38: =AP38/AN38-1 -> 0.012472487 | AS38: ='2024년 실적'!AU38 -> 5618 | AT38: 7000 | AU38: 6453 | AV38: =AU38/AT38-1 -> -0.078142857 | AW38: =AU38/AS38-1 -> 0.14862941 | AX38: ='2024년 실적'!AZ38 -> 6755 | AY38: 7000 | AZ38: 7671 | BA38: =AZ38/AY38-1 -> 0.095857143 | BB38: =AZ38/AX38-1 -> 0.13560326 | BC38: ='2024년 실적'!BE38 -> 12109 | BD38: 7000 | BE38: 17622 | BF38: =BE38/BD38-1 -> 1.5174286 | BG38: =BE38/BC38-1 -> 0.4552812 | BH38: ='2024년 실적'!BJ38 -> 9654 | BI38: 7000 | BJ38: 6422 | BK38: =BJ38/BI38-1 -> -0.082571429 | BL38: =BJ38/BH38-1 -> -0.33478351 | BM38: ='2024년 실적'!BO38 -> 6197 | BN38: 7000 | BP38: =BO38/BN38-1 -> -1 | BQ38: =BO38/BM38-1 -> -1 | BR38: ='2024년 실적'!BT38 -> 6516 | BS38: 7000 | BU38: =BT38/BS38-1 -> -1 | BV38: =BT38/BR38-1 -> -1 | BX38: =L38-J38 -> 5653
C39: sell-in | F39: ='2024년 실적'!G39 -> 77688 | G39: ='2024년 실적'!L39 -> 92713 | H39: =H38 -> 84000 | I39: =H39/G39-1 -> -0.093978191 | J39: =O39+T39+Y39+AD39+AI39+AN39+AS39+AX39+BC39+BH39 -> 80574 | K39: =P39+U39+Z39+AE39+AJ39+AO39+AT39+AY39+BD39+BI39 -> 70000 | L39: =Q39+V39+AA39+AF39+AK39+AP39+AU39+AZ39+BE39+BJ39 -> 92869 | M39: =L39/K39-1 -> 0.3267 | N39: =L39/J39-1 -> 0.15259265 | O39: ='2024년 실적'!Q39 -> 6978 | P39: =P38 -> 7000 | Q39: 13039 | R39: =Q39/P39-1 -> 0.86271429 | S39: =Q39/O39-1 -> 0.86858699 | T39: ='2024년 실적'!V39 -> 5680 | U39: =U38 -> 7000 | V39: 6819 | W39: =V39/U39-1 -> -0.025857143 | X39: =V39/T39-1 -> 0.20052817 | Y39: ='2024년 실적'!AA39 -> 4948 | Z39: =Z38 -> 7000 | AA39: 7492 | AB39: =AA39/Z39-1 -> 0.070285714 | AC39: =AA39/Y39-1 -> 0.51414713 | AD39: ='2024년 실적'!AF39 -> 10425 | AE39: =AE38 -> 7000 | AF39: 5239 | AG39: =AF39/AE39-1 -> -0.25157143 | AH39: =AF39/AD39-1 -> -0.49745803 | AI39: ='2024년 실적'!AK39 -> 9916 | AJ39: =AJ38 -> 7000 | AK39: 8777 | AL39: =AK39/AJ39-1 -> 0.25385714 | AM39: =AK39/AI39-1 -> -0.11486486 | AN39: ='2024년 실적'!AP39 -> 8955 | AO39: =AO38 -> 7000 | AP39: 6951 | AQ39: =AP39/AO39-1 -> -0.007 | AR39: =AP39/AN39-1 -> -0.22378559 | AS39: ='2024년 실적'!AU39 -> 5834 | AT39: =AT38 -> 7000 | AU39: 7466 | AV39: =AU39/AT39-1 -> 0.066571429 | AW39: =AU39/AS39-1 -> 0.27973946 | AX39: ='2024년 실적'!AZ39 -> 12401 | AY39: =AY38 -> 7000 | AZ39: 8693 | BA39: =AZ39/AY39-1 -> 0.24185714 | BB39: =AZ39/AX39-1 -> -0.29900814 | BC39: ='2024년 실적'!BE39 -> 5706 | BD39: =BD38 -> 7000 | BE39: 23320 | BF39: =BE39/BD39-1 -> 2.3314286 | BG39: =BE39/BC39-1 -> 3.086926 | BH39: ='2024년 실적'!BJ39 -> 9731 | BI39: =BI38 -> 7000 | BJ39: 5073 | BK39: =BJ39/BI39-1 -> -0.27528571 | BL39: =BJ39/BH39-1 -> -0.4786764 | BM39: ='2024년 실적'!BO39 -> 5759 | BN39: =BN38 -> 7000 | BP39: =BO39/BN39-1 -> -1 | BQ39: =BO39/BM39-1 -> -1 | BR39: ='2024년 실적'!BT39 -> 6380 | BS39: =BS38 -> 7000 | BU39: =BT39/BS39-1 -> -1 | BV39: =BT39/BR39-1 -> -1 | BX39: =L39-J39 -> 12295
C40: 재고 | F40: ='2024년 실적'!G40 -> 3913 | G40: ='2024년 실적'!L40 -> 3665 | H40: =ROUND(H39/24,0) -> 3500 | I40: =H40/G40-1 -> -0.045020464 | J40: =BH40 -> 4239 | K40: =BI40 -> 3500 | L40: =BJ40 -> 10782 | M40: =L40/K40-1 -> 2.0805714 | N40: =L40/J40-1 -> 1.5435244 | O40: ='2024년 실적'!Q40 -> 3985 | P40: =ROUND(P39/2,) -> 3500 | Q40: 3497 | R40: =Q40/P40-1 -> -0.00085714286 | S40: =Q40/O40-1 -> -0.12245922 | T40: ='2024년 실적'!V40 -> 2844 | U40: =U39/2 -> 3500 | V40: 3329 | W40: =V40/U40-1 -> -0.048857143 | X40: =V40/T40-1 -> 0.17053446 | Y40: ='2024년 실적'!AA40 -> 1888 | Z40: =Z39/2 -> 3500 | AA40: 3865 | AB40: =AA40/Z40-1 -> 0.10428571 | AC40: =AA40/Y40-1 -> 1.0471398 | AD40: ='2024년 실적'!AF40 -> 2290 | AE40: =AE38/2 -> 3500 | AF40: 5041 | AG40: =AF40/AE40-1 -> 0.44028571 | AH40: =AF40/AD40-1 -> 1.20131 | AI40: ='2024년 실적'!AK40 -> 2562 | AJ40: 3500 | AK40: 4213 | AL40: =AK40/AJ40-1 -> 0.20371429 | AM40: =AK40/AI40-1 -> 0.64441842 | AN40: ='2024년 실적'!AP40 -> 4702 | AO40: 4000 | AP40: 4245 | AQ40: =AP40/AO40-1 -> 0.06125 | AR40: =AP40/AN40-1 -> -0.097192684 | AS40: ='2024년 실적'!AU40 -> 4918 | AT40: =AT38/2 -> 3500 | AU40: 5277 | AV40: =AU40/AT40-1 -> 0.50771429 | AW40: =AU40/AS40-1 -> 0.072997153 | AX40: ='2024년 실적'!AZ40 -> 6164 | AY40: =AY38/2 -> 3500 | AZ40: 6451 | BA40: =AZ40/AY40-1 -> 0.84314286 | BB40: =AZ40/AX40-1 -> 0.046560675 | BC40: ='2024년 실적'!BE40 -> 4161 | BD40: =BD38/2 -> 3500 | BE40: 12130 | BF40: =BE40/BD40-1 -> 2.4657143 | BG40: =BE40/BC40-1 -> 1.9151646 | BH40: ='2024년 실적'!BJ40 -> 4239 | BI40: =BI39/2 -> 3500 | BJ40: 10782 | BK40: =BJ40/BI40-1 -> 2.0805714 | BL40: =BJ40/BH40-1 -> 1.5435244 | BM40: ='2024년 실적'!BO40 -> 3801 | BN40: =BN39/2 -> 3500 | BP40: =BO40/BN40-1 -> -1 | BQ40: =BO40/BM40-1 -> -1 | BR40: ='2024년 실적'!BT40 -> 3665 | BS40: =BS39/2 -> 3500 | BU40: =BT40/BS40-1 -> -1 | BV40: =BT40/BR40-1 -> -1 | BX40: =L40-J40 -> 6543
B41: MB | C41: 판매량 | F41: ='2024년 실적'!G41 -> 3088164 | G41: ='2024년 실적'!L41 -> 3044212 | H41: 3160000 | I41: =H41/G41-1 -> 0.038035459 | J41: =O41+T41+Y41+AD41+AI41+AN41+AS41+AX41+BC41+BH41 -> 2538808 | K41: =P41+U41+Z41+AE41+AJ41+AO41+AT41+AY41+BD41+BI41 -> 2559600 | L41: =Q41+V41+AA41+AF41+AK41+AP41+AU41+AZ41+BE41+BJ41 -> 2462232 | M41: =L41/K41-1 -> -0.038040319 | N41: =L41/J41-1 -> -0.030162186 | O41: ='2024년 실적'!Q41 -> 225540 | P41: 221200 | Q41: 281092 | R41: =Q41/P41-1 -> 0.27075949 | S41: =Q41/O41-1 -> 0.24630664 | T41: ='2024년 실적'!V41 -> 252504 | U41: 284400 | V41: 215488 | W41: =V41/U41-1 -> -0.24230661 | X41: =V41/T41-1 -> -0.1465957 | Y41: ='2024년 실적'!AA41 -> 234804 | Z41: 252800 | AA41: 229092 | AB41: =AA41/Z41-1 -> -0.093781646 | AC41: =AA41/Y41-1 -> -0.024326672 | AD41: ='2024년 실적'!AF41 -> 311832 | AE41: 252800 | AF41: 322612 | AG41: =AF41/AE41-1 -> 0.27615506 | AH41: =AF41/AD41-1 -> 0.034569897 | AI41: ='2024년 실적'!AK41 -> 227596 | AJ41: 284400 | AK41: 212816 | AL41: =AK41/AJ41-1 -> -0.25170183 | AM41: =AK41/AI41-1 -> -0.06493963 | AN41: ='2024년 실적'!AP41 -> 246524 | AO41: 252800 | AP41: 225800 | AQ41: =AP41/AO41-1 -> -0.1068038 | AR41: =AP41/AN41-1 -> -0.084064838 | AS41: ='2024년 실적'!AU41 -> 327500 | AT41: 252800 | AU41: 305128 | AV41: =AU41/AT41-1 -> 0.20699367 | AW41: =AU41/AS41-1 -> -0.06831145 | AX41: ='2024년 실적'!AZ41 -> 246312 | AY41: 284400 | AZ41: 213836 | BA41: =AZ41/AY41-1 -> -0.24811533 | BB41: =AZ41/AX41-1 -> -0.13184904 | BC41: ='2024년 실적'!BE41 -> 183544 | BD41: 221200 | BE41: 288652 | BF41: =BE41/BD41-1 -> 0.30493671 | BG41: =BE41/BC41-1 -> 0.57265833 | BH41: ='2024년 실적'!BJ41 -> 282652 | BI41: 252800 | BJ41: 167716 | BK41: =BJ41/BI41-1 -> -0.33656646 | BL41: =BJ41/BH41-1 -> -0.40663431 | BM41: ='2024년 실적'!BO41 -> 247308 | BN41: 316000 | BP41: =BO41/BN41-1 -> -1 | BQ41: =BO41/BM41-1 -> -1 | BR41: ='2024년 실적'!BT41 -> 258096 | BS41: 284400 | BU41: =BT41/BS41-1 -> -1 | BV41: =BT41/BR41-1 -> -1 | BX41: =L41-J41 -> -76576
C42: sell-in | F42: ='2024년 실적'!G42 -> 3030956 | G42: ='2024년 실적'!L42 -> 3144752 | H42: =H41 -> 3160000 | I42: =H42/G42-1 -> 0.004848713 | J42: =O42+T42+Y42+AD42+AI42+AN42+AS42+AX42+BC42+BH42 -> 2651432 | K42: =P42+U42+Z42+AE42+AJ42+AO42+AT42+AY42+BD42+BI42 -> 2559600 | L42: =Q42+V42+AA42+AF42+AK42+AP42+AU42+AZ42+BE42+BJ42 -> 2442272 | M42: =L42/K42-1 -> -0.045838412 | N42: =L42/J42-1 -> -0.078885674 | O42: ='2024년 실적'!Q42 -> 308652 | P42: =P41 -> 221200 | Q42: 217924 | R42: =Q42/P42-1 -> -0.014810127 | S42: =Q42/O42-1 -> -0.29394917 | T42: ='2024년 실적'!V42 -> 251088 | U42: =U41 -> 284400 | V42: 329228 | W42: =V42/U42-1 -> 0.15762307 | X42: =V42/T42-1 -> 0.31120563 | Y42: ='2024년 실적'!AA42 -> 206792 | Z42: =Z41 -> 252800 | AA42: 159020 | AB42: =AA42/Z42-1 -> -0.37096519 | AC42: =AA42/Y42-1 -> -0.23101474 | AD42: ='2024년 실적'!AF42 -> 305820 | AE42: =AE41 -> 252800 | AF42: 290116 | AG42: =AF42/AE42-1 -> 0.14761076 | AH42: =AF42/AD42-1 -> -0.051350468 | AI42: ='2024년 실적'!AK42 -> 268064 | AJ42: =AJ41 -> 284400 | AK42: 280612 | AL42: =AK42/AJ42-1 -> -0.013319269 | AM42: =AK42/AI42-1 -> 0.046809717 | AN42: ='2024년 실적'!AP42 -> 264536 | AO42: =AO41 -> 252800 | AP42: 296008 | AQ42: =AP42/AO42-1 -> 0.17091772 | AR42: =AP42/AN42-1 -> 0.11897057 | AS42: ='2024년 실적'!AU42 -> 396104 | AT42: =AT41 -> 252800 | AU42: 177440 | AV42: =AU42/AT42-1 -> -0.29810127 | AW42: =AU42/AS42-1 -> -0.55203684 | AX42: ='2024년 실적'!AZ42 -> 250992 | AY42: =AY41 -> 284400 | AZ42: 223840 | BA42: =AZ42/AY42-1 -> -0.21293952 | BB42: =AZ42/AX42-1 -> -0.10817875 | BC42: ='2024년 실적'!BE42 -> 211504 | BD42: =BD41 -> 221200 | BE42: 205024 | BF42: =BE42/BD42-1 -> -0.073128391 | BG42: =BE42/BC42-1 -> -0.030637718 | BH42: ='2024년 실적'!BJ42 -> 187880 | BI42: =BI41 -> 252800 | BJ42: 263060 | BK42: =BJ42/BI42-1 -> 0.040585443 | BL42: =BJ42/BH42-1 -> 0.40014903 | BM42: ='2024년 실적'!BO42 -> 252064 | BN42: =BN41 -> 316000 | BP42: =BO42/BN42-1 -> -1 | BQ42: =BO42/BM42-1 -> -1 | BR42: ='2024년 실적'!BT42 -> 241256 | BS42: =BS41 -> 284400 | BU42: =BT42/BS42-1 -> -1 | BV42: =BT42/BR42-1 -> -1 | BX42: =L42-J42 -> -209160
C43: 재고 | F43: ='2024년 실적'!G43 -> 69780 | G43: ='2024년 실적'!L43 -> 170096 | H43: =ROUND(H42/24,0) -> 131667 | I43: =H43/G43-1 -> -0.22592536 | J43: =BH43 -> 182352 | K43: =BI43 -> 126400 | L43: =BJ43 -> 163836 | M43: =L43/K43-1 -> 0.29617089 | N43: =L43/J43-1 -> -0.10153988 | O43: ='2024년 실적'!Q43 -> 152844 | P43: =ROUND(P42/2,) -> 110600 | Q43: 106928 | R43: =Q43/P43-1 -> -0.033200723 | S43: =Q43/O43-1 -> -0.30041088 | T43: ='2024년 실적'!V43 -> 151416 | U43: =U42/2 -> 142200 | V43: 234060 | W43: =V43/U43-1 -> 0.64599156 | X43: =V43/T43-1 -> 0.54580758 | Y43: ='2024년 실적'!AA43 -> 123512 | Z43: =Z42/2 -> 126400 | AA43: 163988 | AB43: =AA43/Z43-1 -> 0.29737342 | AC43: =AA43/Y43-1 -> 0.32770905 | AD43: ='2024년 실적'!AF43 -> 117500 | AE43: =AE41/2 -> 126400 | AF43: 131860 | AG43: =AF43/AE43-1 -> 0.043196203 | AH43: =AF43/AD43-1 -> 0.12221277 | AI43: ='2024년 실적'!AK43 -> 157968 | AJ43: =AJ41/2 -> 142200 | AK43: 199644 | AL43: =AK43/AJ43-1 -> 0.40396624 | AM43: =AK43/AI43-1 -> 0.26382558 | AN43: ='2024년 실적'!AP43 -> 175980 | AO43: =AO41/2 -> 126400 | AP43: 248892 | AQ43: =AP43/AO43-1 -> 0.96908228 | AR43: =AP43/AN43-1 -> 0.41431981 | AS43: ='2024년 실적'!AU43 -> 244572 | AT43: =AT41/2 -> 126400 | AU43: 142152 | AV43: =AU43/AT43-1 -> 0.12462025 | AW43: =AU43/AS43-1 -> -0.41877239 | AX43: ='2024년 실적'!AZ43 -> 249212 | AY43: =AY41/2 -> 142200 | AZ43: 152120 | BA43: =AZ43/AY43-1 -> 0.0697609 | BB43: =AZ43/AX43-1 -> -0.38959601 | BC43: ='2024년 실적'!BE43 -> 277172 | BD43: =BD41/2 -> 110600 | BE43: 68492 | BF43: =BE43/BD43-1 -> -0.38072333 | BG43: =BE43/BC43-1 -> -0.7528899 | BH43: ='2024년 실적'!BJ43 -> 182352 | BI43: =BI42/2 -> 126400 | BJ43: 163836 | BK43: =BJ43/BI43-1 -> 0.29617089 | BL43: =BJ43/BH43-1 -> -0.10153988 | BM43: ='2024년 실적'!BO43 -> 187156 | BN43: =BN42/2 -> 158000 | BP43: =BO43/BN43-1 -> -1 | BQ43: =BO43/BM43-1 -> -1 | BR43: ='2024년 실적'!BT43 -> 170096 | BS43: =BS42/2 -> 142200 | BU43: =BT43/BS43-1 -> -1 | BV43: =BT43/BR43-1 -> -1 | BX43: =L43-J43 -> -18516
B44: * 목표량은 월별 표시가 안되있는 경우 1/n으로 산정하였음
B45: * AVI 는 2021년 목표를 전년과 판매실적을 목표로 잡았음 | J45: =J22+J19+J14 -> 695968 | K45: =K22+K19+K14 -> 733500 | L45: =L22+L19+L14 -> 727341 | AF45: =AF26 -> 75280 | AK45: =AK26 -> 91644 | AP45: =AP26 -> 91998 | AZ45: =AZ26 -> 99818 | BE45: =BE26 -> 95732 | BJ45: =BJ26 -> 97428 | BO45: =BO26 -> 0 | BT45: =BT26 -> 0
E46: =J46/1000 -> 0 | AF46: 61769 | AK46: 61769 | AP46: 61769 | AZ46: 61769 | BE46: 61769 | BJ46: 61769 | BO46: 61769 | BT46: 61769
B47: 매입매출 총괄표
B48: 구분 | F48: =F2 -> 2023년 실적 | G48: =G2 -> 2024년 실적 | H48: =H2 -> 2025년(P) | I48: 증감율 | J48: =J2 -> 누적 | O48: =O2 -> 1월 | T48: =T2 -> 2월 | Y48: =Y2 -> 3월 | AD48: =AD2 -> 4월 | AI48: =AI2 -> 5월 | AN48: =AN2 -> 6월 | AS48: =AS2 -> 7월 | AX48: =AX2 -> 8월 | BC48: =BC2 -> 9월 | BH48: =BH2 -> 10월 | BM48: =BM2 -> 11월 | BR48: =BR2 -> 12월
J49: =J3 -> 2024년 | K49: =K3 -> 목표 | L49: =L3 -> 2025년 | M49: =M3 -> 달성율 | N49: =N3 -> 전년대비 | O49: =O3 -> 2024년 | P49: =P3 -> 목표 | Q49: =Q3 -> 2025년 | ... BV49: =BV3 -> 전년대비
B50: Sell-out | D50: 총합계 | F50: 13762120 | G50: 13762120 | H50: =SUM(H51:H54) -> 15069000 | I50: =H50/G50-1 -> 0.094962074 | J50: =SUM(J51:J54) -> 9869465 | K50: =SUM(K51:K54) -> 11067562 | L50: =SUM(L51:L54) -> 10438508 | M50: =L50/K50 -> 0.94316237 | N50: =L50/J50-1 -> 0.057656925 | O50: =SUM(O51:O54) -> 983441 | P50: =SUM(P51:P54) -> 1137618 | Q50: =SUM(Q51:Q54) -> 1024048 | R50: =Q50/P50 -> 0.9001686 | S50: =Q50/O50-1 -> 0.041290733 | T50: =SUM(T51:T54) -> 991140 | U50: =SUM(U51:U54) -> 1257818 | V50: =SUM(V51:V54) -> 1107742 | W50: =V50/U50 -> 0.88068544 | X50: =V50/T50-1 -> 0.11764433 | Y50: =SUM(Y51:Y54) -> 1181434 | Z50: =SUM(Z51:Z54) -> 1283218 | AA50: =SUM(AA51:AA54) -> 1069887 | AB50: =AA50/Z50 -> 0.83375311 | AC50: =AA50/Y50-1 -> -0.094416616 | AD50: =SUM(AD51:AD54) -> 1221373 | AE50: =SUM(AE51:AE54) -> 1226218 | AF50: =SUM(AF51:AF54) -> 1313552 | AG50: =AF50/AE50 -> 1.0712222 | AH50: =AF50/AD50-1 -> 0.075471621 | AI50: =SUM(AI51:AI54) -> 1126239 | AJ50: =SUM(AJ51:AJ54) -> 1257818 | AK50: =SUM(AK51:AK54) -> 1171785 | AL50: =AK50/AJ50 -> 0.93160139 | AM50: =AK50/AI50-1 -> 0.040440795 | AN50: =SUM(AN51:AN54) -> 1063807 | AO50: =SUM(AO51:AO54) -> 1226218 | AP50: =SUM(AP51:AP54) -> 1200094 | AQ50: =AP50/AO50 -> 0.97869547 | AR50: =AP50/AN50-1 -> 0.12811252 | AS50: =SUM(AS51:AS54) -> 1250558 | AT50: =SUM(AT51:AT54) -> 1226218 | AU50: =SUM(AU51:AU54) -> 1162584 | AV50: =AU50/AT50 -> 0.94810548 | AW50: =AU50/AS50-1 -> -0.070347797 | AX50: =SUM(AX51:AX54) -> 1093065 | AY50: =SUM(AY51:AY54) -> 1257818 | AZ50: =SUM(AZ51:AZ54) -> 1101057 | BA50: =AZ50/AY50 -> 0.87537068 | BB50: =AZ50/AX50-1 -> 0.0073115505 | BC50: =SUM(BC51:BC54) -> 958408 | BD50: =SUM(BD51:BD54) -> 1194618 | BE50: =SUM(BE51:BE54) -> 1287759 | BF50: =BE50/BD50 -> 1.0779672 | BG50: =BE50/BC50-1 -> 0.34364383 | BH50: =SUM(BH51:BH54) -> 1325227 | BI50: =SUM(BI51:BI54) -> 1311718 | BJ50: =SUM(BJ51:BJ54) -> 1033769 | BK50: =BJ50/BI50 -> 0.78810308 | BL50: =BJ50/BH50-1 -> -0.21993062 | BM50: =SUM(BM51:BM54) -> 1224286 | BN50: =SUM(BN51:BN54) -> 1374918 | BO50: =SUM(BO51:BO54) -> 0 | BP50: =BO50/BN50 -> 0 | BQ50: =BO50/BM50-1 -> -1 | BR50: =SUM(BR51:BR54) -> 1235490 | BS50: =SUM(BS51:BS54) -> 1314818 | BT50: =SUM(BT51:BT54) -> 0 | BU50: =BT50/BS50 -> 0 | BV50: =BT50/BR50-1 -> -1 | BX50: =L50-J50 -> 569043
D51: MB | F51: 3002564 | G51: 3002564 | H51: =H41 -> 3160000 | I51: =I41 -> 0.038035459 | J51: =O51+T51+Y51+AD51+AI51+AN51+AS51+AX51+BC51 -> 2256156 | K51: =P51+U51+Z51+AE51+AJ51+AO51+AT51+AY51+BD51 -> 2306800 | L51: =Q51+V51+AA51+AF51+AK51+AP51+AU51+AZ51+BE51 -> 2294516 | M51: =L51/K51-1 -> -0.0053251257 | N51: =L51/J51-1 -> 0.01700237 | O51: =O41 -> 225540 | P51: =P41 -> 221200 | Q51: =Q41 -> 281092 | R51: =Q51/P51 -> 1.2707595 | S51: =Q51/O51-1 -> 0.24630664 | T51: =T41 -> 252504 | U51: =U41 -> 284400 | V51: =V41 -> 215488 | W51: =V51/U51 -> 0.75769339 | X51: =V51/T51-1 -> -0.1465957 | Y51: =Y41 -> 234804 | Z51: =Z41 -> 252800 | AA51: =AA41 -> 229092 | AB51: =AA51/Z51 -> 0.90621835 | AC51: =AA51/Y51-1 -> -0.024326672 | AD51: =AD41 -> 311832 | AE51: =AE41 -> 252800 | AF51: =AF41 -> 322612 | AG51: =AF51/AE51 -> 1.2761551 | AH51: =AF51/AD51-1 -> 0.034569897 | AI51: =AI41 -> 227596 | AJ51: =AJ41 -> 284400 | AK51: =AK41 -> 212816 | AL51: =AK51/AJ51 -> 0.74829817 | AM51: =AK51/AI51-1 -> -0.06493963 | AN51: =AN41 -> 246524 | AO51: =AO41 -> 252800 | AP51: =AP41 -> 225800 | AQ51: =AP51/AO51 -> 0.8931962 | AR51: =AP51/AN51-1 -> -0.084064838 | AS51: =AS41 -> 327500 | AT51: =AT41 -> 252800 | AU51: =AU41 -> 305128 | AV51: =AU51/AT51 -> 1.2069937 | AW51: =AU51/AS51-1 -> -0.06831145 | AX51: =AX41 -> 246312 | AY51: =AY41 -> 284400 | AZ51: =AZ41 -> 213836 | BA51: =AZ51/AY51 -> 0.75188467 | BB51: =AZ51/AX51-1 -> -0.13184904 | BC51: =BC41 -> 183544 | BD51: =BD41 -> 221200 | BE51: =BE41 -> 288652 | BF51: =BE51/BD51 -> 1.3049367 | BG51: =BE51/BC51-1 -> 0.57265833 | BH51: =BH41 -> 282652 | BI51: =BI41 -> 252800 | BJ51: =BJ41 -> 167716 | BK51: =BJ51/BI51 -> 0.66343354 | BL51: =BJ51/BH51-1 -> -0.40663431 | BM51: =BM41 -> 247308 | BN51: =BN41 -> 316000 | BO51: =BO41 -> 0 | BP51: =BO51/BN51 -> 0 | BQ51: =BO51/BM51-1 -> -1 | BR51: =BR41 -> 258096 | BS51: =BS41 -> 284400 | BT51: =BT41 -> 0 | BU51: =BT51/BS51 -> 0 | BV51: =BT51/BR51-1 -> -1 | BX51: =L51-J51 -> 38360
D52: AVI 등 | F52: 55801 | G52: 55801 | H52: =H38 -> 84000 | I52: =I38 -> -0.096404983 | J52: =O52+T52+Y52+AD52+AI52+AN52+AS52+AX52+BC52 -> 70595 | K52: =P52+U52+Z52+AE52+AJ52+AO52+AT52+AY52+BD52 -> 63000 | L52: =Q52+V52+AA52+AF52+AK52+AP52+AU52+AZ52+BE52 -> 79480 | M52: =L52/K52-1 -> 0.2615873 | N52: =L52/J52-1 -> 0.12585877 | O52: =O38 -> 6906 | P52: =P38 -> 7000 | Q52: =Q38 -> 13207 | R52: =Q52/P52 -> 1.8867143 | S52: =Q52/O52-1 -> 0.91239502 | T52: =T38 -> 6821 | U52: =U38 -> 7000 | V52: =V38 -> 7003 | W52: =V52/U52 -> 1.0004286 | X52: =V52/T52-1 -> 0.026682305 | Y52: =Y38 -> 5904 | Z52: =Z38 -> 7000 | AA52: =AA38 -> 6956 | AB52: =AA52/Z52 -> 0.99371429 | AC52: =AA52/Y52-1 -> 0.17818428 | AD52: =AD38 -> 10023 | AE52: =AE38 -> 7000 | AF52: =AF38 -> 4063 | AG52: =AF52/AE52 -> 0.58042857 | AH52: =AF52/AD52-1 -> -0.59463235 | AI52: =AI38 -> 9644 | AJ52: =AJ38 -> 7000 | AK52: =AK38 -> 9605 | AL52: =AK52/AJ52 -> 1.3721429 | AM52: =AK52/AI52-1 -> -0.0040439652 | AN52: =AN38 -> 6815 | AO52: =AO38 -> 7000 | AP52: =AP38 -> 6900 | AQ52: =AP52/AO52 -> 0.98571429 | AR52: =AP52/AN52-1 -> 0.012472487 | AS52: =AS38 -> 5618 | AT52: =AT38 -> 7000 | AU52: =AU38 -> 6453 | AV52: =AU52/AT52 -> 0.92185714 | AW52: =AU52/AS52-1 -> 0.14862941 | AX52: =AX38 -> 6755 | AY52: =AY38 -> 7000 | AZ52: =AZ38 -> 7671 | BA52: =AZ52/AY52 -> 1.0958571 | BB52: =AZ52/AX52-1 -> 0.13560326 | BC52: =BC38 -> 12109 | BD52: =BD38 -> 7000 | BE52: =BE38 -> 17622 | BF52: =BE52/BD52 -> 2.5174286 | BG52: =BE52/BC52-1 -> 0.4552812 | BH52: =BH38 -> 9654 | BI52: =BI38 -> 7000 | BJ52: =BJ38 -> 6422 | BK52: =BJ52/BI52 -> 0.91742857 | BL52: =BJ52/BH52-1 -> -0.33478351 | BM52: =BM38 -> 6197 | BN52: =BN38 -> 7000 | BO52: =BO38 -> 0 | BP52: =BO52/BN52 -> 0 | BQ52: =BO52/BM52-1 -> -1 | BR52: =BR38 -> 6516 | BS52: =BS38 -> 7000 | BT52: =BT38 -> 0 | BU52: =BT52/BS52 -> 0 | BV52: =BT52/BR52-1 -> -1 | BX52: =L52-J52 -> 8885
D53: AUTO | F53: 4650407 | G53: 4650407 | H53: =H9 -> 5700000 | I53: =I9 -> 0.1212081 | J53: =O53+T53+Y53+AD53+AI53+AN53+AS53+AX53+BC53 -> 3632281 | K53: =P53+U53+Z53+AE53+AJ53+AO53+AT53+AY53+BD53 -> 4104000 | L53: =Q53+V53+AA53+AF53+AK53+AP53+AU53+AZ53+BE53 -> 3961906 | M53: =L53/K53-1 -> -0.034623294 | N53: =L53/J53-1 -> 0.090748761 | O53: =O9 -> 328580 | P53: =P9 -> 399000 | Q53: =Q9 -> 346892 | R53: =Q53/P53 -> 0.86940351 | S53: =Q53/O53-1 -> 0.05573072 | T53: =T9 -> 346389 | U53: =U9 -> 456000 | V53: =V9 -> 428944 | W53: =V53/U53 -> 0.94066667 | X53: =V53/T53-1 -> 0.23833032 | Y53: =Y9 -> 464840 | Z53: =Z9 -> 513000 | AA53: =AA9 -> 406769 | AB53: =AA53/Z53 -> 0.79292203 | AC53: =AA53/Y53-1 -> -0.12492686 | AD53: =AD9 -> 455471 | AE53: =AE9 -> 456000 | AF53: =AF9 -> 471885 | AG53: =AF53/AE53 -> 1.0348355 | AH53: =AF53/AD53-1 -> 0.036037421 | AI53: =AI9 -> 396406 | AJ53: =AJ9 -> 456000 | AK53: =AK9 -> 485185 | AL53: =AK53/AJ53 -> 1.0640022 | AM53: =AK53/AI53-1 -> 0.22395978 | AN53: =AN9 -> 408513 | AO53: =AO9 -> 456000 | AP53: =AP9 -> 475620 | AQ53: =AP53/AO53 -> 1.0430263 | AR53: =AP53/AN53-1 -> 0.16427139 | AS53: =AS9 -> 432986 | AT53: =AT9 -> 456000 | AU53: =AU9 -> 426398 | AV53: =AU53/AT53 -> 0.93508333 | AW53: =AU53/AS53-1 -> -0.015215273 | AX53: =AX9 -> 415086 | AY53: =AY9 -> 456000 | AZ53: =AZ9 -> 435464 | BA53: =AZ53/AY53 -> 0.95496491 | BB53: =AZ53/AX53-1 -> 0.049093441 | BC53: =BC9 -> 384010 | BD53: =BD9 -> 456000 | BE53: =BE9 -> 484749 | BF53: =BE53/BD53 -> 1.0630461 | BG53: =BE53/BC53-1 -> 0.26233431 | BH53: =BH9 -> 543703 | BI53: =BI9 -> 541500 | BJ53: =BJ9 -> 481588 | BK53: =BJ53/BI53 -> 0.88935919 | BL53: =BJ53/BH53-1 -> -0.11424436 | BM53: =BM9 -> 469271 | BN53: =BN9 -> 541500 | BO53: =BO9 -> 0 | BP53: =BO53/BN53 -> 0 | BQ53: =BO53/BM53-1 -> -1 | BR53: =BR9 -> 438547 | BS53: =BS9 -> 513000 | BT53: =BT9 -> 0 | BU53: =BT53/BS53 -> 0 | BV53: =BT53/BR53-1 -> -1 | BX53: =L53-J53 -> 329625
D54: IL | F54: 6053348.5 | G54: 6053348.5 | H54: =H29 -> 6125000 | I54: =I29 -> 0.12726769 | J54: =O54+T54+Y54+AD54+AI54+AN54+AS54+AX54+BC54 -> 3910433 | K54: =P54+U54+Z54+AE54+AJ54+AO54+AT54+AY54+BD54 -> 4593762 | L54: =Q54+V54+AA54+AF54+AK54+AP54+AU54+AZ54+BE54 -> 4102606 | M54: =L54/K54-1 -> -0.10691803 | N54: =L54/J54-1 -> 0.049143663 | O54: =O29 -> 422415 | P54: =P29 -> 510418 | Q54: =Q29 -> 382857 | R54: =Q54/P54 -> 0.75008522 | S54: =Q54/O54-1 -> -0.093647243 | T54: =T29 -> 385426 | U54: =U29 -> 510418 | V54: =V29 -> 456307 | W54: =V54/U54 -> 0.89398689 | X54: =V54/T54-1 -> 0.18390301 | Y54: =Y29 -> 475886 | Z54: =Z29 -> 510418 | AA54: =AA29 -> 427070 | AB54: =AA54/Z54 -> 0.83670639 | AC54: =AA54/Y54-1 -> -0.10257919 | AD54: =AD29 -> 444047 | AE54: =AE29 -> 510418 | AF54: =AF29 -> 514992 | AG54: =AF54/AE54 -> 1.0089613 | AH54: =AF54/AD54-1 -> 0.15976912 | AI54: =AI29 -> 492593 | AJ54: =AJ29 -> 510418 | AK54: =AK29 -> 464179 | AL54: =AK54/AJ54 -> 0.90940954 | AM54: =AK54/AI54-1 -> -0.057682509 | AN54: =AN29 -> 401955 | AO54: =AO29 -> 510418 | AP54: =AP29 -> 491774 | AQ54: =AP54/AO54 -> 0.96347308 | AR54: =AP54/AN54-1 -> 0.22345536 | AS54: =AS29 -> 484454 | AT54: =AT29 -> 510418 | AU54: =AU29 -> 424605 | AV54: =AU54/AT54 -> 0.83187701 | AW54: =AU54/AS54-1 -> -0.12353908 | AX54: =AX29 -> 424912 | AY54: =AY29 -> 510418 | AZ54: =AZ29 -> 444086 | BA54: =AZ54/AY54 -> 0.87004377 | BB54: =AZ54/AX54-1 -> 0.045124638 | BC54: =BC29 -> 378745 | BD54: =BD29 -> 510418 | BE54: =BE29 -> 496736 | BF54: =BE54/BD54 -> 0.97319452 | BG54: =BE54/BC54-1 -> 0.31153151 | BH54: =BH29 -> 489218 | BI54: =BI29 -> 510418 | BJ54: =BJ29 -> 378043 | BK54: =BJ54/BI54 -> 0.74065374 | BL54: =BJ54/BH54-1 -> -0.22725043 | BM54: =BM29 -> 501510 | BN54: =BN29 -> 510418 | BO54: =BO29 -> 0 | BP54: =BO54/BN54 -> 0 | BQ54: =BO54/BM54-1 -> -1 | BR54: =BR29 -> 532331 | BS54: =BS29 -> 510418 | BT54: =BT29 -> 0 | BU54: =BT54/BS54 -> 0 | BV54: =BT54/BR54-1 -> -1 | BX54: =L54-J54 -> 192173
B55: Sell-In | D55: 총합계 | F55: 13387033 | G55: 13387033 | H55: =SUM(H56:H59) -> 15069000 | I55: =H55/G55-1 -> 0.12564151 | J55: =SUM(J56:J59) -> 9965402 | K55: =SUM(K56:K59) -> 11054562 | L55: =SUM(L56:L59) -> 10455475 | M55: =L55/K55 -> 0.94580636 | N55: =L55/J55-1 -> 0.049177444 | O55: =SUM(O56:O59) -> 954163 | P55: =SUM(P56:P59) -> 1137618 | Q55: =SUM(Q56:Q59) -> 895899 | R55: =Q55/P55 -> 0.78752182 | S55: =Q55/O55-1 -> -0.061062942 | T55: =SUM(T56:T59) -> 976195 | U55: =SUM(U56:U59) -> 1257818 | V55: =SUM(V56:V59) -> 1286219 | W55: =V55/U55 -> 1.0225796 | X55: =V55/T55-1 -> 0.31758409 | Y55: =SUM(Y56:Y59) -> 1136359 | Z55: =SUM(Z56:Z59) -> 1283218 | AA55: =SUM(AA56:AA59) -> 1045971 | AB55: =AA55/Z55 -> 0.81511559 | AC55: =AA55/Y55-1 -> -0.079541765 | AD55: =SUM(AD56:AD59) -> 1254909 | AE55: =SUM(AE56:AE59) -> 1226218 | AF55: =SUM(AF56:AF59) -> 1290137 | AG55: =AF55/AE55 -> 1.0521269 | AH55: =AF55/AD55-1 -> 0.028072155 | AI55: =SUM(AI56:AI59) -> 1256636 | AJ55: =SUM(AJ56:AJ59) -> 1244818 | AK55: =SUM(AK56:AK59) -> 1194762 | AL55: =AK55/AJ55 -> 0.9597885 | AM55: =AK55/AI55-1 -> -0.049237806 | AN55: =SUM(AN56:AN59) -> 1107408 | AO55: =SUM(AO56:AO59) -> 1226218 | AP55: =SUM(AP56:AP59) -> 1322674 | AQ55: =AP55/AO55 -> 1.0786614 | AR55: =AP55/AN55-1 -> 0.19438725 | AS55: =SUM(AS56:AS59) -> 1227414 | AT55: =SUM(AT56:AT59) -> 1226218 | AU55: =SUM(AU56:AU59) -> 1070064 | AV55: =AU55/AT55 -> 0.87265397 | AW55: =AU55/AS55-1 -> -0.12819635 | AX55: =SUM(AX56:AX59) -> 1115030 | AY55: =SUM(AY56:AY59) -> 1257818 | AZ55: =SUM(AZ56:AZ59) -> 1060587 | BA55: =AZ55/AY55 -> 0.84319592 | BB55: =AZ55/AX55-1 -> -0.048826489 | BC55: =SUM(BC56:BC59) -> 937288 | BD55: =SUM(BD56:BD59) -> 1194618 | BE55: =SUM(BE56:BE59) -> 1289162 | BF55: =BE55/BD55 -> 1.0791416 | BG55: =BE55/BC55-1 -> 0.37541716 | BH55: =SUM(BH56:BH59) -> 1318541 | BI55: =SUM(BI56:BI59) -> 1311718 | BJ55: =SUM(BJ56:BJ59) -> 992153 | BK55: =BJ55/BI55 -> 0.75637675 | BL55: =BJ55/BH55-1 -> -0.24753724 | BM55: =SUM(BM56:BM59) -> 1203204 | BN55: =SUM(BN56:BN59) -> 1374918 | BO55: =SUM(BO56:BO59) -> 0 | BP55: =BO55/BN55 -> 0 | BQ55: =BO55/BM55-1 -> -1 | BR55: =SUM(BR56:BR59) -> 1182813 | BS55: =SUM(BS56:BS59) -> 1314818 | BT55: =SUM(BT56:BT59) -> 0 | BU55: =BT55/BS55 -> 0 | BV55: =BT55/BR55-1 -> -1 | BX55: =L55-J55 -> 490073
D56: MB | F56: 3008984 | G56: 3008984 | H56: =H51 -> 3160000 | I56: =I42 -> 0.004848713 | J56: =O56+T56+Y56+AD56+AI56+AN56+AS56+AX56+BC56 -> 2463552 | K56: =P56+U56+Z56+AE56+AJ56+AO56+AT56+AY56+BD56 -> 2306800 | L56: =Q56+V56+AA56+AF56+AK56+AP56+AU56+AZ56+BE56 -> 2179212 | M56: =L56/K56-1 -> -0.05530952 | N56: =L56/J56-1 -> -0.11541871 | O56: =O42 -> 308652 | P56: =P42 -> 221200 | Q56: =Q42 -> 217924 | R56: =R42 -> -0.014810127 | S56: =Q56/O56-1 -> -0.29394917 | T56: =T42 -> 251088 | U56: =U42 -> 284400 | V56: =V42 -> 329228 | W56: =W42 -> 0.15762307 | X56: =V56/T56-1 -> 0.31120563 | Y56: =Y42 -> 206792 | Z56: =Z42 -> 252800 | AA56: =AA42 -> 159020 | AB56: =AB42 -> -0.37096519 | AC56: =AA56/Y56-1 -> -0.23101474 | AD56: =AD42 -> 305820 | AE56: =AE42 -> 252800 | AF56: =AF42 -> 290116 | AG56: =AG42 -> 0.14761076 | AH56: =AF56/AD56-1 -> -0.051350468 | AI56: =AI42 -> 268064 | AJ56: =AJ42 -> 284400 | AK56: =AK42 -> 280612 | AL56: =AL42 -> -0.013319269 | AM56: =AK56/AI56-1 -> 0.046809717 | AN56: =AN42 -> 264536 | AO56: =AO42 -> 252800 | AP56: =AP42 -> 296008 | AQ56: =AQ42 -> 0.17091772 | AR56: =AP56/AN56-1 -> 0.11897057 | AS56: =AS42 -> 396104 | AT56: =AT42 -> 252800 | AU56: =AU42 -> 177440 | AV56: =AV42 -> -0.29810127 | AW56: =AU56/AS56-1 -> -0.55203684 | AX56: =AX42 -> 250992 | AY56: =AY42 -> 284400 | AZ56: =AZ42 -> 223840 | BA56: =BA42 -> -0.21293952 | BB56: =AZ56/AX56-1 -> -0.10817875 | BC56: =BC42 -> 211504 | BD56: =BD42 -> 221200 | BE56: =BE42 -> 205024 | BF56: =BF42 -> -0.073128391 | BG56: =BE56/BC56-1 -> -0.030637718 | BH56: =BH42 -> 187880 | BI56: =BI42 -> 252800 | BJ56: =BJ42 -> 263060 | BK56: =BK42 -> 0.040585443 | BL56: =BJ56/BH56-1 -> 0.40014903 | BM56: =BM42 -> 252064 | BN56: =BN42 -> 316000 | BO56: =BO42 -> 0 | BP56: =BP42 -> -1 | BQ56: =BO56/BM56-1 -> -1 | BR56: =BR42 -> 241256 | BS56: =BS42 -> 284400 | BT56: =BT42 -> 0 | BU56: =BU42 -> -1 | BV56: =BT56/BR56-1 -> -1 | BX56: =L56-J56 -> -284340
D57: AVI 등 | F57: 56642 | G57: 56642 | H57: =H52 -> 84000 | I57: =I39 -> -0.093978191 | J57: =O57+T57+Y57+AD57+AI57+AN57+AS57+AX57+BC57 -> 70843 | K57: =P57+U57+Z57+AE57+AJ57+AO57+AT57+AY57+BD57 -> 63000 | L57: =Q57+V57+AA57+AF57+AK57+AP57+AU57+AZ57+BE57 -> 87796 | M57: =L57/K57-1 -> 0.3935873 | N57: =L57/J57-1 -> 0.23930381 | O57: =O39 -> 6978 | P57: =P39 -> 7000 | Q57: =Q39 -> 13039 | R57: =R39 -> 0.86271429 | S57: =Q57/O57-1 -> 0.86858699 | T57: =T39 -> 5680 | U57: =U39 -> 7000 | V57: =V39 -> 6819 | W57: =W39 -> -0.025857143 | X57: =V57/T57-1 -> 0.20052817 | Y57: =Y39 -> 4948 | Z57: =Z39 -> 7000 | AA57: =AA39 -> 7492 | AB57: =AB39 -> 0.070285714 | AC57: =AA57/Y57-1 -> 0.51414713 | AD57: =AD39 -> 10425 | AE57: =AE39 -> 7000 | AF57: =AF39 -> 5239 | AG57: =AG39 -> -0.25157143 | AH57: =AF57/AD57-1 -> -0.49745803 | AI57: =AI39 -> 9916 | AJ57: =AJ39 -> 7000 | AK57: =AK39 -> 8777 | AL57: =AL39 -> 0.25385714 | AM57: =AK57/AI57-1 -> -0.11486486 | AN57: =AN39 -> 8955 | AO57: =AO39 -> 7000 | AP57: =AP39 -> 6951 | AQ57: =AQ39 -> -0.007 | AR57: =AP57/AN57-1 -> -0.22378559 | AS57: =AS39 -> 5834 | AT57: =AT39 -> 7000 | AU57: =AU39 -> 7466 | AV57: =AV39 -> 0.066571429 | AW57: =AU57/AS57-1 -> 0.27973946 | AX57: =AX39 -> 12401 | AY57: =AY39 -> 7000 | AZ57: =AZ39 -> 8693 | BA57: =BA39 -> 0.24185714 | BB57: =AZ57/AX57-1 -> -0.29900814 | BC57: =BC39 -> 5706 | BD57: =BD39 -> 7000 | BE57: =BE39 -> 23320 | BF57: =BF39 -> 2.3314286 | BG57: =BE57/BC57-1 -> 3.086926 | BH57: =BH39 -> 9731 | BI57: =BI39 -> 7000 | BJ57: =BJ39 -> 5073 | BK57: =BK39 -> -0.27528571 | BL57: =BJ57/BH57-1 -> -0.4786764 | BM57: =BM39 -> 5759 | BN57: =BN39 -> 7000 | BO57: =BO39 -> 0 | BP57: =BP39 -> -1 | BQ57: =BO57/BM57-1 -> -1 | BR57: =BR39 -> 6380 | BS57: =BS39 -> 7000 | BT57: =BT39 -> 0 | BU57: =BU39 -> -1 | BV57: =BT57/BR57-1 -> -1 | BX57: =L57-J57 -> 16953
D58: AUTO | F58: 4617314 | G58: 4617314 | H58: =H53 -> 5700000 | I58: =I8 -> 0.12856627 | J58: =O58+T58+Y58+AD58+AI58+AN58+AS58+AX58+BC58 -> 3625146 | K58: =P58+U58+Z58+AE58+AJ58+AO58+AT58+AY58+BD58 -> 4091000 | L58: =Q58+V58+AA58+AF58+AK58+AP58+AU58+AZ58+BE58 -> 4058768 | M58: =L58/K58-1 -> -0.0078787582 | N58: =L58/J58-1 -> 0.11961504 | O58: =O8 -> 297287 | P58: =P8 -> 399000 | Q58: =Q8 -> 337645 | R58: =R8 -> -0.15377193 | S58: =Q58/O58-1 -> 0.13575434 | T58: =T8 -> 322387 | U58: =U8 -> 456000 | V58: =V8 -> 465225 | W58: =W8 -> 0.020230263 | X58: =V58/T58-1 -> 0.44306377 | Y58: =Y8 -> 456333 | Z58: =Z8 -> 513000 | AA58: =AA8 -> 442991 | AB58: =AB8 -> -0.13646979 | AC58: =AA58/Y58-1 -> -0.029237421 | AD58: =AD8 -> 491302 | AE58: =AE8 -> 456000 | AF58: =AF8 -> 446722 | AG58: =AG8 -> -0.020346491 | AH58: =AF58/AD58-1 -> -0.090738487 | AI58: =AI8 -> 427552 | AJ58: =AJ8 -> 443000 | AK58: =AK8 -> 468535 | AL58: =AL8 -> 0.057641084 | AM58: =AK58/AI58-1 -> 0.095855007 | AN58: =AN8 -> 417231 | AO58: =AO8 -> 456000 | AP58: =AP8 -> 546396 | AQ58: =AQ8 -> 0.19823684 | AR58: =AP58/AN58-1 -> 0.30957671 | AS58: =AS8 -> 425307 | AT58: =AT8 -> 456000 | AU58: =AU8 -> 412989 | AV58: =AV8 -> -0.094322368 | AW58: =AU58/AS58-1 -> -0.028962608 | AX58: =AX8 -> 410717 | AY58: =AY8 -> 456000 | AZ58: =AZ8 -> 418512 | BA58: =BA8 -> -0.082210526 | BB58: =AZ58/AX58-1 -> 0.018979005 | BC58: =BC8 -> 377030 | BD58: =BD8 -> 456000 | BE58: =BE8 -> 519753 | BF58: =BF8 -> 0.13980921 | BG58: =BE58/BC58-1 -> 0.37854547 | BH58: =BH8 -> 563230 | BI58: =BI8 -> 541500 | BJ58: =BJ8 -> 410778 | BK58: =BK8 -> -0.2414072 | BL58: =BJ58/BH58-1 -> -0.2706745 | BM58: =BM8 -> 444511 | BN58: =BN8 -> 541500 | BO58: =BO8 -> 0 | BP58: =BP8 -> -1 | BQ58: =BO58/BM58-1 -> -1 | BR58: =BR8 -> 417769 | BS58: =BS8 -> 513000 | BT58: =BT8 -> 0 | BU58: =BU8 -> -1 | BV58: =BT58/BR58-1 -> -1 | BX58: =L58-J58 -> 433622
D59: IL | F59: 5704093 | G59: 5704093 | H59: =H54 -> 6125000 | I59: =I28 -> 0.13808681 | J59: =O59+T59+Y59+AD59+AI59+AN59+AS59+AX59+BC59 -> 3805861 | K59: =P59+U59+Z59+AE59+AJ59+AO59+AT59+AY59+BD59 -> 4593762 | L59: =Q59+V59+AA59+AF59+AK59+AP59+AU59+AZ59+BE59 -> 4129699 | M59: =L59/K59-1 -> -0.10102025 | N59: =L59/J59-1 -> 0.085089287 | O59: =O28 -> 341246 | P59: =P28 -> 510418 | Q59: =Q28 -> 327291 | R59: =R28 -> -0.35877849 | S59: =Q59/O59-1 -> -0.040894252 | T59: =T28 -> 397040 | U59: =U28 -> 510418 | V59: =V28 -> 484947 | W59: =W28 -> -0.049902237 | X59: =V59/T59-1 -> 0.2214059 | Y59: =Y28 -> 468286 | Z59: =Z28 -> 510418 | AA59: =AA28 -> 436468 | AB59: =AB28 -> -0.14488125 | AC59: =AA59/Y59-1 -> -0.067945657 | AD59: =AD28 -> 447362 | AE59: =AE28 -> 510418 | AF59: =AF28 -> 548060 | AG59: =AG28 -> 0.073747399 | AH59: =AF59/AD59-1 -> 0.22509288 | AI59: =AI28 -> 551104 | AJ59: =AJ28 -> 510418 | AK59: =AK28 -> 436838 | AL59: =AL28 -> -0.14415636 | AM59: =AK59/AI59-1 -> -0.20734018 | AN59: =AN28 -> 416686 | AO59: =AO28 -> 510418 | AP59: =AP28 -> 473319 | AQ59: =AQ28 -> -0.072683565 | AR59: =AP59/AN59-1 -> 0.13591289 | AS59: =AS28 -> 400169 | AT59: =AT28 -> 510418 | AU59: =AU28 -> 472169 | AV59: =AV28 -> -0.074936621 | AW59: =AU59/AS59-1 -> 0.17992398 | AX59: =AX28 -> 440920 | AY59: =AY28 -> 510418 | AZ59: =AZ28 -> 409542 | BA59: =BA28 -> -0.1976341 | BB59: =AZ59/AX59-1 -> -0.071164837 | BC59: =BC28 -> 343048 | BD59: =BD28 -> 510418 | BE59: =BE28 -> 541065 | BF59: =BF28 -> 0.060042945 | BG59: =BE59/BC59-1 -> 0.57722826 | BH59: =BH28 -> 557700 | BI59: =BI28 -> 510418 | BJ59: =BJ28 -> 313242 | BK59: =BK28 -> -0.38630299 | BL59: =BJ59/BH59-1 -> -0.43833244 | BM59: =BM28 -> 500870 | BN59: =BN28 -> 510418 | BO59: =BO28 -> 0 | BP59: =BP28 -> -1 | BQ59: =BO59/BM59-1 -> -1 | BR59: =BR28 -> 517408 | BS59: =BS28 -> 510418 | BT59: =BT28 -> 0 | BU59: =BU28 -> -1 | BV59: =BT59/BR59-1 -> -1 | BX59: =L59-J59 -> 323838
B71: 구분 | F71: 2022년 실적 | G71: 2023년 실적 | H71: 2024년 계획 | I71: 증감율 | J71: 누적 | O71: 1월 | T71: 2월 | Y71: 3월 | AD71: 4월 | AI71: 5월 | AN71: 6월 | AS71: 7월 | AX71: 8월 | BC71: 9월 | BH71: 10월 | BM71: 11월 | BR71: 12월
J72: 2023년 | K72: 목표 | L72: 2024년 | M72: 달성율 | N72: 전년대비 | O72: =J72 -> 2023년 | P72: =K72 -> 목표 | Q72: =L72 -> 2024년 | R72: =M72 -> 달성율 | S72: =N72 -> 전년대비 | T72: =O72 -> 2023년 | U72: =P72 -> 목표 | V72: =Q72 -> 2024년 | ... BV72: =BQ72 -> 전년대비
B73: Auto+IL | D73: 판매량 | F73: =F78+F97 -> 11895993 | G73: =G78+G97 -> 12003856 | H73: =H78+H97 -> 13542825 | I73: =H73/G73-1 -> 0.12820621 | J73: =O73+T73+Y73+AD73+AI73+AN73+AS73+AX73+BC73+BH73+BM73+BR73 -> 12003784 | K73: =P73+U73+Z73+AE73+AJ73+AO73+AT73+AY73+BD73+BI73+BN73+BS73 -> 12843694 | L73: =Q73+V73+AA73+AF73+AK73+AP73+AU73+AZ73+BE73+BJ73+BO73+BT73 -> 7386253 | M73: =L73/K73-1 -> -0.4249121 | N73: =L73/J73-1 -> -0.38467295 | O73: =O78+O97 -> 892391 | P73: =P78+P97 -> 1010001 | Q73: =Q78+Q97 -> 795943 | R73: =Q73/P73-1 -> -0.2119384 | S73: =Q73/O73-1 -> -0.10807819 | T73: =T78+T97 -> 1137930 | U73: =U78+U97 -> 1110110.4 | V73: =V78+V97 -> 775023 | W73: =V73/U73-1 -> -0.30185052 | X73: =V73/T73-1 -> -0.31891856 | Y73: =Y78+Y97 -> 983736 | Z73: =Z78+Z97 -> 1110110.4 | AA73: =AA78+AA97 -> 595429 | AB73: =AA73/Z73-1 -> -0.46363083 | AC73: =AA73/Y73-1 -> -0.39472684 | AD73: =AD78+AD97 -> 955870 | AE73: =AE78+AE97 -> 1110110.4 | AF73: =AF78+AF97 -> 574755 | AG73: =AF73/AE73-1 -> -0.4822542 | AH73: =AF73/AD73-1 -> -0.39871008 | AI73: =AI78+AI97 -> 1034777 | AJ73: =AJ78+AJ97 -> 1095249.4 | AK73: =AK78+AK97 -> 642827 | AL73: =AK73/AJ73-1 -> -0.41307706 | AM73: =AK73/AI73-1 -> -0.37877726 | AN73: =AN78+AN97 -> 945385 | AO73: =AO78+AO97 -> 1094288.4 | AP73: =AP78+AP97 -> 506078 | AQ73: =AP73/AO73-1 -> -0.53752777 | AR73: =AP73/AN73-1 -> -0.46468582 | AS73: =AS78+AS97 -> 903311 | AT73: =AT78+AT97 -> 988569 | AU73: =AU78+AU97 -> 602774 | AV73: =AU73/AT73-1 -> -0.39025602 | AW73: =AU73/AS73-1 -> -0.33270601 | AX73: =AX78+AX97 -> 928433 | AY73: =AY78+AY97 -> 1024032 | AZ73: =AZ78+AZ97 -> 554339 | BA73: =AZ73/AY73-1 -> -0.45867024 | BB73: =AZ73/AX73-1 -> -0.40293053 | BC73: =BC78+BC97 -> 850293 | BD73: =BD78+BD97 -> 1001382 | BE73: =BE78+BE97 -> 484768 | BF73: =BE73/BD73-1 -> -0.51590102 | BG73: =BE73/BC73-1 -> -0.42988123 | BH73: =BH78+BH97 -> 1251882 | BI73: =BI78+BI97 -> 1125418 | BJ73: =BJ78+BJ97 -> 603717 | BK73: =BJ73/BI73-1 -> -0.46356198 | BL73: =BJ73/BH73-1 -> -0.51775247 | BM73: =BM78+BM97 -> 1131283 | BN73: =BN78+BN97 -> 1114811 | BO73: =BO78+BO97 -> 617592 | BP73: =BO73/BN73-1 -> -0.44601192 | BQ73: =BO73/BM73-1 -> -0.45407825 | BR73: =BR78+BR97 -> 988493 | BS73: =BS78+BS97 -> 1059612 | BT73: =BT78+BT97 -> 633008 | BU73: =BT73/BS73-1 -> -0.40260397 | BV73: =BT73/BR73-1 -> -0.35962318
D74: sell-in | F74: =F77+F96 -> 10804093 | G74: =G77+G96 -> 10505446 | H74: =H77+H96 -> 13542825 | I74: =H74/G74-1 -> 0.28912422 | J74: =O74+T74+Y74+AD74+AI74+AN74+AS74+AX74+BC74+BH74+BM74+BR74 -> 10628708 | K74: =P74+U74+Z74+AE74+AJ74+AO74+AT74+AY74+BD74+BI74+BN74+BS74 -> 3230221.8 | L74: =Q74+V74+AA74+AF74+AK74+AP74+AU74+AZ74+BE74+BJ74+BO74+BT74 -> 1357960 | M74: =L74/K74-1 -> -0.57960782 | N74: =L74/J74-1 -> -0.87223659 | O74: =O77+O96 -> 984675 | P74: =P77+P96 -> 1010001 | Q74: =Q77+Q96 -> 638533 | R74: =Q74/P74-1 -> -0.36778973 | S74: =Q74/O74-1 -> -0.35152918 | T74: =T77+T96 -> 705345 | U74: =U77+U96 -> 1110110.4 | V74: =V77+V96 -> 719427 | W74: =V74/U74-1 -> -0.35193203 | X74: =V74/T74-1 -> 0.019964698 | Y74: =Y77+Y96 -> 883127 | Z74: =Z77+Z96 -> 1110110.4 | AA74: =AA77+AA96 -> 0 | AB74: =AA74/Z74-1 -> -1 | AC74: =AA74/Y74-1 -> -1 | AD74: =AD77+AD96 -> 948745 | AE74: =AE77+AE96 -> 0 | AF74: =AF77+AF96 -> 0 | AG74: =AF74/AE74-1 -> #DIV/0! | AH74: =AF74/AD74-1 -> -1 | AI74: =AI77+AI96 -> 951450 | AJ74: =AJ77+AJ96 -> 0 | AK74: =AK77+AK96 -> 0 | AL74: =AK74/AJ74-1 -> #DIV/0! | AM74: =AK74/AI74-1 -> -1 | AN74: =AN77+AN96 -> 681836 | AO74: =AO77+AO96 -> 0 | AP74: =AP77+AP96 -> 0 | AQ74: =AP74/AO74-1 -> #DIV/0! | AR74: =AP74/AN74-1 -> -1 | AS74: =AS77+AS96 -> 729901 | AT74: =AT77+AT96 -> 0 | AU74: =AU77+AU96 -> 0 | AV74: =AU74/AT74-1 -> #DIV/0! | AW74: =AU74/AS74-1 -> -1 | AX74: =AX77+AX96 -> 770531 | AY74: =AY77+AY96 -> 0 | AZ74: =AZ77+AZ96 -> 0 | BA74: =AZ74/AY74-1 -> #DIV/0! | BB74: =AZ74/AX74-1 -> -1 | BC74: =BC77+BC96 -> 846538 | BD74: =BD77+BD96 -> 0 | BE74: =BE77+BE96 -> 0 | BF74: =BE74/BD74-1 -> #DIV/0! | BG74: =BE74/BC74-1 -> -1 | BH74: =BH77+BH96 -> 1419367 | BI74: =BI77+BI96 -> 0 | BJ74: =BJ77+BJ96 -> 0 | BK74: =BJ74/BI74-1 -> #DIV/0! | BL74: =BJ74/BH74-1 -> -1 | BM74: =BM77+BM96 -> 916099 | BN74: =BN77+BN96 -> 0 | BO74: =BO77+BO96 -> 0 | BP74: =BO74/BN74-1 -> #DIV/0! | BQ74: =BO74/BM74-1 -> -1 | BR74: =BR77+BR96 -> 791094 | BS74: =BS77+BS96 -> 0 | BT74: =BT77+BT96 -> 0 | BU74: =BT74/BS74-1 -> #DIV/0! | BV74: =BT74/BR74-1 -> -1
D75: 재고 | F75: =F76+F95 -> 664657 | G75: =G76+G95 -> 664658 | H75: =H76+H95 -> 564284 | I75: =H75/G75-1 -> -0.15101601 | J75: =J76+J96 -> 6202264 | K75: =K76+K96 -> 1901221.8 | L75: =L76+L96 -> 738286 | M75: =L75/K75-1 -> -0.61167814 | N75: =L75/J75-1 -> -0.88096508 | O75: =O76+O95 -> 900864 | P75: =P76+P95 -> 505000.5 | Q75: =Q76+Q95 -> 639609 | R75: =Q75/P75-1 -> 0.26655122 | S75: =Q75/O75-1 -> -0.29000493 | T75: =T76+T95 -> 608969 | U75: =U76+U95 -> 555055.2 | V75: =V76+V95 -> 563024 | W75: =V75/U75-1 -> 0.014356764 | X75: =V75/T75-1 -> -0.07544719 | Y75: =Y76+Y95 -> 618968 | Z75: =Z76+Z95 -> 555055.2 | AA75: =AA76+AA95 -> 0 | AB75: =AA75/Z75-1 -> -1 | AC75: =AA75/Y75-1 -> -1 | AD75: =AD76+AD95 -> 703696 | AE75: =AE76+AE95 -> 0 | AF75: =AF76+AF95 -> 0 | AG75: =AF75/AE75-1 -> #DIV/0! | AH75: =AF75/AD75-1 -> -1 | AI75: =AI76+AI95 -> 739260 | AJ75: =AJ76+AJ95 -> 0 | AK75: =AK76+AK95 -> 0 | AL75: =AK75/AJ75-1 -> #DIV/0! | AM75: =AK75/AI75-1 -> -1 | AN75: =AN76+AN95 -> 900864 | AO75: =AO76+AO95 -> 0 | AP75: =AP76+AP95 -> 0 | AQ75: =AP75/AO75-1 -> #DIV/0! | AR75: =AP75/AN75-1 -> -1 | AS75: =AS76+AS95 -> 564752 | AT75: =AT76+AT95 -> 0 | AU75: =AU76+AU95 -> 0 | AV75: =AU75/AT75-1 -> #DIV/0! | AW75: =AU75/AS75-1 -> -1 | AX75: =AX76+AX95 -> 513105 | AY75: =AY76+AY95 -> 0 | AZ75: =AZ76+AZ95 -> 0 | BA75: =AZ75/AY75-1 -> #DIV/0! | BB75: =AZ75/AX75-1 -> -1 | BC75: =BC76+BC95 -> 616909 | BD75: =BD76+BD95 -> 0 | BE75: =BE76+BE95 -> 0 | BF75: =BE75/BD75-1 -> #DIV/0! | BG75: =BE75/BC75-1 -> -1 | BH75: =BH76+BH95 -> 911497 | BI75: =BI76+BI95 -> 0 | BJ75: =BJ76+BJ95 -> 0 | BK75: =BJ75/BI75-1 -> #DIV/0! | BL75: =BJ75/BH75-1 -> -1 | BM75: =BM76+BM95 -> 775102 | BN75: =BN76+BN95 -> 0 | BO75: =BO76+BO95 -> 0 | BP75: =BO75/BN75-1 -> #DIV/0! | BQ75: =BO75/BM75-1 -> -1 | BR75: =BR76+BR95 -> 715478 | BS75: =BS76+BS95 -> 0 | BT75: =BT76+BT95 -> 0 | BU75: =BT75/BS75-1 -> #DIV/0! | BV75: =BT75/BR75-1 -> -1
B76: B2C | C76: Auto | D76: 재고 | F76: 305936 | G76: 305937 | H76: =ROUND(H77/24,0) -> 230729 | I76: =H76/G76-1 -> -0.24582839 | J76: =BR76 -> 374909 | K76: =BS76 -> 0 | L76: =BT76 -> 0 | M76: =L76/K76-1 -> #DIV/0! | N76: =L76/J76-1 -> -1 | O76: ='2023년 실적'!P76 -> 269436 | P76: =ROUND(P78/2,2) -> 221500 | Q76: 309841 | R76: =Q76/P76-1 -> 0.3988307 | S76: =Q76/O76-1 -> 0.1499614 | T76: ='2023년 실적'!U76 -> 252179 | U76: 221500 | V76: 284901 | W76: =V76/U76-1 -> 0.28623476 | X76: =V76/T76-1 -> 0.12975704 | Y76: ='2023년 실적'!Z76 -> 275989 | Z76: =Z77/2 -> 221500 | AB76: =AA76/Z76-1 -> -1 | AC76: =AA76/Y76-1 -> -1 | AD76: ='2023년 실적'!AE76 -> 394563 | AG76: =AF76/AE76-1 -> #DIV/0! | AH76: =AF76/AD76-1 -> -1 | AI76: ='2023년 실적'!AJ76 -> 389318 | AL76: =AK76/AJ76-1 -> #DIV/0! | AM76: =AK76/AI76-1 -> -1 | AN76: ='2023년 실적'!AO76 -> 269436 | AQ76: =AP76/AO76-1 -> #DIV/0! | AR76: =AP76/AN76-1 -> -1 | AS76: ='2023년 실적'!AT76 -> 312564 | AV76: =AU76/AT76-1 -> #DIV/0! | AW76: =AU76/AS76-1 -> -1 | AX76: ='2023년 실적'!AY76 -> 280926 | BA76: =AZ76/AY76-1 -> #DIV/0! | BB76: =AZ76/AX76-1 -> -1 | BC76: ='2023년 실적'!BD76 -> 288915 | BF76: =BE76/BD76-1 -> #DIV/0! | BG76: =BE76/BC76-1 -> -1 | BH76: ='2023년 실적'!BI76 -> 381965 | BK76: =BJ76/BI76-1 -> #DIV/0! | BL76: =BJ76/BH76-1 -> -1 | BM76: ='2023년 실적'!BN76 -> 327586 | BP76: =BO76/BN76-1 -> #DIV/0! | BQ76: =BO76/BM76-1 -> -1 | BR76: ='2023년 실적'!BS76 -> 374909 | BU76: =BT76/BS76-1 -> #DIV/0! | BV76: =BT76/BR76-1 -> -1
D77: sell-in | F77: ='2023년 실적'!J77 -> 5100000 | G77: ='2023년 실적'!K77 -> 4801353 | H77: =H78 -> 5537500 | I77: =H77/G77-1 -> 0.15332074 | J77: =O77+T77+Y77+AD77+AI77+AN77+AS77+AX77+BC77+BH77+BM77+BR77 -> 4801353 | K77: =P77+U77+Z77+AE77+AJ77+AO77+AT77+AY77+BD77+BI77+BN77 -> 1329000 | L77: =Q77+V77+AA77+AF77+AK77+AP77+AU77+AZ77+BE77+BJ77+BO77 -> 619674 | M77: =L77/K77-1 -> -0.53372912 | N77: =L77/J77-1 -> -0.87093763 | O77: ='2023년 실적'!P77 -> 324323 | P77: =P78 -> 443000 | Q77: 297287 | R77: =Q77/P77-1 -> -0.32892325 | S77: =Q77/O77-1 -> -0.08336134 | T77: ='2023년 실적'!U77 -> 320358 | U77: =U78 -> 443000 | V77: 322387 | W77: =V77/U77-1 -> -0.27226411 | X77: =V77/T77-1 -> 0.0063335394 | Y77: ='2023년 실적'!Z77 -> 432930 | Z77: =Z78 -> 443000 | AB77: =AA77/Z77-1 -> -1 | AC77: =AA77/Y77-1 -> -1 | AD77: ='2023년 실적'!AE77 -> 472323 | AG77: =AF77/AE77-1 -> #DIV/0! | AH77: =AF77/AD77-1 -> -1 | AI77: ='2023년 실적'!AJ77 -> 381307 | AL77: =AK77/AJ77-1 -> #DIV/0! | AM77: =AK77/AI77-1 -> -1 | AN77: ='2023년 실적'!AO77 -> 280280 | AQ77: =AP77/AO77-1 -> #DIV/0! | AR77: =AP77/AN77-1 -> -1 | AS77: ='2023년 실적'!AT77 -> 395242 | AV77: =AU77/AT77-1 -> #DIV/0! | AW77: =AU77/AS77-1 -> -1 | AX77: ='2023년 실적'!AY77 -> 355318 | BA77: =AZ77/AY77-1 -> #DIV/0! | BB77: =AZ77/AX77-1 -> -1 | BC77: ='2023년 실적'!BD77 -> 370856 | BF77: =BE77/BD77-1 -> #DIV/0! | BG77: =BE77/BC77-1 -> -1 | BH77: ='2023년 실적'!BI77 -> 611306 | BK77: =BJ77/BI77-1 -> #DIV/0! | BL77: =BJ77/BH77-1 -> -1 | BM77: ='2023년 실적'!BN77 -> 423746 | BP77: =BO77/BN77-1 -> #DIV/0! | BQ77: =BO77/BM77-1 -> -1 | BR77: ='2023년 실적'!BS77 -> 433364 | BU77: =BT77/BS77-1 -> #DIV/0! | BV77: =BT77/BR77-1 -> -1
D78: AUTO 합계 | F78: =F79+F94 -> 4648868 | G78: =G79+G94 -> 4859570 | H78: =H79+H94 -> 5537500 | I78: =H78/G78-1 -> 0.13950411 | J78: =J79+J95 -> 2725918 | K78: =K79+K95 -> 2618893 | L78: =L79+L95 -> 209741 | M78: =L78/K78-1 -> -0.91991234 | N78: =L78/J78-1 -> -0.92305675 | O78: =O79+O94 -> 404664 | P78: =P79+P94 -> 443000 | Q78: =Q79+Q94 -> 274687 | R78: =Q78/P78-1 -> -0.37993905 | S78: =Q78/O78-1 -> -0.32119734 | T78: =T79+T94 -> 393870 | U78: =U79+U94 -> 443000 | V78: =V79+V94 -> 268242 | W78: =V78/U78-1 -> -0.39448758 | X78: =V78/T78-1 -> -0.31895803 | Y78: =Y79+Y94 -> 406749 | Z78: =Z79+Z94 -> 443000 | AA78: =AA79+AA94 -> 0 | AB78: =AA78/Z78-1 -> -1 | AC78: =AA78/Y78-1 -> -1 | AD78: =AD79+AD94 -> 351763 | AE78: =AE79+AE94 -> 443000 | AF78: =AF79+AF94 -> 0 | AG78: =AF78/AE78-1 -> -1 | AH78: =AF78/AD78-1 -> -1 | AI78: =AI79+AI94 -> 387063 | AJ78: =AJ79+AJ94 -> 428139 | AK78: =AK79+AK94 -> 0 | AL78: =AK78/AJ78-1 -> -1 | AM78: =AK78/AI78-1 -> -1 | AN78: =AN79+AN94 -> 365731 | AO78: =AO79+AO94 -> 427178 | AP78: =AP79+AP94 -> 0 | AQ78: =AP78/AO78-1 -> -1 | AR78: =AP78/AN78-1 -> -1 | AS78: =AS79+AS94 -> 384313 | AT78: =AT79+AT94 -> 421568 | AU78: =AU79+AU94 -> 0 | AV78: =AU78/AT78-1 -> -1 | AW78: =AU78/AS78-1 -> -1 | AX78: =AX79+AX94 -> 385877 | AY78: =AY79+AY94 -> 452364 | AZ78: =AZ79+AZ94 -> 0 | BA78: =AZ78/AY78-1 -> -1 | BB78: =AZ78/AX78-1 -> -1 | BC78: =BC79+BC94 -> 367503 | BD78: =BD79+BD94 -> 429714 | BE78: =BE79+BE94 -> 0 | BF78: =BE78/BD78-1 -> -1 | BG78: =BE78/BC78-1 -> -1 | BH78: =BH79+BH94 -> 518324 | BI78: =BI79+BI94 -> 553750 | BJ78: =BJ79+BJ94 -> 0 | BK78: =BJ78/BI78-1 -> -1 | BL78: =BJ78/BH78-1 -> -1 | BM78: =BM79+BM94 -> 478461 | BN78: =BN79+BN94 -> 543143 | BO78: =BO79+BO94 -> 0 | BP78: =BO78/BN78-1 -> -1 | BQ78: =BO78/BM78-1 -> -1 | BR78: =BR79+BR94 -> 415180 | BS78: =BS79+BS94 -> 487944 | BT78: =BT79+BT94 -> 0 | BU78: =BT78/BS78-1 -> -1 | BV78: =BT78/BR78-1 -> -1
D79: B2C 소계 | F79: =F83+F88+F91+F92+F93 -> 3885312 | G79: =G83+G88+G91+G92+G93 -> 4024174 | H79: =H83+H88+H91+H92+H93 -> 4647500 | I79: =H79/G79-1 -> 0.15489539 | J79: =J84+J89+J92+J93+J94 -> 2385349 | K79: =K84+K89+K92+K93+K94 -> 2618893 | L79: =L84+L89+L92+L93+L94 -> 209741 | M79: =L79/K79-1 -> -0.91991234 | N79: =L79/J79-1 -> -0.91207115 | O79: =O83+O88+O91+O92+O93 -> 354600 | P79: =P83+P88+P91+P92+P93 -> 371800 | Q79: =Q83+Q88+Q91+Q92+Q93 -> 274687 | R79: =Q79/P79-1 -> -0.26119688 | S79: =Q79/O79-1 -> -0.22536097 | T79: =T83+T88+T91+T92+T93 -> 319786 | U79: =U83+U88+U91+U92+U93 -> 371800 | V79: =V83+V88+V91+V92+V93 -> 268242 | W79: =V79/U79-1 -> -0.27853147 | X79: =V79/T79-1 -> -0.16118279 | Y79: =Y83+Y88+Y91+Y92+Y93 -> 338677 | Z79: =Z83+Z88+Z91+Z92+Z93 -> 371800 | AA79: =AA83+AA88+AA91+AA92+AA93 -> 0 | AB79: =AA79/Z79-1 -> -1 | AC79: =AA79/Y79-1 -> -1 | AD79: =AD83+AD88+AD91+AD92+AD93 -> 267228 | AE79: =AE83+AE88+AE91+AE92+AE93 -> 371800 | AF79: =AF83+AF88+AF91+AF92+AF93 -> 0 | AG79: =AF79/AE79-1 -> -1 | AH79: =AF79/AD79-1 -> -1 | AI79: =AI83+AI88+AI91+AI92+AI93 -> 312554 | AJ79: =AJ83+AJ88+AJ91+AJ92+AJ93 -> 359327 | AK79: =AK83+AK88+AK91+AK92+AK93 -> 0 | AL79: =AK79/AJ79-1 -> -1 | AM79: =AK79/AI79-1 -> -1 | AN79: =AN83+AN88+AN91+AN92+AN93 -> 311518 | AO79: =AO83+AO88+AO91+AO92+AO93 -> 358523 | AP79: =AP83+AP88+AP91+AP92+AP93 -> 0 | AQ79: =AP79/AO79-1 -> -1 | AR79: =AP79/AN79-1 -> -1 | AS79: =AS83+AS88+AS91+AS92+AS93 -> 311734 | AT79: =AT83+AT88+AT91+AT92+AT93 -> 353813 | AU79: =AU83+AU88+AU91+AU92+AU93 -> 0 | AV79: =AU79/AT79-1 -> -1 | AW79: =AU79/AS79-1 -> -1 | AX79: =AX83+AX88+AX91+AX92+AX93 -> 319124 | AY79: =AY83+AY88+AY91+AY92+AY93 -> 379659 | AZ79: =AZ83+AZ88+AZ91+AZ92+AZ93 -> 0 | BA79: =AZ79/AY79-1 -> -1 | BB79: =AZ79/AX79-1 -> -1 | BC79: =BC83+BC88+BC91+BC92+BC93 -> 309742 | BD79: =BD83+BD88+BD91+BD92+BD93 -> 360649 | BE79: =BE83+BE88+BE91+BE92+BE93 -> 0 | BF79: =BE79/BD79-1 -> -1 | BG79: =BE79/BC79-1 -> -1 | BH79: =BH83+BH88+BH91+BH92+BH93 -> 438468 | BI79: =BI83+BI88+BI91+BI92+BI93 -> 464750 | BJ79: =BJ83+BJ88+BJ91+BJ92+BJ93 -> 0 | BK79: =BJ79/BI79-1 -> -1 | BL79: =BJ79/BH79-1 -> -1 | BM79: =BM83+BM88+BM91+BM92+BM93 -> 392437 | BN79: =BN83+BN88+BN91+BN92+BN93 -> 455848 | BO79: =BO83+BO88+BO91+BO92+BO93 -> 0 | BP79: =BO79/BN79-1 -> -1 | BQ79: =BO79/BM79-1 -> -1 | BR79: =BR83+BR88+BR91+BR92+BR93 -> 350626 | BS79: =BS83+BS88+BS91+BS92+BS93 -> 409520 | BT79: =BT83+BT88+BT91+BT92+BT93 -> 0 | BU79: =BT79/BS79-1 -> -1 | BV79: =BT79/BR79-1 -> -1
D80: 동부지사 | E80: 맥심팀 | F80: ='2023년 실적'!F80 -> 274504 | G80: ='2023년 실적'!G80 -> 321951 | H80: 355000 | I80: =H80/G80-1 -> 0.10265227 | J80: =O80+T80+Y80+AD80+AI80+AN80+AS80+AX80+BC80+BH80+BM80+BR80 -> 321951 | K80: =P80+U80+Z80+AE80+AJ80+AO80+AT80+AY80+BD80+BI80+BN80+BS80 -> 353607 | L80: =Q80+V80+AA80+AF80+AK80+AP80+AU80+AZ80+BE80+BJ80+BO80+BT80 -> 48932 | M80: =L80/K80-1 -> -0.86162039 | N80: =L80/J80-1 -> -0.84801414 | O80: ='2023년 실적'!P80 -> 22882 | P80: 28400 | Q80: 25459 | R80: =Q80/P80-1 -> -0.10355634 | S80: =Q80/O80-1 -> 0.11262127 | T80: ='2023년 실적'!U80 -> 25581 | U80: 28400 | V80: 23473 | W80: =V80/U80-1 -> -0.17348592 | X80: =V80/T80-1 -> -0.08240491 | Y80: ='2023년 실적'!Z80 -> 21966 | Z80: 28400 | AB80: =AA80/Z80-1 -> -1 | AC80: =AA80/Y80-1 -> -1 | AD80: ='2023년 실적'!AE80 -> 23867 | AE80: 28400 | AG80: =AF80/AE80-1 -> -1 | AH80: =AF80/AD80-1 -> -1 | AI80: ='2023년 실적'!AJ80 -> 26277 | AJ80: 27447 | AL80: =AK80/AJ80-1 -> -1 | AM80: =AK80/AI80-1 -> -1 | AN80: ='2023년 실적'!AO80 -> 28344 | AO80: 27385 | AQ80: =AP80/AO80-1 -> -1 | AR80: =AP80/AN80-1 -> -1 | AS80: ='2023년 실적'!AT80 -> 24918 | AT80: 27026 | AV80: =AU80/AT80-1 -> -1 | AW80: =AU80/AS80-1 -> -1 | AX80: ='2023년 실적'!AY80 -> 24874 | AY80: 29000 | BA80: =AZ80/AY80-1 -> -1 | BB80: =AZ80/AX80-1 -> -1 | BC80: ='2023년 실적'!BD80 -> 27144 | BD80: 27548 | BF80: =BE80/BD80-1 -> -1 | BG80: =BE80/BC80-1 -> -1 | BH80: ='2023년 실적'!BI80 -> 30214 | BI80: 35500 | BK80: =BJ80/BI80-1 -> -1 | BL80: =BJ80/BH80-1 -> -1 | BM80: ='2023년 실적'!BN80 -> 34230 | BN80: 34820 | BP80: =BO80/BN80-1 -> -1 | BQ80: =BO80/BM80-1 -> -1 | BR80: ='2023년 실적'!BS80 -> 31654 | BS80: 31281 | BU80: =BT80/BS80-1 -> -1 | BV80: =BT80/BR80-1 -> -1
E81: 솔개팀 | F81: ='2023년 실적'!F81 -> 394629 | G81: ='2023년 실적'!G81 -> 419768 | H81: 574000 | I81: =H81/G81-1 -> 0.367422 | J81: =O81+T81+Y81+AD81+AI81+AN81+AS81+AX81+BC81+BH81+BM81+BR81 -> 419768 | K81: =P81+U81+Z81+AE81+AJ81+AO81+AT81+AY81+BD81+BI81+BN81+BS81 -> 571751 | L81: =Q81+V81+AA81+AF81+AK81+AP81+AU81+AZ81+BE81+BJ81+BO81+BT81 -> 46154 | M81: =L81/K81-1 -> -0.91927605 | N81: =L81/J81-1 -> -0.89004879 | O81: ='2023년 실적'!P81 -> 24520 | P81: 45920 | Q81: 23114 | R81: =Q81/P81-1 -> -0.49664634 | S81: =Q81/O81-1 -> -0.057340946 | T81: ='2023년 실적'!U81 -> 42820 | U81: 45920 | V81: 23040 | W81: =V81/U81-1 -> -0.49825784 | X81: =V81/T81-1 -> -0.46193368 | Y81: ='2023년 실적'!Z81 -> 27988 | Z81: 45920 | AB81: =AA81/Z81-1 -> -1 | AC81: =AA81/Y81-1 -> -1 | AD81: ='2023년 실적'!AE81 -> 27340 | AE81: 45920 | AG81: =AF81/AE81-1 -> -1 | AH81: =AF81/AD81-1 -> -1 | AI81: ='2023년 실적'!AJ81 -> 29937 | AJ81: 44380 | AL81: =AK81/AJ81-1 -> -1 | AM81: =AK81/AI81-1 -> -1 | AN81: ='2023년 실적'!AO81 -> 31700 | AO81: 44279 | AQ81: =AP81/AO81-1 -> -1 | AR81: =AP81/AN81-1 -> -1 | AS81: ='2023년 실적'!AT81 -> 33415 | AT81: 43698 | AV81: =AU81/AT81-1 -> -1 | AW81: =AU81/AS81-1 -> -1 | AX81: ='2023년 실적'!AY81 -> 33368 | AY81: 46891 | BA81: =AZ81/AY81-1 -> -1 | BB81: =AZ81/AX81-1 -> -1 | BC81: ='2023년 실적'!BD81 -> 32470 | BD81: 44543 | BF81: =BE81/BD81-1 -> -1 | BG81: =BE81/BC81-1 -> -1 | BH81: ='2023년 실적'!BI81 -> 39064 | BI81: 57400 | BK81: =BJ81/BI81-1 -> -1 | BL81: =BJ81/BH81-1 -> -1 | BM81: ='2023년 실적'!BN81 -> 62218 | BN81: 56301 | BP81: =BO81/BN81-1 -> -1 | BQ81: =BO81/BM81-1 -> -1 | BR81: ='2023년 실적'!BS81 -> 34928 | BS81: 50579 | BU81: =BT81/BS81-1 -> -1 | BV81: =BT81/BR81-1 -> -1
E82: 사무실 | F82: ='2023년 실적'!F82 -> 398047 | G82: ='2023년 실적'!G82 -> 207830 | H82: 260000 | I82: =H82/G82-1 -> 0.25102247 | J82: =O82+T82+Y82+AD82+AI82+AN82+AS82+AX82+BC82+BH82+BM82+BR82 -> 210150 | K82: =P82+U82+Z82+AE82+AJ82+AO82+AT82+AY82+BD82+BI82+BN82+BS82 -> 258981 | L82: =Q82+V82+AA82+AF82+AK82+AP82+AU82+AZ82+BE82+BJ82+BO82+BT82 -> 21983 | M82: =L82/K82-1 -> -0.91511733 | N82: =L82/J82-1 -> -0.89539377 | O82: ='2023년 실적'!P82 -> 24502 | P82: 20800 | Q82: 13981 | R82: =Q82/P82-1 -> -0.32783654 | S82: =Q82/O82-1 -> -0.42939352 | T82: ='2023년 실적'!U82 -> 24132 | U82: 20800 | V82: 8002 | W82: =V82/U82-1 -> -0.61528846 | X82: =V82/T82-1 -> -0.66840709 | Y82: ='2023년 실적'!Z82 -> 30839 | Z82: 20800 | AB82: =AA82/Z82-1 -> -1 | AC82: =AA82/Y82-1 -> -1 | AD82: ='2023년 실적'!AE82 -> 12990 | AE82: 20800 | AG82: =AF82/AE82-1 -> -1 | AH82: =AF82/AD82-1 -> -1 | AI82: ='2023년 실적'!AJ82 -> 18058 | AJ82: 20102 | AL82: =AK82/AJ82-1 -> -1 | AM82: =AK82/AI82-1 -> -1 | AN82: ='2023년 실적'!AO82 -> 15305 | AO82: 20057 | AQ82: =AP82/AO82-1 -> -1 | AR82: =AP82/AN82-1 -> -1 | AS82: ='2023년 실적'!AT82 -> 20578 | AT82: 19794 | AV82: =AU82/AT82-1 -> -1 | AW82: =AU82/AS82-1 -> -1 | AX82: ='2023년 실적'!AY82 -> 7942 | AY82: 21240 | BA82: =AZ82/AY82-1 -> -1 | BB82: =AZ82/AX82-1 -> -1 | BC82: ='2023년 실적'!BD82 -> 11650 | BD82: 20176 | BF82: =BE82/BD82-1 -> -1 | BG82: =BE82/BC82-1 -> -1 | BH82: ='2023년 실적'!BI82 -> 6298 | BI82: 26000 | BK82: =BJ82/BI82-1 -> -1 | BL82: =BJ82/BH82-1 -> -1 | BM82: ='2023년 실적'!BN82 -> 21384 | BN82: 25502 | BP82: =BO82/BN82-1 -> -1 | BQ82: =BO82/BM82-1 -> -1 | BR82: ='2023년 실적'!BS82 -> 16472 | BS82: 22910 | BU82: =BT82/BS82-1 -> -1 | BV82: =BT82/BR82-1 -> -1
E83: 소계 | F83: =SUM(F80:F82) -> 1067180 | G83: =SUM(G80:G82) -> 949549 | H83: =SUM(H80:H82) -> 1189000 | I83: =H83/G83-1 -> 0.2521734 | J83: =SUM(J80:J82) -> 951869 | K83: =SUM(K80:K82) -> 1184339 | L83: =SUM(L80:L82) -> 117069 | M83: =L83/K83-1 -> -0.90115246 | N83: =L83/J83-1 -> -0.87701144 | O83: =SUM(O80:O82) -> 71904 | P83: =SUM(P80:P82) -> 95120 | Q83: =SUM(Q80:Q82) -> 62554 | R83: =Q83/P83-1 -> -0.34236754 | S83: =Q83/O83-1 -> -0.13003449 | T83: =SUM(T80:T82) -> 92533 | U83: =SUM(U80:U82) -> 95120 | V83: =SUM(V80:V82) -> 54515 | W83: =V83/U83-1 -> -0.42688183 | X83: =V83/T83-1 -> -0.41085883 | Y83: =SUM(Y80:Y82) -> 80793 | Z83: =SUM(Z80:Z82) -> 95120 | AA83: =SUM(AA80:AA82) -> 0 | AB83: =AA83/Z83-1 -> -1 | AC83: =AA83/Y83-1 -> -1 | AD83: =SUM(AD80:AD82) -> 64197 | AE83: =SUM(AE80:AE82) -> 95120 | AF83: =SUM(AF80:AF82) -> 0 | AG83: =AF83/AE83-1 -> -1 | AH83: =AF83/AD83-1 -> -1 | AI83: =SUM(AI80:AI82) -> 74272 | AJ83: =SUM(AJ80:AJ82) -> 91929 | AK83: =SUM(AK80:AK82) -> 0 | AL83: =AK83/AJ83-1 -> -1 | AM83: =AK83/AI83-1 -> -1 | AN83: =SUM(AN80:AN82) -> 75349 | AO83: =SUM(AO80:AO82) -> 91721 | AP83: =SUM(AP80:AP82) -> 0 | AQ83: =AP83/AO83-1 -> -1 | AR83: =AP83/AN83-1 -> -1 | AS83: =SUM(AS80:AS82) -> 78911 | AT83: =SUM(AT80:AT82) -> 90518 | AU83: =SUM(AU80:AU82) -> 0 | AV83: =AU83/AT83-1 -> -1 | AW83: =AU83/AS83-1 -> -1 | AX83: =SUM(AX80:AX82) -> 66184 | AY83: =SUM(AY80:AY82) -> 97131 | AZ83: =SUM(AZ80:AZ82) -> 0 | BA83: =AZ83/AY83-1 -> -1 | BB83: =AZ83/AX83-1 -> -1 | BC83: =SUM(BC80:BC82) -> 71264 | BD83: =SUM(BD80:BD82) -> 92267 | BE83: =SUM(BE80:BE82) -> 0 | BF83: =BE83/BD83-1 -> -1 | BG83: =BE83/BC83-1 -> -1 | BH83: =SUM(BH80:BH82) -> 75576 | BI83: =SUM(BI80:BI82) -> 118900 | BJ83: =SUM(BJ80:BJ82) -> 0 | BK83: =BJ83/BI83-1 -> -1 | BL83: =BJ83/BH83-1 -> -1 | BM83: =SUM(BM80:BM82) -> 117832 | BN83: =SUM(BN80:BN82) -> 116623 | BO83: =SUM(BO80:BO82) -> 0 | BP83: =BO83/BN83-1 -> -1 | BQ83: =BO83/BM83-1 -> -1 | BR83: =SUM(BR80:BR82) -> 83054 | BS83: =SUM(BS80:BS82) -> 104770 | BT83: =SUM(BT80:BT82) -> 0 | BU83: =BT83/BS83-1 -> -1 | BV83: =BT83/BR83-1 -> -1
D84: 서부지사 | E84: 아리안팀 | F84: ='2023년 실적'!F84 -> 255674 | G84: ='2023년 실적'!G84 -> 265892 | H84: 300000 | I84: =H84/G84-1 -> 0.12827765 | J84: =O84+T84+Y84+AD84+AI84+AN84+AS84+AX84+BC84+BH84+BM84+BR84 -> 294977 | K84: =P84+U84+Z84+AE84+AJ84+AO84+AT84+AY84+BD84+BI84+BN84+BS84 -> 298823 | L84: =Q84+V84+AA84+AF84+AK84+AP84+AU84+AZ84+BE84+BJ84+BO84+BT84 -> 47610 | M84: =L84/K84-1 -> -0.84067491 | N84: =L84/J84-1 -> -0.83859759 | O84: ='2023년 실적'!P84 -> 19273 | P84: 24000 | Q84: 24956 | R84: =Q84/P84-1 -> 0.039833333 | S84: =Q84/O84-1 -> 0.29486847 | T84: ='2023년 실적'!U84 -> 32026 | U84: 24000 | V84: 22654 | W84: =V84/U84-1 -> -0.056083333 | X84: =V84/T84-1 -> -0.29263723 | Y84: ='2023년 실적'!Z84 -> 19043 | Z84: 24000 | AB84: =AA84/Z84-1 -> -1 | AC84: =AA84/Y84-1 -> -1 | AD84: ='2023년 실적'!AE84 -> 20732 | AE84: 24000 | AG84: =AF84/AE84-1 -> -1 | AH84: =AF84/AD84-1 -> -1 | AI84: ='2023년 실적'!AJ84 -> 23468 | AJ84: 23195 | AL84: =AK84/AJ84-1 -> -1 | AM84: =AK84/AI84-1 -> -1 | AN84: ='2023년 실적'!AO84 -> 24188 | AO84: 23142 | AQ84: =AP84/AO84-1 -> -1 | AR84: =AP84/AN84-1 -> -1 | AS84: ='2023년 실적'!AT84 -> 22316 | AT84: 22839 | AV84: =AU84/AT84-1 -> -1 | AW84: =AU84/AS84-1 -> -1 | AX84: ='2023년 실적'!AY84 -> 25544 | AY84: 24507 | BA84: =AZ84/AY84-1 -> -1 | BB84: =AZ84/AX84-1 -> -1 | BC84: ='2023년 실적'!BD84 -> 24514 | BD84: 23280 | BF84: =BE84/BD84-1 -> -1 | BG84: =BE84/BC84-1 -> -1 | BH84: ='2023년 실적'!BI84 -> 27828 | BI84: 30000 | BK84: =BJ84/BI84-1 -> -1 | BL84: =BJ84/BH84-1 -> -1 | BM84: ='2023년 실적'!BN84 -> 30920 | BN84: 29425 | BP84: =BO84/BN84-1 -> -1 | BQ84: =BO84/BM84-1 -> -1 | BR84: ='2023년 실적'!BS84 -> 25125 | BS84: 26435 | BU84: =BT84/BS84-1 -> -1 | BV84: =BT84/BR84-1 -> -1
E85: 미추홀팀 | F85: ='2023년 실적'!F85 -> 583012 | G85: ='2023년 실적'!G85 -> 554782 | H85: 600300 | I85: =H85/G85-1 -> 0.082046642 | J85: =O85+T85+Y85+AD85+AI85+AN85+AS85+AX85+BC85+BH85+BM85+BR85 -> 611068 | K85: =P85+U85+Z85+AE85+AJ85+AO85+AT85+AY85+BD85+BI85+BN85+BS85 -> 597947 | L85: =Q85+V85+AA85+AF85+AK85+AP85+AU85+AZ85+BE85+BJ85+BO85+BT85 -> 93030 | M85: =L85/K85-1 -> -0.84441765 | N85: =L85/J85-1 -> -0.84775835 | O85: ='2023년 실적'!P85 -> 50990 | P85: 48024 | Q85: 51458 | R85: =Q85/P85-1 -> 0.071505914 | S85: =Q85/O85-1 -> 0.0091782702 | T85: ='2023년 실적'!U85 -> 45016 | U85: 48024 | V85: 41572 | W85: =V85/U85-1 -> -0.13434949 | X85: =V85/T85-1 -> -0.076506131 | Y85: ='2023년 실적'!Z85 -> 75300 | Z85: 48024 | AB85: =AA85/Z85-1 -> -1 | AC85: =AA85/Y85-1 -> -1 | AD85: ='2023년 실적'!AE85 -> 37975 | AE85: 48024 | AG85: =AF85/AE85-1 -> -1 | AH85: =AF85/AD85-1 -> -1 | AI85: ='2023년 실적'!AJ85 -> 44598 | AJ85: 46413 | AL85: =AK85/AJ85-1 -> -1 | AM85: =AK85/AI85-1 -> -1 | AN85: ='2023년 실적'!AO85 -> 50986 | AO85: 46308 | AQ85: =AP85/AO85-1 -> -1 | AR85: =AP85/AN85-1 -> -1 | AS85: ='2023년 실적'!AT85 -> 48452 | AT85: 45701 | AV85: =AU85/AT85-1 -> -1 | AW85: =AU85/AS85-1 -> -1 | AX85: ='2023년 실적'!AY85 -> 45980 | AY85: 49039 | BA85: =AZ85/AY85-1 -> -1 | BB85: =AZ85/AX85-1 -> -1 | BC85: ='2023년 실적'!BD85 -> 47436 | BD85: 46584 | BF85: =BE85/BD85-1 -> -1 | BG85: =BE85/BC85-1 -> -1 | BH85: ='2023년 실적'!BI85 -> 54452 | BI85: 60030 | BK85: =BJ85/BI85-1 -> -1 | BL85: =BJ85/BH85-1 -> -1 | BM85: ='2023년 실적'!BN85 -> 64781 | BN85: 58880 | BP85: =BO85/BN85-1 -> -1 | BQ85: =BO85/BM85-1 -> -1 | BR85: ='2023년 실적'!BS85 -> 45102 | BS85: 52896 | BU85: =BT85/BS85-1 -> -1 | BV85: =BT85/BR85-1 -> -1
E86: 랜더스팀 | F86: ='2023년 실적'!F86 -> 255841 | G86: ='2023년 실적'!G86 -> 316827 | H86: 355000 | I86: =H86/G86-1 -> 0.12048531 | J86: =O86+T86+Y86+AD86+AI86+AN86+AS86+AX86+BC86+BH86+BM86+BR86 -> 231456 | K86: =P86+U86+Z86+AE86+AJ86+AO86+AT86+AY86+BD86+BI86+BN86+BS86 -> 353607 | L86: =Q86+V86+AA86+AF86+AK86+AP86+AU86+AZ86+BE86+BJ86+BO86+BT86 -> 41197 | M86: =L86/K86-1 -> -0.88349495 | N86: =L86/J86-1 -> -0.82200937 | O86: ='2023년 실적'!P86 -> 19114 | P86: 28400 | Q86: 21467 | R86: =Q86/P86-1 -> -0.24411972 | S86: =Q86/O86-1 -> 0.12310348 | T86: ='2023년 실적'!U86 -> 23518 | U86: 28400 | V86: 19730 | W86: =V86/U86-1 -> -0.30528169 | X86: =V86/T86-1 -> -0.16106812 | Y86: ='2023년 실적'!Z86 -> 18054 | Z86: 28400 | AB86: =AA86/Z86-1 -> -1 | AC86: =AA86/Y86-1 -> -1 | AD86: ='2023년 실적'!AE86 -> 15328 | AE86: 28400 | AG86: =AF86/AE86-1 -> -1 | AH86: =AF86/AD86-1 -> -1 | AI86: ='2023년 실적'!AJ86 -> 17800 | AJ86: 27447 | AL86: =AK86/AJ86-1 -> -1 | AM86: =AK86/AI86-1 -> -1 | AN86: ='2023년 실적'!AO86 -> 20036 | AO86: 27385 | AQ86: =AP86/AO86-1 -> -1 | AR86: =AP86/AN86-1 -> -1 | AS86: ='2023년 실적'!AT86 -> 19118 | AT86: 27026 | AV86: =AU86/AT86-1 -> -1 | AW86: =AU86/AS86-1 -> -1 | AX86: ='2023년 실적'!AY86 -> 17860 | AY86: 29000 | BA86: =AZ86/AY86-1 -> -1 | BB86: =AZ86/AX86-1 -> -1 | BC86: ='2023년 실적'!BD86 -> 17672 | BD86: 27548 | BF86: =BE86/BD86-1 -> -1 | BG86: =BE86/BC86-1 -> -1 | BH86: ='2023년 실적'!BI86 -> 21934 | BI86: 35500 | BK86: =BJ86/BI86-1 -> -1 | BL86: =BJ86/BH86-1 -> -1 | BM86: ='2023년 실적'!BN86 -> 23514 | BN86: 34820 | BP86: =BO86/BN86-1 -> -1 | BQ86: =BO86/BM86-1 -> -1 | BR86: ='2023년 실적'!BS86 -> 17508 | BS86: 31281 | BU86: =BT86/BS86-1 -> -1 | BV86: =BT86/BR86-1 -> -1
E87: 사무실 | F87: ='2023년 실적'!F87 -> 621242 | G87: ='2023년 실적'!G87 -> 666952 | H87: 750000 | I87: =H87/G87-1 -> 0.12451871 | J87: =O87+T87+Y87+AD87+AI87+AN87+AS87+AX87+BC87+BH87+BM87+BR87 -> 666952 | K87: =P87+U87+Z87+AE87+AJ87+AO87+AT87+AY87+BD87+BI87+BN87+BS87 -> 747069 | L87: =Q87+V87+AA87+AF87+AK87+AP87+AU87+AZ87+BE87+BJ87+BO87+BT87 -> 81892 | M87: =L87/K87-1 -> -0.89038228 | N87: =L87/J87-1 -> -0.87721455 | O87: ='2023년 실적'!P87 -> 69905 | P87: 60000 | Q87: 41892 | R87: =Q87/P87-1 -> -0.3018 | S87: =Q87/O87-1 -> -0.40072956 | T87: ='2023년 실적'!U87 -> 38673 | U87: 60000 | V87: 40000 | W87: =V87/U87-1 -> -0.33333333 | X87: =V87/T87-1 -> 0.034313345 | Y87: ='2023년 실적'!Z87 -> 51187 | Z87: 60000 | AB87: =AA87/Z87-1 -> -1 | AC87: =AA87/Y87-1 -> -1 | AD87: ='2023년 실적'!AE87 -> 43489 | AE87: 60000 | AG87: =AF87/AE87-1 -> -1 | AH87: =AF87/AD87-1 -> -1 | AI87: ='2023년 실적'!AJ87 -> 48780 | AJ87: 57987 | AL87: =AK87/AJ87-1 -> -1 | AM87: =AK87/AI87-1 -> -1 | AN87: ='2023년 실적'!AO87 -> 54835 | AO87: 57865 | AQ87: =AP87/AO87-1 -> -1 | AR87: =AP87/AN87-1 -> -1 | AS87: ='2023년 실적'!AT87 -> 44913 | AT87: 57097 | AV87: =AU87/AT87-1 -> -1 | AW87: =AU87/AS87-1 -> -1 | AX87: ='2023년 실적'!AY87 -> 59304 | AY87: 61268 | BA87: =AZ87/AY87-1 -> -1 | BB87: =AZ87/AX87-1 -> -1 | BC87: ='2023년 실적'!BD87 -> 51388 | BD87: 58201 | BF87: =BE87/BD87-1 -> -1 | BG87: =BE87/BC87-1 -> -1 | BH87: ='2023년 실적'!BI87 -> 89119 | BI87: 75000 | BK87: =BJ87/BI87-1 -> -1 | BL87: =BJ87/BH87-1 -> -1 | BM87: ='2023년 실적'!BN87 -> 54183 | BN87: 73564 | BP87: =BO87/BN87-1 -> -1 | BQ87: =BO87/BM87-1 -> -1 | BR87: ='2023년 실적'!BS87 -> 61176 | BS87: 66087 | BU87: =BT87/BS87-1 -> -1 | BV87: =BT87/BR87-1 -> -1
E88: 소계 | F88: =SUM(F84:F87) -> 1715769 | G88: =SUM(G84:G87) -> 1804453 | H88: =SUM(H84:H87) -> 2005300 | I88: =H88/G88-1 -> 0.11130631 | J88: =SUM(J84:J87) -> 1804453 | K88: =SUM(K84:K87) -> 1997446 | L88: =SUM(L84:L87) -> 263729 | M88: =L88/K88-1 -> -0.86796689 | N88: =L88/J88-1 -> -0.85384546 | O88: =SUM(O84:O87) -> 159282 | P88: =SUM(P84:P87) -> 160424 | Q88: =SUM(Q84:Q87) -> 139773 | R88: =Q88/P88-1 -> -0.12872762 | S88: =Q88/O88-1 -> -0.12248088 | T88: =SUM(T84:T87) -> 139233 | U88: =SUM(U84:U87) -> 160424 | V88: =SUM(V84:V87) -> 123956 | W88: =V88/U88-1 -> -0.2273226 | X88: =V88/T88-1 -> -0.10972255 | Y88: =SUM(Y84:Y87) -> 163584 | Z88: =SUM(Z84:Z87) -> 160424 | AA88: =SUM(AA84:AA87) -> 0 | AB88: =AA88/Z88-1 -> -1 | AC88: =AA88/Y88-1 -> -1 | AD88: =SUM(AD84:AD87) -> 117524 | AE88: =SUM(AE84:AE87) -> 160424 | AF88: =SUM(AF84:AF87) -> 0 | AG88: =AF88/AE88-1 -> -1 | AH88: =AF88/AD88-1 -> -1 | AI88: =SUM(AI84:AI87) -> 134646 | AJ88: =SUM(AJ84:AJ87) -> 155042 | AK88: =SUM(AK84:AK87) -> 0 | AL88: =AK88/AJ88-1 -> -1 | AM88: =AK88/AI88-1 -> -1 | AN88: =SUM(AN84:AN87) -> 150045 | AO88: =SUM(AO84:AO87) -> 154700 | AP88: =SUM(AP84:AP87) -> 0 | AQ88: =AP88/AO88-1 -> -1 | AR88: =AP88/AN88-1 -> -1 | AS88: =SUM(AS84:AS87) -> 134799 | AT88: =SUM(AT84:AT87) -> 152663 | AU88: =SUM(AU84:AU87) -> 0 | AV88: =AU88/AT88-1 -> -1 | AW88: =AU88/AS88-1 -> -1 | AX88: =SUM(AX84:AX87) -> 148688 | AY88: =SUM(AY84:AY87) -> 163814 | AZ88: =SUM(AZ84:AZ87) -> 0 | BA88: =AZ88/AY88-1 -> -1 | BB88: =AZ88/AX88-1 -> -1 | BC88: =SUM(BC84:BC87) -> 141010 | BD88: =SUM(BD84:BD87) -> 155613 | BE88: =SUM(BE84:BE87) -> 0 | BF88: =BE88/BD88-1 -> -1 | BG88: =BE88/BC88-1 -> -1 | BH88: =SUM(BH84:BH87) -> 193333 | BI88: =SUM(BI84:BI87) -> 200530 | BJ88: =SUM(BJ84:BJ87) -> 0 | BK88: =BJ88/BI88-1 -> -1 | BL88: =BJ88/BH88-1 -> -1 | BM88: =SUM(BM84:BM87) -> 173398 | BN88: =SUM(BN84:BN87) -> 196689 | BO88: =SUM(BO84:BO87) -> 0 | BP88: =BO88/BN88-1 -> -1 | BQ88: =BO88/BM88-1 -> -1 | BR88: =SUM(BR84:BR87) -> 148911 | BS88: =SUM(BS84:BS87) -> 176699 | BT88: =SUM(BT84:BT87) -> 0 | BU88: =BT88/BS88-1 -> -1 | BV88: =BT88/BR88-1 -> -1
D89: 중부 | E89: 클라쓰팀 | F89: ='2023년 실적'!F89 -> 492921 | G89: ='2023년 실적'!G89 -> 567346 | H89: 646000 | I89: =H89/G89-1 -> 0.13863498 | J89: =O89+T89+Y89+AD89+AI89+AN89+AS89+AX89+BC89+BH89+BM89+BR89 -> 567346 | K89: =P89+U89+Z89+AE89+AJ89+AO89+AT89+AY89+BD89+BI89+BN89+BS89 -> 643467 | L89: =Q89+V89+AA89+AF89+AK89+AP89+AU89+AZ89+BE89+BJ89+BO89+BT89 -> 83226 | M89: =L89/K89-1 -> -0.87066003 | N89: =L89/J89-1 -> -0.85330645 | O89: ='2023년 실적'!P89 -> 34826 | P89: 51680 | Q89: 44434 | R89: =Q89/P89-1 -> -0.14020898 | S89: =Q89/O89-1 -> 0.27588583 | T89: ='2023년 실적'!U89 -> 64908 | U89: 51680 | V89: 38792 | W89: =V89/U89-1 -> -0.2493808 | X89: =V89/T89-1 -> -0.4023541 | Y89: ='2023년 실적'!Z89 -> 35386 | Z89: 51680 | AB89: =AA89/Z89-1 -> -1 | AC89: =AA89/Y89-1 -> -1 | AD89: ='2023년 실적'!AE89 -> 36862 | AE89: 51680 | AG89: =AF89/AE89-1 -> -1 | AH89: =AF89/AD89-1 -> -1 | AI89: ='2023년 실적'!AJ89 -> 40524 | AJ89: 49946 | AL89: =AK89/AJ89-1 -> -1 | AM89: =AK89/AI89-1 -> -1 | AN89: ='2023년 실적'!AO89 -> 43794 | AO89: 49833 | AQ89: =AP89/AO89-1 -> -1 | AR89: =AP89/AN89-1 -> -1 | AS89: ='2023년 실적'!AT89 -> 48814 | AT89: 49180 | AV89: =AU89/AT89-1 -> -1 | AW89: =AU89/AS89-1 -> -1 | AX89: ='2023년 실적'!AY89 -> 45134 | AY89: 52772 | BA89: =AZ89/AY89-1 -> -1 | BB89: =AZ89/AX89-1 -> -1 | BC89: ='2023년 실적'!BD89 -> 42492 | BD89: 50130 | BF89: =BE89/BD89-1 -> -1 | BG89: =BE89/BC89-1 -> -1 | BH89: ='2023년 실적'!BI89 -> 50076 | BI89: 64600 | BK89: =BJ89/BI89-1 -> -1 | BL89: =BJ89/BH89-1 -> -1 | BM89: ='2023년 실적'!BN89 -> 82518 | BN89: 63363 | BP89: =BO89/BN89-1 -> -1 | BQ89: =BO89/BM89-1 -> -1 | BR89: ='2023년 실적'!BS89 -> 42012 | BS89: 56923 | BU89: =BT89/BS89-1 -> -1 | BV89: =BT89/BR89-1 -> -1
E90: 사무실 | F90: ='2023년 실적'!F90 -> 7464 | G90: ='2023년 실적'!G90 -> 12804 | H90: 14000 | I90: =H90/G90-1 -> 0.09340831 | J90: =O90+T90+Y90+AD90+AI90+AN90+AS90+AX90+BC90+BH90+BM90+BR90 -> 12804 | K90: =P90+U90+Z90+AE90+AJ90+AO90+AT90+AY90+BD90+BI90+BN90+BS90 -> 13945 | L90: =Q90+V90+AA90+AF90+AK90+AP90+AU90+AZ90+BE90+BJ90+BO90+BT90 -> 0 | M90: =L90/K90-1 -> -1 | N90: =L90/J90-1 -> -1 | O90: ='2023년 실적'!P90 -> 2260 | P90: 1120 | R90: =Q90/P90-1 -> -1 | S90: =Q90/O90-1 -> -1 | T90: ='2023년 실적'!U90 -> 400 | U90: 1120 | W90: =V90/U90-1 -> -1 | X90: =V90/T90-1 -> -1 | Y90: ='2023년 실적'!Z90 -> 0 | Z90: 1120 | AB90: =AA90/Z90-1 -> -1 | AC90: =AA90/Y90-1 -> #DIV/0! | AD90: ='2023년 실적'!AE90 -> 1584 | AE90: 1120 | AG90: =AF90/AE90-1 -> -1 | AH90: =AF90/AD90-1 -> -1 | AI90: ='2023년 실적'!AJ90 -> 440 | AJ90: 1082 | AL90: =AK90/AJ90-1 -> -1 | AM90: =AK90/AI90-1 -> -1 | AN90: ='2023년 실적'!AO90 -> 120 | AO90: 1080 | AQ90: =AP90/AO90-1 -> -1 | AR90: =AP90/AN90-1 -> -1 | AS90: ='2023년 실적'!AT90 -> 120 | AT90: 1066 | AV90: =AU90/AT90-1 -> -1 | AW90: =AU90/AS90-1 -> -1 | AX90: ='2023년 실적'!AY90 -> 2340 | AY90: 1144 | BA90: =AZ90/AY90-1 -> -1 | BB90: =AZ90/AX90-1 -> -1 | BC90: ='2023년 실적'!BD90 -> 1084 | BD90: 1086 | BF90: =BE90/BD90-1 -> -1 | BG90: =BE90/BC90-1 -> -1 | BH90: ='2023년 실적'!BI90 -> 2372 | BI90: 1400 | BK90: =BJ90/BI90-1 -> -1 | BL90: =BJ90/BH90-1 -> -1 | BM90: ='2023년 실적'!BN90 -> 256 | BN90: 1373 | BP90: =BO90/BN90-1 -> -1 | BQ90: =BO90/BM90-1 -> -1 | BR90: ='2023년 실적'!BS90 -> 1828 | BS90: 1234 | BU90: =BT90/BS90-1 -> -1 | BV90: =BT90/BR90-1 -> -1
E91: 소계 | F91: =SUM(F89:F90) -> 500385 | G91: =SUM(G89:G90) -> 580150 | H91: =SUM(H89:H90) -> 660000 | I91: =H91/G91-1 -> 0.13763682 | J91: =SUM(J89:J90) -> 580150 | K91: =SUM(K89:K90) -> 657412 | L91: =SUM(L89:L90) -> 83226 | M91: =L91/K91-1 -> -0.87340359 | N91: =L91/J91-1 -> -0.856544 | O91: =SUM(O89:O90) -> 37086 | P91: =SUM(P89:P90) -> 52800 | Q91: =SUM(Q89:Q90) -> 44434 | R91: =Q91/P91-1 -> -0.15844697 | S91: =Q91/O91-1 -> 0.19813407 | T91: =SUM(T89:T90) -> 65308 | U91: =SUM(U89:U90) -> 52800 | V91: =SUM(V89:V90) -> 38792 | W91: =V91/U91-1 -> -0.26530303 | X91: =V91/T91-1 -> -0.40601458 | Y91: =SUM(Y89:Y90) -> 35386 | Z91: =SUM(Z89:Z90) -> 52800 | AA91: =SUM(AA89:AA90) -> 0 | AB91: =AA91/Z91-1 -> -1 | AC91: =AA91/Y91-1 -> -1 | AD91: =SUM(AD89:AD90) -> 38446 | AE91: =SUM(AE89:AE90) -> 52800 | AF91: =SUM(AF89:AF90) -> 0 | AG91: =AF91/AE91-1 -> -1 | AH91: =AF91/AD91-1 -> -1 | AI91: =SUM(AI89:AI90) -> 40964 | AJ91: =SUM(AJ89:AJ90) -> 51028 | AK91: =SUM(AK89:AK90) -> 0 | AL91: =AK91/AJ91-1 -> -1 | AM91: =AK91/AI91-1 -> -1 | AN91: =SUM(AN89:AN90) -> 43914 | AO91: =SUM(AO89:AO90) -> 50913 | AP91: =SUM(AP89:AP90) -> 0 | AQ91: =AP91/AO91-1 -> -1 | AR91: =AP91/AN91-1 -> -1 | AS91: =SUM(AS89:AS90) -> 48934 | AT91: =SUM(AT89:AT90) -> 50246 | AU91: =SUM(AU89:AU90) -> 0 | AV91: =AU91/AT91-1 -> -1 | AW91: =AU91/AS91-1 -> -1 | AX91: =SUM(AX89:AX90) -> 47474 | AY91: =SUM(AY89:AY90) -> 53916 | AZ91: =SUM(AZ89:AZ90) -> 0 | BA91: =AZ91/AY91-1 -> -1 | BB91: =AZ91/AX91-1 -> -1 | BC91: =SUM(BC89:BC90) -> 43576 | BD91: =SUM(BD89:BD90) -> 51216 | BE91: =SUM(BE89:BE90) -> 0 | BF91: =BE91/BD91-1 -> -1 | BG91: =BE91/BC91-1 -> -1 | BH91: =SUM(BH89:BH90) -> 52448 | BI91: =SUM(BI89:BI90) -> 66000 | BJ91: =SUM(BJ89:BJ90) -> 0 | BK91: =BJ91/BI91-1 -> -1 | BL91: =BJ91/BH91-1 -> -1 | BM91: =SUM(BM89:BM90) -> 82774 | BN91: =SUM(BN89:BN90) -> 64736 | BO91: =SUM(BO89:BO90) -> 0 | BP91: =BO91/BN91-1 -> -1 | BQ91: =BO91/BM91-1 -> -1 | BR91: =SUM(BR89:BR90) -> 43840 | BS91: =SUM(BS89:BS90) -> 58157 | BT91: =SUM(BT89:BT90) -> 0 | BU91: =BT91/BS91-1 -> -1 | BV91: =BT91/BR91-1 -> -1
D92: 제주 | E92: 삼다도팀 | F92: ='2023년 실적'!F92 -> 63204 | G92: ='2023년 실적'!G92 -> 79851 | H92: 93200 | I92: =H92/G92-1 -> 0.16717386 | J92: =O92+T92+Y92+AD92+AI92+AN92+AS92+AX92+BC92+BH92+BM92+BR92 -> 79851 | K92: =P92+U92+Z92+AE92+AJ92+AO92+AT92+AY92+BD92+BI92+BN92+BS92 -> 92834 | L92: =Q92+V92+AA92+AF92+AK92+AP92+AU92+AZ92+BE92+BJ92+BO92+BT92 -> 12478 | M92: =L92/K92-1 -> -0.86558804 | N92: =L92/J92-1 -> -0.84373395 | O92: ='2023년 실적'!P92 -> 4644 | P92: 7456 | Q92: 6046 | R92: =Q92/P92-1 -> -0.18910944 | S92: =Q92/O92-1 -> 0.30189492 | T92: ='2023년 실적'!U92 -> 5468 | U92: 7456 | V92: 6432 | W92: =V92/U92-1 -> -0.13733906 | X92: =V92/T92-1 -> 0.17629846 | Y92: ='2023년 실적'!Z92 -> 5318 | Z92: 7456 | AB92: =AA92/Z92-1 -> -1 | AC92: =AA92/Y92-1 -> -1 | AD92: ='2023년 실적'!AE92 -> 5171 | AE92: 7456 | AG92: =AF92/AE92-1 -> -1 | AH92: =AF92/AD92-1 -> -1 | AI92: ='2023년 실적'!AJ92 -> 8324 | AJ92: 7206 | AL92: =AK92/AJ92-1 -> -1 | AM92: =AK92/AI92-1 -> -1 | AN92: ='2023년 실적'!AO92 -> 5546 | AO92: 7190 | AQ92: =AP92/AO92-1 -> -1 | AR92: =AP92/AN92-1 -> -1 | AS92: ='2023년 실적'!AT92 -> 7534 | AT92: 7095 | AV92: =AU92/AT92-1 -> -1 | AW92: =AU92/AS92-1 -> -1 | AX92: ='2023년 실적'!AY92 -> 6522 | AY92: 7614 | BA92: =AZ92/AY92-1 -> -1 | BB92: =AZ92/AX92-1 -> -1 | BC92: ='2023년 실적'!BD92 -> 7472 | BD92: 7232 | BF92: =BE92/BD92-1 -> -1 | BG92: =BE92/BC92-1 -> -1 | BH92: ='2023년 실적'!BI92 -> 6844 | BI92: 9320 | BK92: =BJ92/BI92-1 -> -1 | BL92: =BJ92/BH92-1 -> -1 | BM92: ='2023년 실적'!BN92 -> 10654 | BN92: 9141 | BP92: =BO92/BN92-1 -> -1 | BQ92: =BO92/BM92-1 -> -1 | BR92: ='2023년 실적'!BS92 -> 6354 | BS92: 8212 | BU92: =BT92/BS92-1 -> -1 | BV92: =BT92/BR92-1 -> -1
D93: 남부지사 | E93: 남부지사 | F93: ='2023년 실적'!F93 -> 538774 | G93: ='2023년 실적'!G93 -> 610171 | H93: 700000 | I93: =H93/G93-1 -> 0.14721939 | J93: =O93+T93+Y93+AD93+AI93+AN93+AS93+AX93+BC93+BH93+BM93+BR93 -> 610171 | K93: =P93+U93+Z93+AE93+AJ93+AO93+AT93+AY93+BD93+BI93+BN93+BS93 -> 697258 | L93: =Q93+V93+AA93+AF93+AK93+AP93+AU93+AZ93+BE93+BJ93+BO93+BT93 -> 66427 | M93: =L93/K93-1 -> -0.9047311 | N93: =L93/J93-1 -> -0.8911338 | O93: ='2023년 실적'!P93 -> 81684 | P93: 56000 | Q93: 21880 | R93: =Q93/P93-1 -> -0.60928571 | S93: =Q93/O93-1 -> -0.73213848 | T93: ='2023년 실적'!U93 -> 17244 | U93: 56000 | V93: 44547 | W93: =V93/U93-1 -> -0.20451786 | X93: =V93/T93-1 -> 1.5833333 | Y93: ='2023년 실적'!Z93 -> 53596 | Z93: 56000 | AB93: =AA93/Z93-1 -> -1 | AC93: =AA93/Y93-1 -> -1 | AD93: ='2023년 실적'!AE93 -> 41890 | AE93: 56000 | AG93: =AF93/AE93-1 -> -1 | AH93: =AF93/AD93-1 -> -1 | AI93: ='2023년 실적'!AJ93 -> 54348 | AJ93: 54122 | AL93: =AK93/AJ93-1 -> -1 | AM93: =AK93/AI93-1 -> -1 | AN93: ='2023년 실적'!AO93 -> 36664 | AO93: 53999 | AQ93: =AP93/AO93-1 -> -1 | AR93: =AP93/AN93-1 -> -1 | AS93: ='2023년 실적'!AT93 -> 41556 | AT93: 53291 | AV93: =AU93/AT93-1 -> -1 | AW93: =AU93/AS93-1 -> -1 | AX93: ='2023년 실적'!AY93 -> 50256 | AY93: 57184 | BA93: =AZ93/AY93-1 -> -1 | BB93: =AZ93/AX93-1 -> -1 | BC93: ='2023년 실적'!BD93 -> 46420 | BD93: 54321 | BF93: =BE93/BD93-1 -> -1 | BG93: =BE93/BC93-1 -> -1 | BH93: ='2023년 실적'!BI93 -> 110267 | BI93: 70000 | BK93: =BJ93/BI93-1 -> -1 | BL93: =BJ93/BH93-1 -> -1 | BM93: ='2023년 실적'!BN93 -> 7779 | BN93: 68659 | BP93: =BO93/BN93-1 -> -1 | BQ93: =BO93/BM93-1 -> -1 | BR93: ='2023년 실적'!BS93 -> 68467 | BS93: 61682 | BU93: =BT93/BS93-1 -> -1 | BV93: =BT93/BR93-1 -> -1
B94: B2B | D94: B2B Auto소계 | F94: ='2023년 실적'!F94 -> 763556 | G94: ='2023년 실적'!G94 -> 835396 | H94: 890000 | I94: =H94/G94-1 -> 0.065363013 | J94: =O94+T94+Y94+AD94+AI94+AN94+AS94+AX94+BC94+BH94+BM94+BR94 -> 833004 | K94: =P94+U94+Z94+AE94+AJ94+AO94+AT94+AY94+BD94+BI94+BN94+BS94 -> 886511 | L94: =Q94+V94+AA94+AF94+AK94+AP94+AU94+AZ94+BE94+BJ94+BO94+BT94 -> 0 | M94: =L94/K94-1 -> -1 | N94: =L94/J94-1 -> -1 | O94: ='2023년 실적'!P94 -> 50064 | P94: 71200 | R94: =Q94/P94-1 -> -1 | S94: =Q94/O94-1 -> -1 | T94: ='2023년 실적'!U94 -> 74084 | U94: 71200 | W94: =V94/U94-1 -> -1 | X94: =V94/T94-1 -> -1 | Y94: ='2023년 실적'!Z94 -> 68072 | Z94: 71200 | AB94: =AA94/Z94-1 -> -1 | AC94: =AA94/Y94-1 -> -1 | AD94: ='2023년 실적'!AE94 -> 84535 | AE94: 71200 | AG94: =AF94/AE94-1 -> -1 | AH94: =AF94/AD94-1 -> -1 | AI94: ='2023년 실적'!AJ94 -> 74509 | AJ94: 68812 | AL94: =AK94/AJ94-1 -> -1 | AM94: =AK94/AI94-1 -> -1 | AN94: ='2023년 실적'!AO94 -> 54213 | AO94: 68655 | AQ94: =AP94/AO94-1 -> -1 | AR94: =AP94/AN94-1 -> -1 | AS94: ='2023년 실적'!AT94 -> 72579 | AT94: 67755 | AV94: =AU94/AT94-1 -> -1 | AW94: =AU94/AS94-1 -> -1 | AX94: ='2023년 실적'!AY94 -> 66753 | AY94: 72705 | BA94: =AZ94/AY94-1 -> -1 | BB94: =AZ94/AX94-1 -> -1 | BC94: ='2023년 실적'!BD94 -> 57761 | BD94: 69065 | BF94: =BE94/BD94-1 -> -1 | BG94: =BE94/BC94-1 -> -1 | BH94: ='2023년 실적'!BI94 -> 79856 | BI94: 89000 | BK94: =BJ94/BI94-1 -> -1 | BL94: =BJ94/BH94-1 -> -1 | BM94: ='2023년 실적'!BN94 -> 86024 | BN94: 87295 | BP94: =BO94/BN94-1 -> -1 | BQ94: =BO94/BM94-1 -> -1 | BR94: ='2023년 실적'!BS94 -> 64554 | BS94: 78424 | BU94: =BT94/BS94-1 -> -1 | BV94: =BT94/BR94-1 -> -1
C95: IL | D95: 재고 | F95: 358721 | G95: 358721 | H95: =ROUND(H96/24,0) -> 333555 | I95: =H95/G95-1 -> -0.0701548 | J95: =BR95 -> 340569 | K95: =BS95 -> 0 | L95: =BT95 -> 0 | M95: =L95/K95-1 -> #DIV/0! | N95: =L95/J95-1 -> -1 | O95: ='2023년 실적'!P95 -> 631428 | P95: =ROUND(P96/2,2) -> 283500.5 | Q95: 329768 | S95: =Q95/O95-1 -> -0.47774251 | T95: ='2023년 실적'!U95 -> 356790 | U95: =U96/2 -> 333555.2 | V95: 278123 | W95: =V95/U95-1 -> -0.16618599 | X95: =V95/T95-1 -> -0.22048544 | Y95: ='2023년 실적'!Z95 -> 342979 | Z95: =Z96/2 -> 333555.2 | AB95: =AA95/Z95-1 -> -1 | AC95: =AA95/Y95-1 -> -1 | AD95: ='2023년 실적'!AE95 -> 309133 | AG95: =AF95/AE95-1 -> #DIV/0! | AH95: =AF95/AD95-1 -> -1 | AI95: ='2023년 실적'!AJ95 -> 349942 | AL95: =AK95/AJ95-1 -> #DIV/0! | AM95: =AK95/AI95-1 -> -1 | AN95: ='2023년 실적'!AO95 -> 631428 | AQ95: =AP95/AO95-1 -> #DIV/0! | AR95: =AP95/AN95-1 -> -1 | AS95: ='2023년 실적'!AT95 -> 252188 | AV95: =AU95/AT95-1 -> #DIV/0! | AW95: =AU95/AS95-1 -> -1 | AX95: ='2023년 실적'!AY95 -> 232179 | BA95: =AZ95/AY95-1 -> #DIV/0! | BB95: =AZ95/AX95-1 -> -1 | BC95: ='2023년 실적'!BD95 -> 327994 | BF95: =BE95/BD95-1 -> #DIV/0! | BG95: =BE95/BC95-1 -> -1 | BH95: ='2023년 실적'!BI95 -> 529532 | BK95: =BJ95/BI95-1 -> #DIV/0! | BL95: =BJ95/BH95-1 -> -1 | BM95: ='2023년 실적'!BN95 -> 447516 | BP95: =BO95/BN95-1 -> #DIV/0! | BQ95: =BO95/BM95-1 -> -1 | BR95: ='2023년 실적'!BS95 -> 340569 | BU95: =BT95/BS95-1 -> #DIV/0! | BV95: =BT95/BR95-1 -> -1
D96: sell-in | F96: 5704093 | G96: 5704093 | H96: =H97 -> 8005324.9 | I96: =H96/G96-1 -> 0.4034352 | J96: =O96+T96+Y96+AD96+AI96+AN96+AS96+AX96+BC96+BH96+BM96+BR96 -> 5827355 | K96: =P96+U96+Z96+AE96+AJ96+AO96+AT96+AY96+BD96+BI96+BN96+BS96 -> 1901221.8 | L96: =Q96+V96+AA96+AF96+AK96+AP96+AU96+AZ96+BE96+BJ96+BO96+BT96 -> 738286 | M96: =L96/K96-1 -> -0.61167814 | N96: =L96/J96-1 -> -0.87330684 | O96: ='2023년 실적'!P96 -> 660352 | P96: =P97 -> 567001 | Q96: 341246 | R96: =Q96/P96-1 -> -0.39815626 | S96: =Q96/O96-1 -> -0.48323621 | T96: ='2023년 실적'!U96 -> 384987 | U96: =U97 -> 667110.41 | V96: 397040 | W96: =V96/U96-1 -> -0.40483615 | X96: =V96/T96-1 -> 0.031307551 | Y96: ='2023년 실적'!Z96 -> 450197 | Z96: =Z97 -> 667110.41 | AB96: =AA96/Z96-1 -> -1 | AC96: =AA96/Y96-1 -> -1 | AD96: ='2023년 실적'!AE96 -> 476422 | AG96: =AF96/AE96-1 -> #DIV/0! | AH96: =AF96/AD96-1 -> -1 | AI96: ='2023년 실적'!AJ96 -> 570143 | AL96: =AK96/AJ96-1 -> #DIV/0! | AM96: =AK96/AI96-1 -> -1 | AN96: ='2023년 실적'!AO96 -> 401556 | AQ96: =AP96/AO96-1 -> #DIV/0! | AR96: =AP96/AN96-1 -> -1 | AS96: ='2023년 실적'!AT96 -> 334659 | AV96: =AU96/AT96-1 -> #DIV/0! | AW96: =AU96/AS96-1 -> -1 | AX96: ='2023년 실적'!AY96 -> 415213 | BA96: =AZ96/AY96-1 -> #DIV/0! | BB96: =AZ96/AX96-1 -> -1 | BC96: ='2023년 실적'!BD96 -> 475682 | BF96: =BE96/BD96-1 -> #DIV/0! | BG96: =BE96/BC96-1 -> -1 | BH96: ='2023년 실적'!BI96 -> 808061 | BK96: =BJ96/BI96-1 -> #DIV/0! | BL96: =BJ96/BH96-1 -> -1 | BM96: ='2023년 실적'!BN96 -> 492353 | BP96: =BO96/BN96-1 -> #DIV/0! | BQ96: =BO96/BM96-1 -> -1 | BR96: ='2023년 실적'!BS96 -> 357730 | BU96: =BT96/BS96-1 -> #DIV/0! | BV96: =BT96/BR96-1 -> -1
D97: IL 합계 | F97: =SUM(F98:F104) -> 7247124.9 | G97: =SUM(G98:G104) -> 7144286 | H97: =SUM(H98:H104) -> 8005324.9 | I97: =H97/G97-1 -> 0.12052133 | J97: =SUM(J98:J104) -> 7144286 | K97: =SUM(K98:K104) -> 7327894 | L97: =SUM(L98:L104) -> 6843324 | M97: =L97/K97-1 -> -0.06612678 | N97: =L97/J97-1 -> -0.042126253 | O97: =SUM(O98:O104) -> 487727 | P97: =SUM(P98:P104) -> 567001 | Q97: =SUM(Q98:Q104) -> 521256 | R97: =Q97/P97-1 -> -0.08067887 | S97: =Q97/O97-1 -> 0.068745425 | T97: =SUM(T98:T104) -> 744060 | U97: =SUM(U98:U104) -> 667110.41 | V97: =SUM(V98:V104) -> 506781 | W97: =V97/U97-1 -> -0.24033414 | X97: =V97/T97-1 -> -0.31889767 | Y97: =SUM(Y98:Y104) -> 576987 | Z97: =SUM(Z98:Z104) -> 667110.41 | AA97: =SUM(AA98:AA104) -> 595429 | AB97: =AA97/Z97-1 -> -0.10745059 | AC97: =AA97/Y97-1 -> 0.031962592 | AD97: =SUM(AD98:AD104) -> 604107 | AE97: =SUM(AE98:AE104) -> 667110.41 | AF97: =SUM(AF98:AF104) -> 574755 | AG97: =AF97/AE97-1 -> -0.13844096 | AH97: =AF97/AD97-1 -> -0.048587419 | AI97: =SUM(AI98:AI104) -> 647714 | AJ97: =SUM(AJ98:AJ104) -> 667110.41 | AK97: =SUM(AK98:AK104) -> 642827 | AL97: =AK97/AJ97-1 -> -0.036400881 | AM97: =AK97/AI97-1 -> -0.0075449967 | AN97: =SUM(AN98:AN104) -> 579654 | AO97: =SUM(AO98:AO104) -> 667110.41 | AP97: =SUM(AP98:AP104) -> 506078 | AQ97: =AP97/AO97-1 -> -0.24138794 | AR97: =AP97/AN97-1 -> -0.12693089 | AS97: =SUM(AS98:AS104) -> 518998 | AT97: =SUM(AT98:AT104) -> 567001 | AU97: =SUM(AU98:AU104) -> 602774 | AV97: =AU97/AT97-1 -> 0.063091599 | AW97: =AU97/AS97-1 -> 0.16141873 | AX97: =SUM(AX98:AX104) -> 542556 | AY97: =SUM(AY98:AY104) -> 571668 | AZ97: =SUM(AZ98:AZ104) -> 554339 | BA97: =AZ97/AY97-1 -> -0.030313049 | BB97: =AZ97/AX97-1 -> 0.021717574 | BC97: =SUM(BC98:BC104) -> 482790 | BD97: =SUM(BD98:BD104) -> 571668 | BE97: =SUM(BE98:BE104) -> 484768 | BF97: =BE97/BD97-1 -> -0.15201131 | BG97: =BE97/BC97-1 -> 0.0040970194 | BH97: =SUM(BH98:BH104) -> 733558 | BI97: =SUM(BI98:BI104) -> 571668 | BJ97: =SUM(BJ98:BJ104) -> 603717 | BK97: =BJ97/BI97-1 -> 0.05606226 | BL97: =BJ97/BH97-1 -> -0.17700168 | BM97: =SUM(BM98:BM104) -> 652822 | BN97: =SUM(BN98:BN104) -> 571668 | BO97: =SUM(BO98:BO104) -> 617592 | BP97: =BO97/BN97-1 -> 0.08033334 | BQ97: =BO97/BM97-1 -> -0.053965706 | BR97: =SUM(BR98:BR104) -> 573313 | BS97: =SUM(BS98:BS104) -> 571668 | BT97: =SUM(BT98:BT104) -> 633008 | BU97: =BT97/BS97-1 -> 0.10730004 | BV97: =BT97/BR97-1 -> 0.10412288
D98: 산업1팀 | F98: 1353342 | G98: ='2023년 실적'!G98 -> 1326210 | H98: =G98*1.12 -> 1485355.2 | I98: =H98/G98-1 -> 0.12 | J98: =O98+T98+Y98+AD98+AI98+AN98+AS98+AX98+BC98+BH98+BM98+BR98 -> 1326210 | K98: =P98+U98+Z98+AE98+AJ98+AO98+AT98+AY98+BD98+BI98+BN98+BS98 -> 1136338 | L98: =Q98+V98+AA98+AF98+AK98+AP98+AU98+AZ98+BE98+BJ98+BO98+BT98 -> 1143380 | M98: =L98/K98-1 -> 0.0061970998 | N98: =L98/J98-1 -> -0.13785901 | O98: 76068 | P98: =ROUND($H30/12*1.12,0) -> 73920 | Q98: 106467 | R98: =Q98/P98-1 -> 0.44030032 | S98: =Q98/O98-1 -> 0.39962928 | T98: 363330 | U98: =$H98/12 -> 123779.6 | V98: 82544 | W98: =V98/U98-1 -> -0.33313729 | X98: =V98/T98-1 -> -0.77281259 | Y98: 105164 | Z98: =$H98/12 -> 123779.6 | AA98: 89636 | AB98: =AA98/Z98-1 -> -0.2758419 | AC98: =AA98/Y98-1 -> -0.14765509 | AD98: 85232 | AE98: =$H98/12 -> 123779.6 | AF98: 94960 | AG98: =AF98/AE98-1 -> -0.23282997 | AH98: =AF98/AD98-1 -> 0.11413554 | AI98: 64334 | AJ98: =$H98/12 -> 123779.6 | AK98: 107330 | AL98: =AK98/AJ98-1 -> -0.13289427 | AM98: =AK98/AI98-1 -> 0.66832468 | AN98: 88553 | AO98: =$H98/12 -> 123779.6 | AP98: 79246 | AQ98: =AP98/AO98-1 -> -0.35978142 | AR98: =AP98/AN98-1 -> -0.1051009 | AS98: ='2023년 실적'!AT98 -> 61108 | AT98: =ROUND($H30/12*1.12,0) -> 73920 | AU98: 139716 | AV98: =AU98/AT98-1 -> 0.8900974 | AW98: =AU98/AS98-1 -> 1.2863782 | AX98: ='2023년 실적'!AY98 -> 62670 | AY98: =ROUND($H30/12*1.12,0) -> 73920 | AZ98: 69464 | BA98: =AZ98/AY98-1 -> -0.060281385 | BB98: =AZ98/AX98-1 -> 0.10840913 | BC98: ='2023년 실적'!BD98 -> 51833 | BD98: =ROUND($H30/12*1.12,0) -> 73920 | BE98: 88899 | BF98: =BE98/BD98-1 -> 0.20263799 | BG98: =BE98/BC98-1 -> 0.71510428 | BH98: ='2023년 실적'!BI98 -> 129938 | BI98: =ROUND($H30/12*1.12,0) -> 73920 | BJ98: 93449 | BK98: =BJ98/BI98-1 -> 0.26419102 | BL98: =BJ98/BH98-1 -> -0.28081854 | BM98: ='2023년 실적'!BN98 -> 155213 | BN98: =ROUND($H30/12*1.12,0) -> 73920 | BO98: 77886 | BP98: =BO98/BN98-1 -> 0.053652597 | BQ98: =BO98/BM98-1 -> -0.49819925 | BR98: ='2023년 실적'!BS98 -> 82767 | BS98: =ROUND($H30/12*1.12,0) -> 73920 | BT98: 113783 | BU98: =BT98/BS98-1 -> 0.53927219 | BV98: =BT98/BR98-1 -> 0.37473872
D99: 산업2팀 | F99: 2591261 | G99: ='2023년 실적'!G99 -> 2250544 | H99: =G99*1.1 -> 2475598.4 | I99: =H99/G99-1 -> 0.1 | J99: =O99+T99+Y99+AD99+AI99+AN99+AS99+AX99+BC99+BH99+BM99+BR99 -> 2250544 | K99: =P99+U99+Z99+AE99+AJ99+AO99+AT99+AY99+BD99+BI99+BN99+BS99 -> 2326408.3 | L99: =Q99+V99+AA99+AF99+AK99+AP99+AU99+AZ99+BE99+BJ99+BO99+BT99 -> 2156128 | M99: =L99/K99-1 -> -0.073194517 | N99: =L99/J99-1 -> -0.041952523 | O99: 158374 | P99: =ROUND($H31/12*1.12,0) -> 184987 | Q99: 133396 | R99: =Q99/P99-1 -> -0.27888987 | S99: =Q99/O99-1 -> -0.15771528 | T99: 165054 | U99: =$H99/12 -> 206299.87 | V99: 166552 | W99: =V99/U99-1 -> -0.19267035 | X99: =V99/T99-1 -> 0.0090758176 | Y99: 183672 | Z99: =$H99/12 -> 206299.87 | AA99: 156562 | AB99: =AA99/Z99-1 -> -0.241095 | AC99: =AA99/Y99-1 -> -0.14760007 | AD99: 209776 | AE99: =$H99/12 -> 206299.87 | AF99: 169571 | AG99: =AF99/AE99-1 -> -0.17803631 | AH99: =AF99/AD99-1 -> -0.19165681 | AI99: 239161 | AJ99: =$H99/12 -> 206299.87 | AK99: 192212 | AL99: =AK99/AJ99-1 -> -0.068288297 | AM99: =AK99/AI99-1 -> -0.19630709 | AN99: 208643 | AO99: =$H99/12 -> 206299.87 | AP99: 181339 | AQ99: =AP99/AO99-1 -> -0.12099313 | AR99: =AP99/AN99-1 -> -0.13086468 | AS99: ='2023년 실적'!AT99 -> 159982 | AT99: =ROUND($H31/12*1.12,0) -> 184987 | AU99: 189474 | AV99: =AU99/AT99-1 -> 0.024255759 | AW99: =AU99/AS99-1 -> 0.18434574 | AX99: ='2023년 실적'!AY99 -> 164230 | AY99: =ROUND($H31/12*1.12,0) -> 184987 | AZ99: 205184 | BA99: =AZ99/AY99-1 -> 0.10918065 | BB99: =AZ99/AX99-1 -> 0.24936979 | BC99: ='2023년 실적'!BD99 -> 144069 | BD99: =ROUND($H31/12*1.12,0) -> 184987 | BE99: 135040 | BF99: =BE99/BD99-1 -> -0.27000276 | BG99: =BE99/BC99-1 -> -0.062671359 | BH99: ='2023년 실적'!BI99 -> 272519 | BI99: =ROUND($H31/12*1.12,0) -> 184987 | BJ99: 215469 | BK99: =BJ99/BI99-1 -> 0.16477915 | BL99: =BJ99/BH99-1 -> -0.2093432 | BM99: ='2023년 실적'!BN99 -> 188466 | BN99: =ROUND($H31/12*1.12,0) -> 184987 | BO99: 201729 | BP99: =BO99/BN99-1 -> 0.090503657 | BQ99: =BO99/BM99-1 -> 0.070373436 | BR99: ='2023년 실적'!BS99 -> 156598 | BS99: =ROUND($H31/12*1.12,0) -> 184987 | BT99: 209600 | BU99: =BT99/BS99-1 -> 0.13305259 | BV99: =BT99/BR99-1 -> 0.33845898
D100: 산업3팀 | F100: 611472 | G100: ='2023년 실적'!G100 -> 646705 | H100: =G100*1.3 -> 840716.5 | I100: =H100/G100-1 -> 0.3 | J100: =O100+T100+Y100+AD100+AI100+AN100+AS100+AX100+BC100+BH100+BM100+BR100 -> 646705 | K100: =P100+U100+Z100+AE100+AJ100+AO100+AT100+AY100+BD100+BI100+BN100+BS100 -> 765818.54 | L100: =Q100+V100+AA100+AF100+AK100+AP100+AU100+AZ100+BE100+BJ100+BO100+BT100 -> 675683 | M100: =L100/K100-1 -> -0.1176983 | N100: =L100/J100-1 -> 0.044808684 | O100: 74738 | P100: =ROUND($H32/12*1.12,0) -> 59360 | Q100: 42097 | R100: =Q100/P100-1 -> -0.29081873 | S100: =Q100/O100-1 -> -0.43673901 | T100: 32744 | U100: =$H100/12 -> 70059.708 | V100: 21151 | W100: =V100/U100-1 -> -0.69810037 | X100: =V100/T100-1 -> -0.3540496 | Y100: 86411 | Z100: =$H100/12 -> 70059.708 | AA100: 137128 | AB100: =AA100/Z100-1 -> 0.9573019 | AC100: =AA100/Y100-1 -> 0.58692759 | AD100: 66876 | AE100: =$H100/12 -> 70059.708 | AF100: 91367 | AG100: =AF100/AE100-1 -> 0.30413046 | AH100: =AF100/AD100-1 -> 0.36621508 | AI100: 51856 | AJ100: =$H100/12 -> 70059.708 | AK100: 96508 | AL100: =AK100/AJ100-1 -> 0.37751073 | AM100: =AK100/AI100-1 -> 0.86107683 | AN100: 36605 | AO100: =$H100/12 -> 70059.708 | AP100: 37311 | AQ100: =AP100/AO100-1 -> -0.46743998 | AR100: =AP100/AN100-1 -> 0.019286983 | AS100: ='2023년 실적'!AT100 -> 39928 | AT100: =ROUND($H32/12*1.12,0) -> 59360 | AU100: 29294 | AV100: =AU100/AT100-1 -> -0.5065027 | AW100: =AU100/AS100-1 -> -0.26632939 | AX100: ='2023년 실적'!AY100 -> 33534 | AY100: =ROUND($H32/12*1.12,0) -> 59360 | AZ100: 45756 | BA100: =AZ100/AY100-1 -> -0.2291779 | BB100: =AZ100/AX100-1 -> 0.36446592 | BC100: ='2023년 실적'!BD100 -> 36838 | BD100: =ROUND($H32/12*1.12,0) -> 59360 | BE100: 25076 | BF100: =BE100/BD100-1 -> -0.57756065 | BG100: =BE100/BC100-1 -> -0.31928986 | BH100: ='2023년 실적'!BI100 -> 34948 | BI100: =ROUND($H32/12*1.12,0) -> 59360 | BJ100: 55291 | BK100: =BJ100/BI100-1 -> -0.068547844 | BL100: =BJ100/BH100-1 -> 0.5820934 | BM100: ='2023년 실적'!BN100 -> 61613 | BN100: =ROUND($H32/12*1.12,0) -> 59360 | BO100: 28137 | BP100: =BO100/BN100-1 -> -0.52599394 | BQ100: =BO100/BM100-1 -> -0.5433269 | BR100: ='2023년 실적'!BS100 -> 90614 | BS100: =ROUND($H32/12*1.12,0) -> 59360 | BT100: 66567 | BU100: =BT100/BS100-1 -> 0.12141173 | BV100: =BT100/BR100-1 -> -0.26537842
D101: 산업4팀 | F101: 366503 | G101: ='2023년 실적'!G101 -> 448798 | H101: =G101*1.12 -> 502653.76 | I101: =H101/G101-1 -> 0.12 | J101: =O101+T101+Y101+AD101+AI101+AN101+AS101+AX101+BC101+BH101+BM101+BR101 -> 448798 | K101: =P101+U101+Z101+AE101+AJ101+AO101+AT101+AY101+BD101+BI101+BN101+BS101 -> 523039.07 | L101: =Q101+V101+AA101+AF101+AK101+AP101+AU101+AZ101+BE101+BJ101+BO101+BT101 -> 377418 | M101: =L101/K101-1 -> -0.27841337 | N101: =L101/J101-1 -> -0.15904705 | O101: 31656 | P101: =ROUND($H33/12*1.12,0) -> 44800 | Q101: 36269 | R101: =Q101/P101-1 -> -0.19042411 | S101: =Q101/O101-1 -> 0.14572277 | T101: 31010 | U101: =$H101/12 -> 41887.813 | V101: 38167 | W101: =V101/U101-1 -> -0.088828063 | X101: =V101/T101-1 -> 0.23079652 | Y101: 45307 | Z101: =$H101/12 -> 41887.813 | AA101: 29231 | AB101: =AA101/Z101-1 -> -0.3021598 | AC101: =AA101/Y101-1 -> -0.35482376 | AD101: 26657 | AE101: =$H101/12 -> 41887.813 | AF101: 34198 | AG101: =AF101/AE101-1 -> -0.18358116 | AH101: =AF101/AD101-1 -> 0.28289005 | AI101: 74601 | AJ101: =$H101/12 -> 41887.813 | AK101: 34057 | AL101: =AK101/AJ101-1 -> -0.18694729 | AM101: =AK101/AI101-1 -> -0.54347797 | AN101: 29149 | AO101: =$H101/12 -> 41887.813 | AP101: 29068 | AQ101: =AP101/AO101-1 -> -0.30605115 | AR101: =AP101/AN101-1 -> -0.002778826 | AS101: ='2023년 실적'!AT101 -> 33566 | AT101: =ROUND($H33/12*1.12,0) -> 44800 | AU101: 34229 | AV101: =AU101/AT101-1 -> -0.23595982 | AW101: =AU101/AS101-1 -> 0.01975213 | AX101: ='2023년 실적'!AY101 -> 33377 | AY101: =ROUND($H33/12*1.12,0) -> 44800 | AZ101: 24254 | BA101: =AZ101/AY101-1 -> -0.45861607 | BB101: =AZ101/AX101-1 -> -0.27333194 | BC101: ='2023년 실적'!BD101 -> 39909 | BD101: =ROUND($H33/12*1.12,0) -> 44800 | BE101: 26328 | BF101: =BE101/BD101-1 -> -0.41232143 | BG101: =BE101/BC101-1 -> -0.34029918 | BH101: ='2023년 실적'!BI101 -> 29119 | BI101: =ROUND($H33/12*1.12,0) -> 44800 | BJ101: 28867 | BK101: =BJ101/BI101-1 -> -0.35564732 | BL101: =BJ101/BH101-1 -> -0.0086541433 | BM101: ='2023년 실적'!BN101 -> 35105 | BN101: =ROUND($H33/12*1.12,0) -> 44800 | BO101: 35031 | BP101: =BO101/BN101-1 -> -0.21805804 | BQ101: =BO101/BM101-1 -> -0.0021079618 | BR101: ='2023년 실적'!BS101 -> 39342 | BS101: =ROUND($H33/12*1.12,0) -> 44800 | BT101: 27719 | BU101: =BT101/BS101-1 -> -0.38127232 | BV101: =BT101/BR101-1 -> -0.2954349
D102: 산업 창원 | F102: 1914925.7 | G102: ='2023년 실적'!G102 -> 1823088 | H102: =G102*1.09 -> 1987165.9 | I102: =H102/G102-1 -> 0.09 | J102: =O102+T102+Y102+AD102+AI102+AN102+AS102+AX102+BC102+BH102+BM102+BR102 -> 1823088 | K102: =P102+U102+Z102+AE102+AJ102+AO102+AT102+AY102+BD102+BI102+BN102+BS102 -> 1875934.8 | L102: =Q102+V102+AA102+AF102+AK102+AP102+AU102+AZ102+BE102+BJ102+BO102+BT102 -> 1865152 | M102: =L102/K102-1 -> -0.005747961 | N102: =L102/J102-1 -> 0.02307294 | O102: 112118 | P102: =ROUND($H34/12*1.12,0) -> 149707 | Q102: 171127 | R102: =Q102/P102-1 -> 0.14307948 | S102: =Q102/O102-1 -> 0.52631156 | T102: 120772 | U102: =$H102/12 -> 165597.16 | V102: 156033 | W102: =V102/U102-1 -> -0.05775558 | X102: =V102/T102-1 -> 0.29196337 | Y102: 124667 | Z102: =$H102/12 -> 165597.16 | AA102: 140166 | AB102: =AA102/Z102-1 -> -0.15357244 | AC102: =AA102/Y102-1 -> 0.1243232 | AD102: 171103 | AE102: =$H102/12 -> 165597.16 | AF102: 142290 | AG102: =AF102/AE102-1 -> -0.14074613 | AH102: =AF102/AD102-1 -> -0.16839564 | AI102: 149552 | AJ102: =$H102/12 -> 165597.16 | AK102: 162618 | AL102: =AK102/AJ102-1 -> -0.017990405 | AM102: =AK102/AI102-1 -> 0.087367605 | AN102: 160153 | AO102: =$H102/12 -> 165597.16 | AP102: 136432 | AQ102: =AP102/AO102-1 -> -0.17612114 | AR102: =AP102/AN102-1 -> -0.14811462 | AS102: ='2023년 실적'!AT102 -> 182333 | AT102: =ROUND($H34/12*1.12,0) -> 149707 | AU102: 147569 | AV102: =AU102/AT102-1 -> -0.014281229 | AW102: =AU102/AS102-1 -> -0.19066214 | AX102: ='2023년 실적'!AY102 -> 161455 | AY102: =ROUND($H34/12*1.12,0) -> 149707 | AZ102: 145563 | BA102: =AZ102/AY102-1 -> -0.027680736 | BB102: =AZ102/AX102-1 -> -0.098429903 | BC102: ='2023년 실적'!BD102 -> 144563 | BD102: =ROUND($H34/12*1.12,0) -> 149707 | BE102: 158945 | BF102: =BE102/BD102-1 -> 0.061707201 | BG102: =BE102/BC102-1 -> 0.099486037 | BH102: ='2023년 실적'!BI102 -> 174863 | BI102: =ROUND($H34/12*1.12,0) -> 149707 | BJ102: 168289 | BK102: =BJ102/BI102-1 -> 0.12412245 | BL102: =BJ102/BH102-1 -> -0.037595146 | BM102: ='2023년 실적'!BN102 -> 160592 | BN102: =ROUND($H34/12*1.12,0) -> 149707 | BO102: 189220 | BP102: =BO102/BN102-1 -> 0.26393555 | BQ102: =BO102/BM102-1 -> 0.17826542 | BR102: ='2023년 실적'!BS102 -> 160917 | BS102: =ROUND($H34/12*1.12,0) -> 149707 | BT102: 146900 | BU102: =BT102/BS102-1 -> -0.018749958 | BV102: =BT102/BR102-1 -> -0.087107018
D103: 산업 부산 | F103: 409621.2 | G103: ='2023년 실적'!G103 -> 648941 | H103: =G103*1.1 -> 713835.1 | I103: =H103/G103-1 -> 0.1 | J103: =O103+T103+Y103+AD103+AI103+AN103+AS103+AX103+BC103+BH103+BM103+BR103 -> 648941 | K103: =P103+U103+Z103+AE103+AJ103+AO103+AT103+AY103+BD103+BI103+BN103+BS103 -> 677020.29 | L103: =Q103+V103+AA103+AF103+AK103+AP103+AU103+AZ103+BE103+BJ103+BO103+BT103 -> 552545 | M103: =L103/K103-1 -> -0.18385755 | N103: =L103/J103-1 -> -0.14854355 | O103: 34773 | P103: =ROUND($H35/12*1.12,0) -> 54227 | Q103: 27316 | R103: =Q103/P103-1 -> -0.4962657 | S103: =Q103/O103-1 -> -0.21444799 | T103: 31150 | U103: =$H103/12 -> 59486.258 | V103: 36258 | W103: =V103/U103-1 -> -0.39048108 | X103: =V103/T103-1 -> 0.16398074 | Y103: 31766 | Z103: =$H103/12 -> 59486.258 | AA103: 39040 | AB103: =AA103/Z103-1 -> -0.34371398 | AC103: =AA103/Y103-1 -> 0.22898697 | AD103: 44463 | AE103: =$H103/12 -> 59486.258 | AF103: 39561 | AG103: =AF103/AE103-1 -> -0.33495565 | AH103: =AF103/AD103-1 -> -0.11024897 | AI103: 68210 | AJ103: =$H103/12 -> 59486.258 | AK103: 42238 | AL103: =AK103/AJ103-1 -> -0.28995366 | AM103: =AK103/AI103-1 -> -0.38076528 | AN103: 56551 | AO103: =$H103/12 -> 59486.258 | AP103: 39215 | AQ103: =AP103/AO103-1 -> -0.34077212 | AR103: =AP103/AN103-1 -> -0.30655514 | AS103: ='2023년 실적'!AT103 -> 42081 | AT103: =ROUND($H35/12*1.12,0) -> 54227 | AU103: 51943 | AV103: =AU103/AT103-1 -> -0.042119239 | AW103: =AU103/AS103-1 -> 0.23435755 | AX103: ='2023년 실적'!AY103 -> 87290 | AY103: =ROUND($H35/12*1.12,0) -> 54227 | AZ103: 59462 | BA103: =AZ103/AY103-1 -> 0.096538625 | BB103: =AZ103/AX103-1 -> -0.3187994 | BC103: ='2023년 실적'!BD103 -> 65578 | BD103: =ROUND($H35/12*1.12,0) -> 54227 | BE103: 41681 | BF103: =BE103/BD103-1 -> -0.23136076 | BG103: =BE103/BC103-1 -> -0.36440575 | BH103: ='2023년 실적'!BI103 -> 92171 | BI103: =ROUND($H35/12*1.12,0) -> 54227 | BJ103: 36941 | BK103: =BJ103/BI103-1 -> -0.31877109 | BL103: =BJ103/BH103-1 -> -0.59921233 | BM103: ='2023년 실적'!BN103 -> 51833 | BN103: =ROUND($H35/12*1.12,0) -> 54227 | BO103: 75579 | BP103: =BO103/BN103-1 -> 0.39375219 | BQ103: =BO103/BM103-1 -> 0.45812513 | BR103: ='2023년 실적'!BS103 -> 43075 | BS103: =ROUND($H35/12*1.12,0) -> 54227 | BT103: 63311 | BU103: =BT103/BS103-1 -> 0.16751803 | BV103: =BT103/BR103-1 -> 0.46978526
D104: 기타(B2C) | J104: =O104+T104+Y104+AD104+AI104+AN104+AS104+AX104+BC104+BH104+BM104+BR104 -> 0 | K104: =P104+U104+Z104+AE104+AJ104+AO104+AT104+AY104+BD104+BI104+BN104+BS104 -> 23335 | L104: =Q104+V104+AA104+AF104+AK104+AP104+AU104+AZ104+BE104+BJ104+BO104+BT104 -> 73018 | M104: =L104/K104-1 -> 2.1291193 | N104: =L104/J104-1 -> #DIV/0! | Q104: 4584 | V104: 6076 | AA104: 3666 | AF104: 2808 | AK104: 7864 | AP104: 3467 | AU104: 10549 | AV104: =AU104/AT104-1 -> #DIV/0! | AW104: =AU104/AS104-1 -> #DIV/0! | AX104: ='2023년 실적'!AY104 -> 0 | AY104: =ROUND($H36/12*1.12,0) -> 4667 | AZ104: 4656 | BA104: =AZ104/AY104-1 -> -0.0023569745 | BB104: =AZ104/AX104-1 -> #DIV/0! | BC104: ='2023년 실적'!BD104 -> 0 | BD104: =ROUND($H36/12*1.12,0) -> 4667 | BE104: 8799 | BF104: =BE104/BD104-1 -> 0.88536533 | BG104: =BE104/BC104-1 -> #DIV/0! | BH104: ='2023년 실적'!BI104 -> 0 | BI104: =ROUND($H36/12*1.12,0) -> 4667 | BJ104: 5411 | BK104: =BJ104/BI104-1 -> 0.15941718 | BL104: =BJ104/BH104-1 -> #DIV/0! | BM104: ='2023년 실적'!BN104 -> 0 | BN104: =ROUND($H36/12*1.12,0) -> 4667 | BO104: 10010 | BP104: =BO104/BN104-1 -> 1.1448468 | BQ104: =BO104/BM104-1 -> #DIV/0! | BR104: ='2023년 실적'!BS104 -> 0 | BS104: =ROUND($H36/12*1.12,0) -> 4667 | BT104: 5128 | BU104: =BT104/BS104-1 -> 0.098778659 | BV104: =BT104/BR104-1 -> #DIV/0!
C105: B2B 합계 | F105: =F97+F94 -> 8010680.9 | G105: =G97+G94 -> 7979682 | H105: =H97+H94 -> 8895324.9 | I105: =H105/G105-1 -> 0.11474679 | J105: =J97+J94 -> 7977290 | K105: =K97+K94 -> 8214405 | L105: =L97+L94 -> 6843324 | M105: =L105/K105-1 -> -0.16691179 | N105: =L105/J105-1 -> -0.14214928 | O105: =O97+O94 -> 537791 | P105: =P97+P94 -> 638201 | Q105: =Q97+Q94 -> 521256 | R105: =Q105/P105-1 -> -0.18324164 | S105: =Q105/O105-1 -> -0.030746145 | T105: =T97+T94 -> 818144 | U105: =U97+U94 -> 738310.41 | V105: =V97+V94 -> 506781 | W105: =V105/U105-1 -> -0.31359358 | X105: =V105/T105-1 -> -0.38057237 | Y105: =Y97+Y94 -> 645059 | Z105: =Z97+Z94 -> 738310.41 | AA105: =AA97+AA94 -> 595429 | AB105: =AA105/Z105-1 -> -0.19352484 | AC105: =AA105/Y105-1 -> -0.076938699 | AD105: =AD97+AD94 -> 688642 | AE105: =AE97+AE94 -> 738310.41 | AF105: =AF97+AF94 -> 574755 | AG105: =AF105/AE105-1 -> -0.22152662 | AH105: =AF105/AD105-1 -> -0.16537911 | AI105: =AI97+AI94 -> 722223 | AJ105: =AJ97+AJ94 -> 735922.41 | AK105: =AK97+AK94 -> 642827 | AL105: =AK105/AJ105-1 -> -0.12650166 | AM105: =AK105/AI105-1 -> -0.1099328 | AN105: =AN97+AN94 -> 633867 | AO105: =AO97+AO94 -> 735765.41 | AP105: =AP97+AP94 -> 506078 | AQ105: =AP105/AO105-1 -> -0.31217478 | AR105: =AP105/AN105-1 -> -0.20160223 | AS105: =AS97+AS94 -> 591577 | AT105: =AT97+AT94 -> 634756 | AU105: =AU97+AU94 -> 602774 | AV105: =AU105/AT105-1 -> -0.050384715 | AW105: =AU105/AS105-1 -> 0.018927375 | AX105: =AX97+AX94 -> 609309 | AY105: =AY97+AY94 -> 644373 | AZ105: =AZ97+AZ94 -> 554339 | BA105: =AZ105/AY105-1 -> -0.13972342 | BB105: =AZ105/AX105-1 -> -0.090216951 | BC105: =BC97+BC94 -> 540551 | BD105: =BD97+BD94 -> 640733 | BE105: =BE97+BE94 -> 484768 | BF105: =BE105/BD105-1 -> -0.24341652 | BG105: =BE105/BC105-1 -> -0.10319655 | BH105: =BH97+BH94 -> 813414 | BI105: =BI97+BI94 -> 660668 | BJ105: =BJ97+BJ94 -> 603717 | BK105: =BJ105/BI105-1 -> -0.086202147 | BL105: =BJ105/BH105-1 -> -0.25779861 | BM105: =BM97+BM94 -> 738846 | BN105: =BN97+BN94 -> 658963 | BO105: =BO97+BO94 -> 617592 | BP105: =BO105/BN105-1 -> -0.062781977 | BQ105: =BO105/BM105-1 -> -0.16411268 | BR105: =BR97+BR94 -> 637867 | BS105: =BS97+BS94 -> 650092 | BT105: =BT97+BT94 -> 633008 | BU105: =BT105/BS105-1 -> -0.026279357 | BV105: =BT105/BR105-1 -> -0.0076175755

Sheet 2025년 계획
B2: 구분 | F2: 2022년 실적 | G2: 2023년 실적 | H2: 2024년 실적 | I2: 2025년 계획 | J2: 증감율 | K2: 누적 | P2: 1월 | U2: 2월 | Z2: 3월 | AE2: 4월 | AJ2: 5월 | AO2: 6월 | AT2: 7월 | AY2: 8월 | BD2: 9월 | BI2: 10월 | BN2: 11월 | BS2: 12월
K3: 2024년 | L3: 목표 | M3: 2025년 | N3: 달성율 | O3: 전년대비 | P3: =K3 -> 2024년 | Q3: =L3 -> 목표 | R3: =M3 -> 2025년 | S3: =N3 -> 달성율 | T3: =O3 -> 전년대비 | U3: =P3 -> 2024년 | V3: =Q3 -> 목표 | W3: =R3 -> 2025년 | ... BC3: =AX3 -> 전년대비 | BD3: =BD8+BD28 -> 1489022 | BE3: =AZ3 -> 목표 | BF3: =BA3 -> 2025년 | BG3: =BB3 -> 달성율 | BH3: =BC3 -> 전년대비 | BI3: =BD3 -> 1489022 | BJ3: =BE3 -> 목표 | BK3: =BF3 -> 2025년 | BL3: =BG3 -> 달성율 | ... BW3: =BR3 -> 전년대비
B4: Auto+IL | D4: 판매량 | F4: =F9+F29 -> 10715193 | G4: =G9+G29 -> 10656512 | H4: =H9+H29 -> 10517294 | I4: =I9+I29 -> 11825000 | J4: =I4/H4-1 -> 0.12433864 | K4: =P4+U4+Z4+AE4+AJ4+AO4+AT4+AY4+BD4+BI4+BN4+BS4 -> 10358279 | L4: =Q4+V4+AA4+AF4+AK4+AP4+AU4+AZ4+BE4+BJ4+BO4+BT4 -> 10824157 | M4: =R4+W4+AB4+AG4+AL4+AQ4+AV4+BA4+BF4+BK4+BP4+BU4 -> 0 | N4: =M4/L4-1 -> -1 | O4: =M4/K4-1 -> -1 | P4: =P9+P29 -> 750995 | Q4: =Q9+Q29 -> 828693 | R4: =R9+R29 -> 0 | S4: =R4/Q4-1 -> -1 | T4: =R4/P4-1 -> -1 | U4: =U9+U29 -> 731815 | V4: =V9+V29 -> 914993 | W4: =W9+W29 -> 0 | X4: =W4/V4-1 -> -1 | Y4: =W4/U4-1 -> -1 | Z4: =Z9+Z29 -> 940726 | AA4: =AA9+AA29 -> 1032593 | AB4: =AB9+AB29 -> 0 | AC4: =AB4/AA4-1 -> -1 | AD4: =AB4/Z4-1 -> -1 | AE4: =AE9+AE29 -> 899518 | AF4: =AF9+AF29 -> 1046593 | AG4: =AG9+AG29 -> 0 | AH4: =AG4/AF4-1 -> -1 | AI4: =AG4/AE4-1 -> -1 | AJ4: =AJ9+AJ29 -> 888999 | AK4: =AK9+AK29 -> 1008193 | AL4: =AL9+AL29 -> 0 | AM4: =AL4/AK4-1 -> -1 | AN4: =AL4/AJ4-1 -> -1 | AO4: =AO9+AO29 -> 810468 | AP4: =AP9+AP29 -> 929793 | AQ4: =AQ9+AQ29 -> 0 | AR4: =AQ4/AP4-1 -> -1 | AS4: =AQ4/AO4-1 -> -1 | AT4: =AT9+AT29 -> 917440 | AU4: =AU9+AU29 -> 935593 | AV4: =AV9+AV29 -> 0 | AW4: =AV4/AU4-1 -> -1 | AX4: =AV4/AT4-1 -> -1 | AY4: =AY9+AY29 -> 839998 | AZ4: =AZ9+AZ29 -> 939293 | BA4: =BA9+BA29 -> 0 | BB4: =BA4/AZ4-1 -> -1 | BC4: =BA4/AY4-1 -> -1 | BD4: =BD7+BD27 -> 603740 | BE4: 0 | BF4: 0 | BG4: =BF4/BE4-1 -> #DIV/0! | BH4: =BF4/BD4-1 -> -1 | BI4: =BI9+BI29 -> 1032921 | BJ4: =BJ9+BJ29 -> 1140793 | BK4: =BK9+BK29 -> 0 | BL4: =BK4/BJ4-1 -> -1 | BM4: =BK4/BI4-1 -> -1 | BN4: =BN9+BN29 -> 970781 | BO4: =BO9+BO29 -> 1029893 | BP4: =BP9+BP29 -> 0 | BQ4: =BP4/BO4-1 -> -1 | BR4: =BP4/BN4-1 -> -1 | BS4: =BS9+BS29 -> 970878 | BT4: =BT9+BT29 -> 1017727 | BU4: =BU9+BU29 -> 0 | BV4: =BU4/BT4-1 -> -1 | BW4: =BU4/BS4-1 -> -1
D5: sell-in | F5: =F8+F28 -> 10804093 | G5: =G8+G28 -> 10654645 | H5: =H8+H28 -> 10465641 | I5: =I8+I28 -> 11825000 | J5: =I5/H5-1 -> 0.12988779 | K5: =P5+U5+Z5+AE5+AJ5+AO5+AT5+AY5+BD5+BI5+BN5+BS5 -> 10297865 | L5: =Q5+V5+AA5+AF5+AK5+AP5+AU5+AZ5+BE5+BJ5+BO5+BT5 -> 10824157 | M5: =R5+W5+AB5+AG5+AL5+AQ5+AV5+BA5+BF5+BK5+BP5+BU5 -> 0 | N5: =M5/L5-1 -> -1 | O5: =M5/K5-1 -> -1 | P5: =P8+P28 -> 810924 | Q5: =Q8+Q28 -> 828693 | R5: =R8+R28 -> 0 | S5: =R5/Q5-1 -> -1 | T5: =R5/P5-1 -> -1 | U5: =U8+U28 -> 717398 | V5: =V8+V28 -> 914993 | W5: =W8+W28 -> 0 | X5: =W5/V5-1 -> -1 | Y5: =W5/U5-1 -> -1 | Z5: =Z8+Z28 -> 901216 | AA5: =AA8+AA28 -> 1032593 | AB5: =AB8+AB28 -> 0 | AC5: =AB5/AA5-1 -> -1 | AD5: =AB5/Z5-1 -> -1 | AE5: =AE8+AE28 -> 919685 | AF5: =AF8+AF28 -> 1046593 | AG5: =AG8+AG28 -> 0 | AH5: =AG5/AF5-1 -> -1 | AI5: =AG5/AE5-1 -> -1 | AJ5: =AJ8+AJ28 -> 932411 | AK5: =AK8+AK28 -> 1008193 | AL5: =AL8+AL28 -> 0 | AM5: =AL5/AK5-1 -> -1 | AN5: =AL5/AJ5-1 -> -1 | AO5: =AO8+AO28 -> 696966 | AP5: =AP8+AP28 -> 929793 | AQ5: =AQ8+AQ28 -> 0 | AR5: =AQ5/AP5-1 -> -1 | AS5: =AQ5/AO5-1 -> -1 | AT5: =AT8+AT28 -> 795411 | AU5: =AU8+AU28 -> 935593 | AV5: =AV8+AV28 -> 0 | AW5: =AV5/AU5-1 -> -1 | AX5: =AV5/AT5-1 -> -1 | AY5: =AY8+AY28 -> 800922 | AZ5: =AZ8+AZ28 -> 939293 | BA5: =BA8+BA28 -> 0 | BB5: =BA5/AZ5-1 -> -1 | BC5: =BA5/AY5-1 -> -1 | BD5: =BD6+BD26 -> 679378 | BE5: 0 | BF5: 0 | BG5: =BF5/BE5-1 -> #DIV/0! | BH5: =BF5/BD5-1 -> -1 | BI5: =BI8+BI28 -> 1169006 | BJ5: =BJ8+BJ28 -> 1140793 | BK5: =BK8+BK28 -> 0 | BL5: =BK5/BJ5-1 -> -1 | BM5: =BK5/BI5-1 -> -1 | BN5: =BN8+BN28 -> 924616 | BO5: =BO8+BO28 -> 1029893 | BP5: =BP8+BP28 -> 0 | BQ5: =BP5/BO5-1 -> -1 | BR5: =BP5/BN5-1 -> -1 | BS5: =BS8+BS28 -> 949932 | BT5: =BT8+BT28 -> 1017727 | BU5: =BU8+BU28 -> 0 | BV5: =BU5/BT5-1 -> -1 | BW5: =BU5/BS5-1 -> -1
D6: 재고 | F6: =F7+F27 -> 664657 | G6: =G7+G27 -> 703108 | H6: =H7+H27 -> 571814 | I6: =I7+I27 -> 492708 | J6: =I6/H6-1 -> -0.13834219 | K6: =K7+K27 -> 703108 | L6: =L7+L27 -> 508863.5 | M6: =M7+M27 -> 0 | N6: =M6/L6-1 -> -1 | O6: =M6/K6-1 -> -1 | P6: =P7+P27 -> 599204 | Q6: =Q7+Q27 -> 414346.5 | R6: =R7+R27 -> 0 | S6: =R6/Q6-1 -> -1 | T6: =R6/P6-1 -> -1 | U6: =U7+U27 -> 530302 | V6: =V7+V27 -> 457496.5 | W6: =W7+W27 -> 0 | X6: =W6/V6-1 -> -1 | Y6: =W6/U6-1 -> -1 | Z6: =Z7+Z27 -> 617089 | AA6: =AA7+AA27 -> 516296.5 | AB6: =AB7+AB27 -> 0 | AC6: =AB6/AA6-1 -> -1 | AD6: =AB6/Z6-1 -> -1 | AE6: =AE7+AE27 -> 725498 | AF6: =AF7+AF27 -> 523296.5 | AG6: =AG7+AG27 -> 0 | AH6: =AG6/AF6-1 -> -1 | AI6: =AG6/AE6-1 -> -1 | AJ6: =AJ7+AJ27 -> 795245 | AK6: =AK7+AK27 -> 504096.5 | AL6: =AL7+AL27 -> 0 | AM6: =AL6/AK6-1 -> -1 | AN6: =AL6/AJ6-1 -> -1 | AO6: =AO7+AO27 -> 688789 | AP6: =AP7+AP27 -> 464896.5 | AQ6: =AQ7+AQ27 -> 0 | AR6: =AQ6/AP6-1 -> -1 | AS6: =AQ6/AO6-1 -> -1 | AT6: =AT7+AT27 -> 604271 | AU6: =AU7+AU27 -> 467796.5 | AV6: =AV7+AV27 -> 0 | AW6: =AV6/AU6-1 -> -1 | AX6: =AV6/AT6-1 -> -1 | AY6: =AY7+AY27 -> 558098 | AZ6: =AZ7+AZ27 -> 469646.5 | BA6: =BA7+BA27 -> 0 | BB6: =BA6/AZ6-1 -> -1 | BC6: =BA6/AY6-1 -> -1 | BD6: ='2023년 실적'!BD6 -> 616909 | BE6: 0 | BF6: 0 | BG6: =BF6/BE6-1 -> #DIV/0! | BH6: =BF6/BD6-1 -> -1 | BI6: =BI7+BI27 -> 765577 | BJ6: =BJ7+BJ27 -> 570396.5 | BK6: =BK7+BK27 -> 0 | BL6: =BK6/BJ6-1 -> -1 | BM6: =BK6/BI6-1 -> -1 | BN6: =BN7+BN27 -> 702555 | BO6: =BO7+BO27 -> 514946.5 | BP6: =BP7+BP27 -> 0 | BQ6: =BP6/BO6-1 -> -1 | BR6: =BP6/BN6-1 -> -1 | BS6: =BS7+BS27 -> 703108 | BT6: =BT7+BT27 -> 508863.5 | BU6: =BU7+BU27 -> 0 | BV6: =BU6/BT6-1 -> -1 | BW6: =BU6/BS6-1 -> -1
B7: B2C | C7: Auto | D7: 재고 | F7: 305936 | G7: =BS7 -> 343119 | H7: =ROUND(H8/24,0) -> 211825 | I7: =ROUND(I8/24,0) -> 237500 | J7: =I7/H7-1 -> 0.12120854 | K7: =BS7 -> 343119 | L7: =BT7 -> 256500 | M7: =BU7 -> 0 | N7: =M7/L7-1 -> -1 | O7: =M7/K7-1 -> -1 | P7: ='2023년 실적'!P7 -> 269436 | Q7: =ROUND(Q9/2,2) -> 199500 | S7: =R7/Q7-1 -> -1 | T7: =R7/P7-1 -> -1 | U7: ='2023년 실적'!U7 -> 252179 | V7: =ROUND(V9/2,2) -> 228000 | X7: =W7/V7-1 -> -1 | Y7: =W7/U7-1 -> -1 | Z7: ='2023년 실적'!Z7 -> 275989 | AA7: =ROUND(AA9/2,2) -> 256500 | AC7: =AB7/AA7-1 -> -1 | AD7: =AB7/Z7-1 -> -1 | AE7: ='2023년 실적'!AE7 -> 394563 | AF7: =ROUND(AF9/2,2) -> 228000 | AH7: =AG7/AF7-1 -> -1 | AI7: =AG7/AE7-1 -> -1 | AJ7: ='2023년 실적'!AJ7 -> 389318 | AK7: =ROUND(AK9/2,2) -> 228000 | AM7: =AL7/AK7-1 -> -1 | AN7: =AL7/AJ7-1 -> -1 | AO7: ='2023년 실적'!AO7 -> 269436 | AP7: =ROUND(AP9/2,2) -> 228000 | AR7: =AQ7/AP7-1 -> -1 | AS7: =AQ7/AO7-1 -> -1 | AT7: ='2023년 실적'!AT7 -> 312564 | AU7: =ROUND(AU9/2,2) -> 228000 | AW7: =AV7/AU7-1 -> -1 | AX7: =AV7/AT7-1 -> -1 | AY7: ='2023년 실적'!AY7 -> 280926 | AZ7: =ROUND(AZ9/2,2) -> 228000 | BB7: =BA7/AZ7-1 -> -1 | BC7: =BA7/AY7-1 -> -1 | BD7: ='2023년 실적'!BD7 -> 288915 | BE7: 0 | BG7: =BF7/BE7-1 -> #DIV/0! | BH7: =BF7/BD7-1 -> -1 | BI7: ='2023년 실적'!BI7 -> 381965 | BJ7: =ROUND(BJ9/2,2) -> 270750 | BL7: =BK7/BJ7-1 -> -1 | BM7: =BK7/BI7-1 -> -1 | BN7: ='2023년 실적'!BN7 -> 327586 | BO7: =ROUND(BO9/2,2) -> 270750 | BQ7: =BP7/BO7-1 -> -1 | BR7: =BP7/BN7-1 -> -1 | BS7: ='2023년 실적'!BS7 -> 343119 | BT7: =ROUND(BT9/2,2) -> 256500 | BV7: =BU7/BT7-1 -> -1 | BW7: =BU7/BS7-1 -> -1 | BZ7: 309009
D8: sell-in | F8: ='2023년 실적'!J8 -> 5100000 | G8: ='2023년 실적'!K8 -> 4950552 | H8: =H9 -> 5083802 | I8: =I9 -> 5700000 | J8: =I8/H8-1 -> 0.1212081 | K8: =P8+U8+Z8+AE8+AJ8+AO8+AT8+AY8+BD8+BI8+BN8+BS8 -> 5320027 | L8: =Q8+V8+AA8+AF8+AK8+AP8+AU8+AZ8+BE8+BJ8+BO8+BT8 -> 5244000 | M8: =R8+W8+AB8+AG8+AL8+AQ8+AV8+BA8+BF8+BK8+BP8+BU8 -> 0 | N8: =M8/L8-1 -> -1 | O8: =M8/K8-1 -> -1 | P8: ='2023년 실적'!P8 -> 469678 | Q8: =Q9 -> 399000 | S8: =R8/Q8-1 -> -1 | T8: =R8/P8-1 -> -1 | U8: ='2023년 실적'!U8 -> 320358 | V8: =V9 -> 456000 | X8: =W8/V8-1 -> -1 | Y8: =W8/U8-1 -> -1 | Z8: ='2023년 실적'!Z8 -> 432930 | AA8: =AA9 -> 513000 | AC8: =AB8/AA8-1 -> -1 | AD8: =AB8/Z8-1 -> -1 | AE8: ='2023년 실적'!AE8 -> 472323 | AF8: =AF9 -> 456000 | AH8: =AG8/AF8-1 -> -1 | AI8: =AG8/AE8-1 -> -1 | AJ8: ='2023년 실적'!AJ8 -> 381307 | AK8: =AK9 -> 456000 | AM8: =AL8/AK8-1 -> -1 | AN8: =AL8/AJ8-1 -> -1 | AO8: ='2023년 실적'!AO8 -> 280280 | AP8: =AP9 -> 456000 | AR8: =AQ8/AP8-1 -> -1 | AS8: =AQ8/AO8-1 -> -1 | AT8: ='2023년 실적'!AT8 -> 395242 | AU8: =AU9 -> 456000 | AW8: =AV8/AU8-1 -> -1 | AX8: =AV8/AT8-1 -> -1 | AY8: ='2023년 실적'!AY8 -> 360002 | AZ8: =AZ9 -> 456000 | BB8: =BA8/AZ8-1 -> -1 | BC8: =BA8/AY8-1 -> -1 | BD8: =BD9+BD25 -> 740331 | BE8: 0 | BG8: =BF8/BE8-1 -> #DIV/0! | BH8: =BF8/BD8-1 -> -1 | BI8: ='2023년 실적'!BI8 -> 611306 | BJ8: =BJ9 -> 541500 | BL8: =BK8/BJ8-1 -> -1 | BM8: =BK8/BI8-1 -> -1 | BN8: ='2023년 실적'!BN8 -> 423746 | BO8: =BO9 -> 541500 | BQ8: =BP8/BO8-1 -> -1 | BR8: =BP8/BN8-1 -> -1 | BS8: ='2023년 실적'!BS8 -> 432524 | BT8: =BT9 -> 513000 | BV8: =BU8/BT8-1 -> -1 | BW8: =BU8/BS8-1 -> -1
D9: AUTO 합계 | F9: =F10+F26 -> 4648868 | G9: =G10+G26 -> 4859570 | H9: =H10+H26 -> 5083802 | I9: =I10+I26 -> 5700000 | J9: =I9/H9-1 -> 0.1212081 | K9: =K10+K26 -> 5653302 | L9: =L10+L26 -> 5700000 | M9: =M10+M26 -> 0 | N9: =M9/L9-1 -> -1 | O9: =M9/K9-1 -> -1 | P9: =P10+P26 -> 328580 | Q9: =Q10+Q26 -> 399000 | R9: =R10+R26 -> 0 | S9: =R9/Q9-1 -> -1 | T9: =R9/P9-1 -> -1 | U9: =U10+U26 -> 346389 | V9: =V10+V26 -> 456000 | W9: =W10+W26 -> 0 | X9: =W9/V9-1 -> -1 | Y9: =W9/U9-1 -> -1 | Z9: =Z10+Z26 -> 464840 | AA9: =AA10+AA26 -> 513000 | AB9: =AB10+AB26 -> 0 | AC9: =AB9/AA9-1 -> -1 | AD9: =AB9/Z9-1 -> -1 | AE9: =AE10+AE26 -> 455471 | AF9: =AF10+AF26 -> 456000 | AG9: =AG10+AG26 -> 0 | AH9: =AG9/AF9-1 -> -1 | AI9: =AG9/AE9-1 -> -1 | AJ9: =AJ10+AJ26 -> 396406 | AK9: =AK10+AK26 -> 456000 | AL9: =AL10+AL26 -> 0 | AM9: =AL9/AK9-1 -> -1 | AN9: =AL9/AJ9-1 -> -1 | AO9: =AO10+AO26 -> 408513 | AP9: =AP10+AP26 -> 456000 | AQ9: =AQ10+AQ26 -> 0 | AR9: =AQ9/AP9-1 -> -1 | AS9: =AQ9/AO9-1 -> -1 | AT9: =AT10+AT26 -> 432986 | AU9: =AU10+AU26 -> 456000 | AV9: =AV10+AV26 -> 0 | AW9: =AV9/AU9-1 -> -1 | AX9: =AV9/AT9-1 -> -1 | AY9: =AY10+AY26 -> 415086 | AZ9: =AZ10+AZ26 -> 456000 | BA9: =BA10+BA26 -> 0 | BB9: =BA9/AZ9-1 -> -1 | BC9: =BA9/AY9-1 -> -1 | BD9: =BD14+BD19+BD22+BD23+BD24 -> 699787 | BE9: 0 | BF9: 0 | BG9: =BF9/BE9-1 -> #DIV/0! | BH9: =BF9/BD9-1 -> -1 | BI9: =BI10+BI26 -> 543703 | BJ9: =BJ10+BJ26 -> 541500 | BK9: =BK10+BK26 -> 0 | BL9: =BK9/BJ9-1 -> -1 | BM9: =BK9/BI9-1 -> -1 | BN9: =BN10+BN26 -> 469271 | BO9: =BO10+BO26 -> 541500 | BP9: =BP10+BP26 -> 0 | BQ9: =BP9/BO9-1 -> -1 | BR9: =BP9/BN9-1 -> -1 | BS9: =BS10+BS26 -> 438547 | BT9: =BT10+BT26 -> 513000 | BU9: =BU10+BU26 -> 0 | BV9: =BU9/BT9-1 -> -1 | BW9: =BU9/BS9-1 -> -1
D10: B2C 소계 | F10: =F15+F20+F23+F24+F25 -> 3885312 | G10: =G15+G20+G23+G24+G25 -> 4024174 | H10: =H15+H20+H23+H24+H25 -> 4179787 | I10: =I15+I20+I23+I24+I25 -> 4700000 | J10: =I10/H10-1 -> 0.12445921 | K10: =K15+K20+K23+K24+K25 -> 4749287 | L10: =L15+L20+L23+L24+L25 -> 4700000 | M10: =M15+M20+M23+M24+M25 -> 0 | N10: =M10/L10-1 -> -1 | O10: =M10/K10-1 -> -1 | P10: =P15+P20+P23+P24+P25 -> 274687 | Q10: =Q15+Q20+Q23+Q24+Q25 -> 329000 | R10: =R15+R20+R23+R24+R25 -> 0 | S10: =R10/Q10-1 -> -1 | T10: =R10/P10-1 -> -1 | U10: =U15+U20+U23+U24+U25 -> 268242 | V10: =V15+V20+V23+V24+V25 -> 376000 | W10: =W15+W20+W23+W24+W25 -> 0 | X10: =W10/V10-1 -> -1 | Y10: =W10/U10-1 -> -1 | Z10: =Z15+Z20+Z23+Z24+Z25 -> 393184 | AA10: =AA15+AA20+AA23+AA24+AA25 -> 423000 | AB10: =AB15+AB20+AB23+AB24+AB25 -> 0 | AC10: =AB10/AA10-1 -> -1 | AD10: =AB10/Z10-1 -> -1 | AE10: =AE15+AE20+AE23+AE24+AE25 -> 372658 | AF10: =AF15+AF20+AF23+AF24+AF25 -> 376000 | AG10: =AG15+AG20+AG23+AG24+AG25 -> 0 | AH10: =AG10/AF10-1 -> -1 | AI10: =AG10/AE10-1 -> -1 | AJ10: =AJ15+AJ20+AJ23+AJ24+AJ25 -> 317789 | AK10: =AK15+AK20+AK23+AK24+AK25 -> 376000 | AL10: =AL15+AL20+AL23+AL24+AL25 -> 0 | AM10: =AL10/AK10-1 -> -1 | AN10: =AL10/AJ10-1 -> -1 | AO10: =AO15+AO20+AO23+AO24+AO25 -> 341134 | AP10: =AP15+AP20+AP23+AP24+AP25 -> 376000 | AQ10: =AQ15+AQ20+AQ23+AQ24+AQ25 -> 0 | AR10: =AQ10/AP10-1 -> -1 | AS10: =AQ10/AO10-1 -> -1 | AT10: =AT15+AT20+AT23+AT24+AT25 -> 349793 | AU10: =AU15+AU20+AU23+AU24+AU25 -> 376000 | AV10: =AV15+AV20+AV23+AV24+AV25 -> 0 | AW10: =AV10/AU10-1 -> -1 | AX10: =AV10/AT10-1 -> -1 | AY10: =AY15+AY20+AY23+AY24+AY25 -> 333757 | AZ10: =AZ15+AZ20+AZ23+AZ24+AZ25 -> 376000 | BA10: =BA15+BA20+BA23+BA24+BA25 -> 0 | BB10: =BA10/AZ10-1 -> -1 | BC10: =BA10/AY10-1 -> -1 | BD10: =BD11+BD12+BD15+BD16+BD17+BD20+BD23 -> 585636 | BE10: 0 | BF10: 0 | BG10: =BF10/BE10-1 -> #DIV/0! | BH10: =BF10/BD10-1 -> -1 | BI10: =BI15+BI20+BI23+BI24+BI25 -> 457529 | BJ10: =BJ15+BJ20+BJ23+BJ24+BJ25 -> 446500 | BK10: =BK15+BK20+BK23+BK24+BK25 -> 0 | BL10: =BK10/BJ10-1 -> -1 | BM10: =BK10/BI10-1 -> -1 | BN10: =BN15+BN20+BN23+BN24+BN25 -> 381403 | BO10: =BO15+BO20+BO23+BO24+BO25 -> 446500 | BP10: =BP15+BP20+BP23+BP24+BP25 -> 0 | BQ10: =BP10/BO10-1 -> -1 | BR10: =BP10/BN10-1 -> -1 | BS10: =BS15+BS20+BS23+BS24+BS25 -> 368070 | BT10: =BT15+BT20+BT23+BT24+BT25 -> 423000 | BU10: =BU15+BU20+BU23+BU24+BU25 -> 0 | BV10: =BU10/BT10-1 -> -1 | BW10: =BU10/BS10-1 -> -1
D11: B2C 팀 소계 | F11: =F12+F13+F16+F17+F18+F21+F24 -> 2319785 | G11: =G12+G13+G16+G17+G18+G21+G24 -> 2526417 | H11: =H12+H13+H16+H17+H18+H21+H24 -> 2758457 | I11: =I12+I13+I16+I17+I18+I21+I24 -> 3150000 | J11: =I11/H11-1 -> 0.14194276 | K11: =K12+K13+K16+K17+K18+K21+K24 -> 2758457 | L11: =L12+L13+L16+L17+L18+L21+L24 -> 3150000 | M11: =M12+M13+M16+M17+M18+M21+M24 -> 0 | N11: =M11/L11-1 -> -1 | O11: =M11/K11-1 -> -1 | P11: =P12+P13+P16+P17+P18+P21+P24 -> 196934 | Q11: =Q12+Q13+Q16+Q17+Q18+Q21+Q24 -> 220500 | R11: =R12+R13+R16+R17+R18+R21+R24 -> 0 | S11: =R11/Q11-1 -> -1 | T11: =R11/P11-1 -> -1 | U11: =U12+U13+U16+U17+U18+U21+U24 -> 175693 | V11: =V12+V13+V16+V17+V18+V21+V24 -> 252000 | W11: =W12+W13+W16+W17+W18+W21+W24 -> 0 | X11: =W11/V11-1 -> -1 | Y11: =W11/U11-1 -> -1 | Z11: =Z12+Z13+Z16+Z17+Z18+Z21+Z24 -> 279353 | AA11: =AA12+AA13+AA16+AA17+AA18+AA21+AA24 -> 283500 | AB11: =AB12+AB13+AB16+AB17+AB18+AB21+AB24 -> 0 | AC11: =AB11/AA11-1 -> -1 | AD11: =AB11/Z11-1 -> -1 | AE11: =AE12+AE13+AE16+AE17+AE18+AE21+AE24 -> 238174 | AF11: =AF12+AF13+AF16+AF17+AF18+AF21+AF24 -> 252000 | AG11: =AG12+AG13+AG16+AG17+AG18+AG21+AG24 -> 0 | AH11: =AG11/AF11-1 -> -1 | AI11: =AG11/AE11-1 -> -1 | AJ11: =AJ12+AJ13+AJ16+AJ17+AJ18+AJ21+AJ24 -> 202277 | AK11: =AK12+AK13+AK16+AK17+AK18+AK21+AK24 -> 252000 | AL11: =AL12+AL13+AL16+AL17+AL18+AL21+AL24 -> 0 | AM11: =AL11/AK11-1 -> -1 | AN11: =AL11/AJ11-1 -> -1 | AO11: =AO12+AO13+AO16+AO17+AO18+AO21+AO24 -> 220110 | AP11: =AP12+AP13+AP16+AP17+AP18+AP21+AP24 -> 252000 | AQ11: =AQ12+AQ13+AQ16+AQ17+AQ18+AQ21+AQ24 -> 0 | AR11: =AQ11/AP11-1 -> -1 | AS11: =AQ11/AO11-1 -> -1 | AT11: =AT12+AT13+AT16+AT17+AT18+AT21+AT24 -> 213751 | AU11: =AU12+AU13+AU16+AU17+AU18+AU21+AU24 -> 252000 | AV11: =AV12+AV13+AV16+AV17+AV18+AV21+AV24 -> 0 | AW11: =AV11/AU11-1 -> -1 | AX11: =AV11/AT11-1 -> -1 | AY11: =AY12+AY13+AY16+AY17+AY18+AY21+AY24 -> 221691 | AZ11: =AZ12+AZ13+AZ16+AZ17+AZ18+AZ21+AZ24 -> 252000 | BA11: =BA12+BA13+BA16+BA17+BA18+BA21+BA24 -> 0 | BB11: =BA11/AZ11-1 -> -1 | BC11: =BA11/AY11-1 -> -1 | BD11: ='2024년 실적'!BE11 -> 212618 | BE11: 0 | BF11: 0 | BG11: =BF11/BE11-1 -> #DIV/0! | BH11: =BF11/BD11-1 -> -1 | BI11: =BI12+BI13+BI16+BI17+BI18+BI21+BI24 -> 323624 | BJ11: =BJ12+BJ13+BJ16+BJ17+BJ18+BJ21+BJ24 -> 299250 | BK11: =BK12+BK13+BK16+BK17+BK18+BK21+BK24 -> 0 | BL11: =BK11/BJ11-1 -> -1 | BM11: =BK11/BI11-1 -> -1 | BN11: =BN12+BN13+BN16+BN17+BN18+BN21+BN24 -> 238215 | BO11: =BO12+BO13+BO16+BO17+BO18+BO21+BO24 -> 299250 | BP11: =BP12+BP13+BP16+BP17+BP18+BP21+BP24 -> 0 | BQ11: =BP11/BO11-1 -> -1 | BR11: =BP11/BN11-1 -> -1 | BS11: =BS12+BS13+BS16+BS17+BS18+BS21+BS24 -> 236017 | BT11: =BT12+BT13+BT16+BT17+BT18+BT21+BT24 -> 283500 | BU11: =BU12+BU13+BU16+BU17+BU18+BU21+BU24 -> 0 | BV11: =BU11/BT11-1 -> -1 | BW11: =BU11/BS11-1 -> -1
D12: 동부지사 | E12: 맥심팀 | F12: ='2023년 실적'!F12 -> 274504 | G12: ='2023년 실적'!G12 -> 321951 | H12: ='2024년 실적'!L12 -> 326920 | I12: =L12 -> 380000 | J12: =I12/H12-1 -> 0.16236388 | K12: =P12+U12+Z12+AE12+AJ12+AO12+AT12+AY12+BD12+BI12+BN12+BS12 -> 326920 | L12: =Q12+V12+AA12+AF12+AK12+AP12+AU12+AZ12+BE12+BJ12+BO12+BT12 -> 380000 | M12: =R12+W12+AB12+AG12+AL12+AQ12+AV12+BA12+BF12+BK12+BP12+BU12 -> 0 | N12: =M12/L12-1 -> -1 | O12: =M12/K12-1 -> -1 | P12: ='2024년 실적'!Q12 -> 25459 | Q12: 26600 | S12: =R12/Q12-1 -> -1 | T12: =R12/P12-1 -> -1 | U12: ='2024년 실적'!V12 -> 23473 | V12: 30400 | X12: =W12/V12-1 -> -1 | Y12: =W12/U12-1 -> -1 | Z12: ='2024년 실적'!AA12 -> 29112 | AA12: 34200 | AC12: =AB12/AA12-1 -> -1 | AD12: =AB12/Z12-1 -> -1 | AE12: ='2024년 실적'!AF12 -> 26275 | AF12: 30400 | AH12: =AG12/AF12-1 -> -1 | AI12: =AG12/AE12-1 -> -1 | AJ12: ='2024년 실적'!AK12 -> 25884 | AK12: 30400 | AM12: =AL12/AK12-1 -> -1 | AN12: =AL12/AJ12-1 -> -1 | AO12: ='2024년 실적'!AP12 -> 25094 | AP12: 30400 | AR12: =AQ12/AP12-1 -> -1 | AS12: =AQ12/AO12-1 -> -1 | AT12: ='2024년 실적'!AU12 -> 27682 | AU12: 30400 | AW12: =AV12/AU12-1 -> -1 | AX12: =AV12/AT12-1 -> -1 | AY12: ='2024년 실적'!AZ12 -> 30232 | AZ12: 30400 | BB12: =BA12/AZ12-1 -> -1 | BC12: =BA12/AY12-1 -> -1 | BD12: ='2024년 실적'!BE12 -> 25176 | BE12: 30400 | BG12: =BF12/BE12-1 -> -1 | BH12: =BF12/BD12-1 -> -1 | BI12: ='2024년 실적'!BJ12 -> 28252 | BJ12: 36100 | BL12: =BK12/BJ12-1 -> -1 | BM12: =BK12/BI12-1 -> -1 | BN12: ='2024년 실적'!BO12 -> 31261 | BO12: 36100 | BQ12: =BP12/BO12-1 -> -1 | BR12: =BP12/BN12-1 -> -1 | BS12: ='2024년 실적'!BT12 -> 29020 | BT12: 34200 | BV12: =BU12/BT12-1 -> -1 | BW12: =BU12/BS12-1 -> -1
E13: 솔개팀 | F13: ='2023년 실적'!F13 -> 394629 | G13: ='2023년 실적'!G13 -> 419768 | H13: ='2024년 실적'!L13 -> 408254 | I13: =L13 -> 500000 | J13: =I13/H13-1 -> 0.22472774 | K13: =P13+U13+Z13+AE13+AJ13+AO13+AT13+AY13+BD13+BI13+BN13+BS13 -> 408254 | L13: =Q13+V13+AA13+AF13+AK13+AP13+AU13+AZ13+BE13+BJ13+BO13+BT13 -> 500000 | M13: =R13+W13+AB13+AG13+AL13+AQ13+AV13+BA13+BF13+BK13+BP13+BU13 -> 0 | N13: =M13/L13-1 -> -1 | O13: =M13/K13-1 -> -1 | P13: ='2024년 실적'!Q13 -> 23114 | Q13: 35000 | S13: =R13/Q13-1 -> -1 | T13: =R13/P13-1 -> -1 | U13: ='2024년 실적'!V13 -> 23040 | V13: 40000 | X13: =W13/V13-1 -> -1 | Y13: =W13/U13-1 -> -1 | Z13: ='2024년 실적'!AA13 -> 32253 | AA13: 45000 | AC13: =AB13/AA13-1 -> -1 | AD13: =AB13/Z13-1 -> -1 | AE13: ='2024년 실적'!AF13 -> 38343 | AF13: 40000 | AH13: =AG13/AF13-1 -> -1 | AI13: =AG13/AE13-1 -> -1 | AJ13: ='2024년 실적'!AK13 -> 27107 | AK13: 40000 | AM13: =AL13/AK13-1 -> -1 | AN13: =AL13/AJ13-1 -> -1 | AO13: ='2024년 실적'!AP13 -> 31256 | AP13: 40000 | AR13: =AQ13/AP13-1 -> -1 | AS13: =AQ13/AO13-1 -> -1 | AT13: ='2024년 실적'!AU13 -> 31416 | AU13: 40000 | AW13: =AV13/AU13-1 -> -1 | AX13: =AV13/AT13-1 -> -1 | AY13: ='2024년 실적'!AZ13 -> 30542 | AZ13: 40000 | BB13: =BA13/AZ13-1 -> -1 | BC13: =BA13/AY13-1 -> -1 | BD13: ='2024년 실적'!BE13 -> 32278 | BE13: 40000 | BG13: =BF13/BE13-1 -> -1 | BH13: =BF13/BD13-1 -> -1 | BI13: ='2024년 실적'!BJ13 -> 63542 | BJ13: 47500 | BL13: =BK13/BJ13-1 -> -1 | BM13: =BK13/BI13-1 -> -1 | BN13: ='2024년 실적'!BO13 -> 36878 | BO13: 47500 | BQ13: =BP13/BO13-1 -> -1 | BR13: =BP13/BN13-1 -> -1 | BS13: ='2024년 실적'!BT13 -> 38485 | BT13: 45000 | BV13: =BU13/BT13-1 -> -1 | BW13: =BU13/BS13-1 -> -1
E14: 사무실 | F14: ='2023년 실적'!F14 -> 398047 | G14: ='2023년 실적'!G14 -> 207830 | H14: ='2024년 실적'!L14 -> 182489 | I14: =L14 -> 190000 | J14: =I14/H14-1 -> 0.041158645 | K14: =P14+U14+Z14+AE14+AJ14+AO14+AT14+AY14+BD14+BI14+BN14+BS14 -> 434229 | L14: =Q14+V14+AA14+AF14+AK14+AP14+AU14+AZ14+BE14+BJ14+BO14+BT14 -> 190000 | M14: =R14+W14+AB14+AG14+AL14+AQ14+AV14+BA14+BF14+BK14+BP14+BU14 -> 0 | N14: =M14/L14-1 -> -1 | O14: =M14/K14-1 -> -1 | P14: ='2024년 실적'!Q14 -> 13981 | Q14: 13300 | S14: =R14/Q14-1 -> -1 | T14: =R14/P14-1 -> -1 | U14: ='2024년 실적'!V14 -> 8002 | V14: 15200 | X14: =W14/V14-1 -> -1 | Y14: =W14/U14-1 -> -1 | Z14: ='2024년 실적'!AA14 -> 10718 | AA14: 17100 | AC14: =AB14/AA14-1 -> -1 | AD14: =AB14/Z14-1 -> -1 | AE14: ='2024년 실적'!AF14 -> 12080 | AF14: 15200 | AH14: =AG14/AF14-1 -> -1 | AI14: =AG14/AE14-1 -> -1 | AJ14: ='2024년 실적'!AK14 -> 15112 | AK14: 15200 | AM14: =AL14/AK14-1 -> -1 | AN14: =AL14/AJ14-1 -> -1 | AO14: ='2024년 실적'!AP14 -> 14825 | AP14: 15200 | AR14: =AQ14/AP14-1 -> -1 | AS14: =AQ14/AO14-1 -> -1 | AT14: ='2024년 실적'!AU14 -> 11788 | AU14: 15200 | AW14: =AV14/AU14-1 -> -1 | AX14: =AV14/AT14-1 -> -1 | AY14: ='2024년 실적'!AZ14 -> 21539 | AZ14: 15200 | BB14: =BA14/AZ14-1 -> -1 | BC14: =BA14/AY14-1 -> -1 | BD14: =SUM(BD11:BD13) -> 270072 | BE14: 15200 | BG14: =BF14/BE14-1 -> -1 | BH14: =BF14/BD14-1 -> -1 | BI14: ='2024년 실적'!BJ14 -> 13216 | BJ14: 18050 | BL14: =BK14/BJ14-1 -> -1 | BM14: =BK14/BI14-1 -> -1 | BN14: ='2024년 실적'!BO14 -> 21416 | BO14: 18050 | BQ14: =BP14/BO14-1 -> -1 | BR14: =BP14/BN14-1 -> -1 | BS14: ='2024년 실적'!BT14 -> 21480 | BT14: 17100 | BV14: =BU14/BT14-1 -> -1 | BW14: =BU14/BS14-1 -> -1
E15: 소계 | F15: =SUM(F12:F14) -> 1067180 | G15: =SUM(G12:G14) -> 949549 | H15: =SUM(H12:H14) -> 917663 | I15: =SUM(I12:I14) -> 1070000 | J15: =I15/H15-1 -> 0.16600539 | K15: =SUM(K12:K14) -> 1169403 | L15: =SUM(L12:L14) -> 1070000 | M15: =SUM(M12:M14) -> 0 | N15: =M15/L15-1 -> -1 | O15: =M15/K15-1 -> -1 | P15: =SUM(P12:P14) -> 62554 | Q15: =SUM(Q12:Q14) -> 74900 | R15: =SUM(R12:R14) -> 0 | S15: =R15/Q15-1 -> -1 | T15: =R15/P15-1 -> -1 | U15: =SUM(U12:U14) -> 54515 | V15: =SUM(V12:V14) -> 85600 | W15: =SUM(W12:W14) -> 0 | X15: =W15/V15-1 -> -1 | Y15: =W15/U15-1 -> -1 | Z15: =SUM(Z12:Z14) -> 72083 | AA15: =SUM(AA12:AA14) -> 96300 | AB15: =SUM(AB12:AB14) -> 0 | AC15: =AB15/AA15-1 -> -1 | AD15: =AB15/Z15-1 -> -1 | AE15: =SUM(AE12:AE14) -> 76698 | AF15: =SUM(AF12:AF14) -> 85600 | AG15: =SUM(AG12:AG14) -> 0 | AH15: =AG15/AF15-1 -> -1 | AI15: =AG15/AE15-1 -> -1 | AJ15: =SUM(AJ12:AJ14) -> 68103 | AK15: =SUM(AK12:AK14) -> 85600 | AL15: =SUM(AL12:AL14) -> 0 | AM15: =AL15/AK15-1 -> -1 | AN15: =AL15/AJ15-1 -> -1 | AO15: =SUM(AO12:AO14) -> 71175 | AP15: =SUM(AP12:AP14) -> 85600 | AQ15: =SUM(AQ12:AQ14) -> 0 | AR15: =AQ15/AP15-1 -> -1 | AS15: =AQ15/AO15-1 -> -1 | AT15: =SUM(AT12:AT14) -> 70886 | AU15: =SUM(AU12:AU14) -> 85600 | AV15: =SUM(AV12:AV14) -> 0 | AW15: =AV15/AU15-1 -> -1 | AX15: =AV15/AT15-1 -> -1 | AY15: =SUM(AY12:AY14) -> 82313 | AZ15: =SUM(AZ12:AZ14) -> 85600 | BA15: =SUM(BA12:BA14) -> 0 | BB15: =BA15/AZ15-1 -> -1 | BC15: =BA15/AY15-1 -> -1 | BD15: ='2024년 실적'!BE15 -> 75786 | BE15: =SUM(BE12:BE14) -> 85600 | BF15: 0 | BG15: =BF15/BE15-1 -> -1 | BH15: =BF15/BD15-1 -> -1 | BI15: =SUM(BI12:BI14) -> 105010 | BJ15: =SUM(BJ12:BJ14) -> 101650 | BK15: =SUM(BK12:BK14) -> 0 | BL15: =BK15/BJ15-1 -> -1 | BM15: =BK15/BI15-1 -> -1 | BN15: =SUM(BN12:BN14) -> 89555 | BO15: =SUM(BO12:BO14) -> 101650 | BP15: =SUM(BP12:BP14) -> 0 | BQ15: =BP15/BO15-1 -> -1 | BR15: =BP15/BN15-1 -> -1 | BS15: =SUM(BS12:BS14) -> 88985 | BT15: =SUM(BT12:BT14) -> 96300 | BU15: =SUM(BU12:BU14) -> 0 | BV15: =BU15/BT15-1 -> -1 | BW15: =BU15/BS15-1 -> -1
D16: 서부지사 | E16: 아리안팀 | F16: ='2023년 실적'!F16 -> 255674 | G16: ='2023년 실적'!G16 -> 265892 | H16: ='2024년 실적'!L16 -> 345199 | I16: =L16 -> 390000 | J16: =I16/H16-1 -> 0.12978311 | K16: =P16+U16+Z16+AE16+AJ16+AO16+AT16+AY16+BD16+BI16+BN16+BS16 -> 345199 | L16: =Q16+V16+AA16+AF16+AK16+AP16+AU16+AZ16+BE16+BJ16+BO16+BT16 -> 390000 | M16: =R16+W16+AB16+AG16+AL16+AQ16+AV16+BA16+BF16+BK16+BP16+BU16 -> 0 | N16: =M16/L16-1 -> -1 | O16: =M16/K16-1 -> -1 | P16: ='2024년 실적'!Q16 -> 24956 | Q16: 27300 | S16: =R16/Q16-1 -> -1 | T16: =R16/P16-1 -> -1 | U16: ='2024년 실적'!V16 -> 22654 | V16: 31200 | X16: =W16/V16-1 -> -1 | Y16: =W16/U16-1 -> -1 | Z16: ='2024년 실적'!AA16 -> 28088 | AA16: 35100 | AC16: =AB16/AA16-1 -> -1 | AD16: =AB16/Z16-1 -> -1 | AE16: ='2024년 실적'!AF16 -> 32132 | AF16: 31200 | AH16: =AG16/AF16-1 -> -1 | AI16: =AG16/AE16-1 -> -1 | AJ16: ='2024년 실적'!AK16 -> 27494 | AK16: 31200 | AM16: =AL16/AK16-1 -> -1 | AN16: =AL16/AJ16-1 -> -1 | AO16: ='2024년 실적'!AP16 -> 28060 | AP16: 31200 | AR16: =AQ16/AP16-1 -> -1 | AS16: =AQ16/AO16-1 -> -1 | AT16: ='2024년 실적'!AU16 -> 30993 | AU16: 31200 | AW16: =AV16/AU16-1 -> -1 | AX16: =AV16/AT16-1 -> -1 | AY16: ='2024년 실적'!AZ16 -> 30145 | AZ16: 31200 | BB16: =BA16/AZ16-1 -> -1 | BC16: =BA16/AY16-1 -> -1 | BD16: ='2024년 실적'!BE16 -> 25653 | BE16: 31200 | BG16: =BF16/BE16-1 -> -1 | BH16: =BF16/BD16-1 -> -1 | BI16: ='2024년 실적'!BJ16 -> 32744 | BJ16: 37050 | BL16: =BK16/BJ16-1 -> -1 | BM16: =BK16/BI16-1 -> -1 | BN16: ='2024년 실적'!BO16 -> 30570 | BO16: 37050 | BQ16: =BP16/BO16-1 -> -1 | BR16: =BP16/BN16-1 -> -1 | BS16: ='2024년 실적'!BT16 -> 31710 | BT16: 35100 | BV16: =BU16/BT16-1 -> -1 | BW16: =BU16/BS16-1 -> -1
E17: 미추홀팀 | F17: ='2023년 실적'!F17 -> 583012 | G17: ='2023년 실적'!G17 -> 554782 | H17: ='2024년 실적'!L17 -> 681035 | I17: =L17 -> 750000 | J17: =I17/H17-1 -> 0.10126499 | K17: =P17+U17+Z17+AE17+AJ17+AO17+AT17+AY17+BD17+BI17+BN17+BS17 -> 681035 | L17: =Q17+V17+AA17+AF17+AK17+AP17+AU17+AZ17+BE17+BJ17+BO17+BT17 -> 750000 | M17: =R17+W17+AB17+AG17+AL17+AQ17+AV17+BA17+BF17+BK17+BP17+BU17 -> 0 | N17: =M17/L17-1 -> -1 | O17: =M17/K17-1 -> -1 | P17: ='2024년 실적'!Q17 -> 51458 | Q17: 52500 | S17: =R17/Q17-1 -> -1 | T17: =R17/P17-1 -> -1 | U17: ='2024년 실적'!V17 -> 41572 | V17: 60000 | X17: =W17/V17-1 -> -1 | Y17: =W17/U17-1 -> -1 | Z17: ='2024년 실적'!AA17 -> 111312 | AA17: 67500 | AC17: =AB17/AA17-1 -> -1 | AD17: =AB17/Z17-1 -> -1 | AE17: ='2024년 실적'!AF17 -> 45296 | AF17: 60000 | AH17: =AG17/AF17-1 -> -1 | AI17: =AG17/AE17-1 -> -1 | AJ17: ='2024년 실적'!AK17 -> 45576 | AK17: 60000 | AM17: =AL17/AK17-1 -> -1 | AN17: =AL17/AJ17-1 -> -1 | AO17: ='2024년 실적'!AP17 -> 57196 | AP17: 60000 | AR17: =AQ17/AP17-1 -> -1 | AS17: =AQ17/AO17-1 -> -1 | AT17: ='2024년 실적'!AU17 -> 45164 | AU17: 60000 | AW17: =AV17/AU17-1 -> -1 | AX17: =AV17/AT17-1 -> -1 | AY17: ='2024년 실적'!AZ17 -> 49634 | AZ17: 60000 | BB17: =BA17/AZ17-1 -> -1 | BC17: =BA17/AY17-1 -> -1 | BD17: ='2024년 실적'!BE17 -> 47638 | BE17: 60000 | BG17: =BF17/BE17-1 -> -1 | BH17: =BF17/BD17-1 -> -1 | BI17: ='2024년 실적'!BJ17 -> 80623 | BJ17: 71250 | BL17: =BK17/BJ17-1 -> -1 | BM17: =BK17/BI17-1 -> -1 | BN17: ='2024년 실적'!BO17 -> 51218 | BO17: 71250 | BQ17: =BP17/BO17-1 -> -1 | BR17: =BP17/BN17-1 -> -1 | BS17: ='2024년 실적'!BT17 -> 54348 | BT17: 67500 | BV17: =BU17/BT17-1 -> -1 | BW17: =BU17/BS17-1 -> -1
E18: 랜더스팀 | F18: ='2023년 실적'!F18 -> 255841 | G18: ='2023년 실적'!G18 -> 316827 | H18: ='2024년 실적'!L18 -> 265074 | I18: =L18 -> 300000 | J18: =I18/H18-1 -> 0.13175943 | K18: =P18+U18+Z18+AE18+AJ18+AO18+AT18+AY18+BD18+BI18+BN18+BS18 -> 265074 | L18: =Q18+V18+AA18+AF18+AK18+AP18+AU18+AZ18+BE18+BJ18+BO18+BT18 -> 300000 | M18: =R18+W18+AB18+AG18+AL18+AQ18+AV18+BA18+BF18+BK18+BP18+BU18 -> 0 | N18: =M18/L18-1 -> -1 | O18: =M18/K18-1 -> -1 | P18: ='2024년 실적'!Q18 -> 21467 | Q18: 21000 | S18: =R18/Q18-1 -> -1 | T18: =R18/P18-1 -> -1 | U18: ='2024년 실적'!V18 -> 19730 | V18: 24000 | X18: =W18/V18-1 -> -1 | Y18: =W18/U18-1 -> -1 | Z18: ='2024년 실적'!AA18 -> 20764 | AA18: 27000 | AC18: =AB18/AA18-1 -> -1 | AD18: =AB18/Z18-1 -> -1 | AE18: ='2024년 실적'!AF18 -> 21938 | AF18: 24000 | AH18: =AG18/AF18-1 -> -1 | AI18: =AG18/AE18-1 -> -1 | AJ18: ='2024년 실적'!AK18 -> 22265 | AK18: 24000 | AM18: =AL18/AK18-1 -> -1 | AN18: =AL18/AJ18-1 -> -1 | AO18: ='2024년 실적'!AP18 -> 21398 | AP18: 24000 | AR18: =AQ18/AP18-1 -> -1 | AS18: =AQ18/AO18-1 -> -1 | AT18: ='2024년 실적'!AU18 -> 22294 | AU18: 24000 | AW18: =AV18/AU18-1 -> -1 | AX18: =AV18/AT18-1 -> -1 | AY18: ='2024년 실적'!AZ18 -> 22017 | AZ18: 24000 | BB18: =BA18/AZ18-1 -> -1 | BC18: =BA18/AY18-1 -> -1 | BD18: ='2024년 실적'!BE18 -> 20017 | BE18: 24000 | BG18: =BF18/BE18-1 -> -1 | BH18: =BF18/BD18-1 -> -1 | BI18: ='2024년 실적'!BJ18 -> 24813 | BJ18: 28500 | BL18: =BK18/BJ18-1 -> -1 | BM18: =BK18/BI18-1 -> -1 | BN18: ='2024년 실적'!BO18 -> 25063 | BO18: 28500 | BQ18: =BP18/BO18-1 -> -1 | BR18: =BP18/BN18-1 -> -1 | BS18: ='2024년 실적'!BT18 -> 23308 | BT18: 27000 | BV18: =BU18/BT18-1 -> -1 | BW18: =BU18/BS18-1 -> -1
E19: 사무실 | F19: ='2023년 실적'!F19 -> 621242 | G19: ='2023년 실적'!G19 -> 666952 | H19: ='2024년 실적'!L19 -> 669366 | I19: =L19 -> 698000 | J19: =I19/H19-1 -> 0.042777793 | K19: =P19+U19+Z19+AE19+AJ19+AO19+AT19+AY19+BD19+BI19+BN19+BS19 -> 788465 | L19: =Q19+V19+AA19+AF19+AK19+AP19+AU19+AZ19+BE19+BJ19+BO19+BT19 -> 698000 | M19: =R19+W19+AB19+AG19+AL19+AQ19+AV19+BA19+BF19+BK19+BP19+BU19 -> 0 | N19: =M19/L19-1 -> -1 | O19: =M19/K19-1 -> -1 | P19: ='2024년 실적'!Q19 -> 41822 | Q19: 48860 | S19: =R19/Q19-1 -> -1 | T19: =R19/P19-1 -> -1 | U19: ='2024년 실적'!V19 -> 39970 | V19: 55840 | X19: =W19/V19-1 -> -1 | Y19: =W19/U19-1 -> -1 | Z19: ='2024년 실적'!AA19 -> 54988 | AA19: 62820 | AC19: =AB19/AA19-1 -> -1 | AD19: =AB19/Z19-1 -> -1 | AE19: ='2024년 실적'!AF19 -> 69684 | AF19: 55840 | AH19: =AG19/AF19-1 -> -1 | AI19: =AG19/AE19-1 -> -1 | AJ19: ='2024년 실적'!AK19 -> 54288 | AK19: 55840 | AM19: =AL19/AK19-1 -> -1 | AN19: =AL19/AJ19-1 -> -1 | AO19: ='2024년 실적'!AP19 -> 64667 | AP19: 55840 | AR19: =AQ19/AP19-1 -> -1 | AS19: =AQ19/AO19-1 -> -1 | AT19: ='2024년 실적'!AU19 -> 64020 | AU19: 55840 | AW19: =AV19/AU19-1 -> -1 | AX19: =AV19/AT19-1 -> -1 | AY19: ='2024년 실적'!AZ19 -> 53627 | AZ19: 55840 | BB19: =BA19/AZ19-1 -> -1 | BC19: =BA19/AY19-1 -> -1 | BD19: =SUM(BD15:BD18) -> 169094 | BE19: 55840 | BG19: =BF19/BE19-1 -> -1 | BH19: =BF19/BD19-1 -> -1 | BI19: ='2024년 실적'!BJ19 -> 55062 | BJ19: 66310 | BL19: =BK19/BJ19-1 -> -1 | BM19: =BK19/BI19-1 -> -1 | BN19: ='2024년 실적'!BO19 -> 63034 | BO19: 66310 | BQ19: =BP19/BO19-1 -> -1 | BR19: =BP19/BN19-1 -> -1 | BS19: ='2024년 실적'!BT19 -> 58209 | BT19: 62820 | BV19: =BU19/BT19-1 -> -1 | BW19: =BU19/BS19-1 -> -1
